sample,seconds,register,value
0,0.0,0x14,0x35
3,6.802721088435374e-05,0x60,0x7F
7,0.00015873015873015873,0x70,0x7F
11,0.00024943310657596373,0x68,0x7F
15,0.0003401360544217687,0x78,0x7F
35,0.0007936507936507937,0x61,0x7F
39,0.0008843537414965987,0x71,0x7F
43,0.0009750566893424037,0x69,0x7F
47,0.0010657596371882086,0x79,0x7F
67,0.0015192743764172335,0x62,0x7F
71,0.0016099773242630386,0x72,0x7F
75,0.0017006802721088435,0x6A,0x7F
79,0.0017913832199546486,0x7A,0x7F
99,0.0022448979591836735,0x63,0x7F
103,0.0023356009070294786,0x73,0x7F
107,0.0024263038548752833,0x6B,0x7F
111,0.0025170068027210884,0x7B,0x7F
131,0.0029705215419501135,0x64,0x7F
135,0.003061224489795918,0x74,0x7F
139,0.0031519274376417233,0x6C,0x7F
143,0.0032426303854875284,0x7C,0x7F
163,0.003696145124716553,0x65,0x7F
167,0.0037868480725623582,0x75,0x7F
171,0.0038775510204081634,0x6D,0x7F
175,0.003968253968253968,0x7D,0x7F
195,0.004421768707482994,0x66,0x7F
199,0.004512471655328798,0x76,0x7F
203,0.004603174603174603,0x6E,0x7F
207,0.004693877551020408,0x7E,0x7F
227,0.005147392290249433,0x67,0x7F
231,0.005238095238095238,0x77,0x7F
235,0.005328798185941043,0x6F,0x7F
239,0.005419501133786848,0x7F,0x7F
255,0.005782312925170068,0x0F,0x00
256,0.005804988662131519,0x18,0x00
258,0.005850340136054422,0x19,0x80
259,0.005873015873015873,0x19,0x00
261,0.005918367346938775,0x1B,0x00
262,0.005941043083900227,0x1B,0x40
299,0.006780045351473923,0x98,0x00
300,0.006802721088435374,0xB8,0x00
302,0.0068480725623582765,0xD8,0x00
303,0.006870748299319728,0xF8,0x00
306,0.0069387755102040816,0x38,0x00
307,0.006961451247165533,0x08,0x00
335,0.007596371882086168,0x99,0x00
336,0.007619047619047619,0xB9,0x00
338,0.007664399092970522,0xD9,0x00
339,0.0076870748299319724,0xF9,0x00
342,0.007755102040816327,0x39,0x00
343,0.0077777777777777776,0x08,0x01
371,0.008412698412698413,0x9A,0x00
372,0.008435374149659863,0xBA,0x00
374,0.008480725623582767,0xDA,0x00
375,0.008503401360544218,0xFA,0x00
378,0.008571428571428572,0x3A,0x00
379,0.008594104308390022,0x08,0x02
407,0.009229024943310658,0x9B,0x00
408,0.00925170068027211,0xBB,0x00
410,0.009297052154195011,0xDB,0x00
411,0.009319727891156463,0xFB,0x00
414,0.009387755102040816,0x3B,0x00
415,0.009410430839002268,0x08,0x03
443,0.010045351473922902,0x9C,0x00
444,0.010068027210884354,0xBC,0x00
446,0.010113378684807257,0xDC,0x00
447,0.010136054421768707,0xFC,0x00
450,0.01020408163265306,0x3C,0x00
451,0.010226757369614512,0x08,0x04
479,0.010861678004535148,0x9D,0x00
480,0.010884353741496598,0xBD,0x00
482,0.010929705215419501,0xDD,0x00
483,0.010952380952380953,0xFD,0x00
486,0.011020408163265306,0x3D,0x00
487,0.011043083900226758,0x08,0x05
515,0.011678004535147392,0x9E,0x00
516,0.011700680272108844,0xBE,0x00
518,0.011746031746031746,0xDE,0x00
519,0.011768707482993197,0xFE,0x00
522,0.01183673469387755,0x3E,0x00
523,0.011859410430839002,0x08,0x06
551,0.012494331065759636,0x9F,0x00
552,0.012517006802721088,0xBF,0x00
554,0.012562358276643992,0xDF,0x00
555,0.012585034013605442,0xFF,0x00
558,0.012653061224489797,0x3F,0x00
559,0.012675736961451247,0x08,0x07
616,0.013968253968253968,0x1B,0x00
625,0.01417233560090703,0x1B,0x40
3453,0.07829931972789116,0x1B,0x80
3460,0.07845804988662132,0x1B,0x40
3485,0.0790249433106576,0x1B,0x80
3512,0.07963718820861677,0xE0,0x7F
3514,0.07968253968253969,0xE8,0x6F
3515,0.07970521541950114,0xF0,0x8F
3517,0.07975056689342404,0xF8,0x0F
3520,0.07981859410430839,0x1B,0x40
3565,0.08083900226757369,0x1B,0x80
3572,0.08099773242630386,0x1B,0x40
3597,0.08156462585034013,0x1B,0x80
3620,0.08208616780045351,0xE1,0xEF
3621,0.08210884353741496,0xE9,0x0F
3623,0.08215419501133787,0xF1,0x0F
3624,0.08217687074829932,0xF9,0x0F
3628,0.08226757369614512,0x1B,0x40
3665,0.08310657596371882,0x1B,0x80
3672,0.08326530612244898,0x1B,0x40
3697,0.08383219954648526,0x1B,0x80
3720,0.08435374149659863,0xE2,0xFF
3721,0.0843764172335601,0xEA,0x0F
3723,0.084421768707483,0xF2,0x2F
3724,0.08444444444444445,0xFA,0x0F
3728,0.08453514739229025,0x1B,0x40
3765,0.08537414965986395,0x1B,0x80
3777,0.08564625850340137,0x1B,0x40
3811,0.0864172335600907,0x1B,0x80
3823,0.08668934240362812,0x1B,0x40
3858,0.08748299319727891,0x1B,0x80
3865,0.08764172335600907,0x1B,0x40
3890,0.08820861678004535,0x1B,0x80
3913,0.08873015873015873,0xE5,0x1F
3914,0.08875283446712018,0xED,0x2F
3916,0.08879818594104308,0xF5,0x1F
3917,0.08882086167800453,0xFD,0x0F
3921,0.08891156462585034,0x1B,0x40
4020,0.09115646258503401,0x28,0x64
4022,0.09120181405895691,0x30,0x1C
4024,0.09124716553287981,0x20,0xF9
4027,0.09131519274376418,0x40,0x12
4030,0.09138321995464853,0x60,0x3F
4032,0.09142857142857143,0x80,0x0D
4033,0.09145124716553288,0xA0,0x01
4035,0.09149659863945578,0xC0,0x02
4036,0.09151927437641723,0xE0,0x73
4038,0.09156462585034014,0x48,0x28
4042,0.09165532879818594,0x68,0x22
4043,0.09167800453514739,0x88,0x10
4045,0.09172335600907029,0xA8,0x01
4046,0.09174603174603174,0xC8,0x02
4048,0.09179138321995464,0xE8,0x84
4051,0.091859410430839,0x50,0x34
4054,0.09192743764172336,0x70,0x1F
4056,0.09197278911564626,0x90,0x11
4057,0.0919954648526077,0xB0,0x01
4059,0.0920408163265306,0xD0,0x02
4060,0.09206349206349207,0xF0,0x63
4063,0.09213151927437642,0x58,0x16
4066,0.09219954648526077,0x78,0x11
4068,0.09224489795918367,0x98,0x13
4069,0.09226757369614512,0xB8,0x01
4071,0.09231292517006803,0xD8,0x02
4072,0.09233560090702948,0xF8,0x08
4077,0.09244897959183673,0x08,0x78
4088,0.0926984126984127,0x29,0x54
4090,0.0927437641723356,0x31,0x1C
4092,0.0927891156462585,0x21,0xF9
4096,0.09287981859410431,0x41,0x3A
4099,0.09294784580498866,0x61,0x00
4100,0.09297052154195011,0x81,0x1F
4102,0.09301587301587301,0xA1,0x01
4103,0.09303854875283447,0xC1,0x40
4107,0.09312925170068027,0x49,0x2F
4110,0.09319727891156462,0x69,0x27
4112,0.09324263038548752,0x89,0x9F
4113,0.09326530612244897,0xA9,0x1A
4115,0.09331065759637189,0xC9,0x95
4116,0.09333333333333334,0xE9,0x01
4119,0.09340136054421769,0x51,0x11
4123,0.09349206349206349,0x71,0x2F
4124,0.09351473922902494,0x91,0xD8
4126,0.09356009070294785,0xB1,0x01
4127,0.0935827664399093,0xD1,0x5F
4129,0.0936281179138322,0xF1,0x01
4132,0.09369614512471655,0x59,0x73
4135,0.0937641723356009,0x79,0x09
4137,0.09380952380952381,0x99,0xDF
4138,0.09383219954648526,0xB9,0x05
4140,0.09387755102040816,0xD9,0x49
4141,0.09390022675736961,0xF9,0x01
4146,0.09401360544217686,0x08,0x79
4157,0.09426303854875283,0x2A,0x24
4159,0.09430839002267574,0x32,0x1C
4161,0.09435374149659864,0x22,0xFB
4165,0.09444444444444444,0x42,0x11
4168,0.09451247165532879,0x62,0x20
4169,0.09453514739229026,0x82,0x06
4171,0.09458049886621316,0xA2,0x18
4172,0.0946031746031746,0xC2,0x01
4174,0.0946485260770975,0xE2,0xF4
4176,0.0946938775510204,0x4A,0x34
4179,0.09476190476190476,0x6A,0x1F
4181,0.09480725623582767,0x8A,0x15
4182,0.09482993197278912,0xAA,0x0D
4184,0.09487528344671202,0xCA,0x03
4185,0.09489795918367347,0xEA,0x24
4188,0.09496598639455782,0x52,0x52
4192,0.09505668934240363,0x72,0x20
4193,0.09507936507936508,0x92,0x15
4195,0.09512471655328798,0xB2,0x18
4196,0.09514739229024943,0xD2,0x03
4198,0.09519274376417233,0xF2,0x04
4201,0.09526077097505668,0x5A,0x21
4204,0.09532879818594105,0x7A,0x11
4206,0.09537414965986395,0x9A,0x0C
4207,0.0953968253968254,0xBA,0x0D
4209,0.0954421768707483,0xDA,0x08
4210,0.09546485260770975,0xFA,0x07
4215,0.09557823129251701,0x08,0x7A
4313,0.09780045351473923,0x2D,0x14
4315,0.09784580498866213,0x35,0x1C
4317,0.09789115646258503,0x25,0xF9
4320,0.09795918367346938,0x45,0x02
4323,0.09802721088435375,0x65,0x75
4325,0.09807256235827665,0x85,0x12
4326,0.0980952380952381,0xA5,0x0A
4328,0.098140589569161,0xC5,0x0A
4329,0.09816326530612245,0xE5,0x18
4331,0.09820861678004535,0x4D,0x13
4335,0.09829931972789116,0x6D,0x1F
4336,0.09832199546485261,0x8D,0x12
4338,0.09836734693877551,0xAD,0x08
4339,0.09839002267573696,0xCD,0x06
4341,0.09843537414965986,0xED,0x17
4344,0.09850340136054422,0x55,0x00
4347,0.09857142857142857,0x75,0x0A
4349,0.09861678004535147,0x95,0x12
4350,0.09863945578231292,0xB5,0x09
4352,0.09868480725623582,0xD5,0x07
4353,0.09870748299319727,0xF5,0x27
4356,0.09877551020408164,0x5D,0x01
4359,0.09884353741496599,0x7D,0x00
4361,0.09888888888888889,0x9D,0x5A
4362,0.09891156462585034,0xBD,0x0A
4364,0.09895691609977324,0xDD,0x05
4365,0.09897959183673469,0xFD,0x06
4370,0.09909297052154195,0x08,0x7D
4745,0.10759637188208616,0x30,0x34
4829,0.10950113378684807,0x08,0x05
5467,0.12396825396825396,0x30,0x50
6191,0.14038548752834468,0x30,0x6C
6912,0.156734693877551,0x30,0x84
7634,0.1731065759637188,0x30,0xA0
8358,0.1895238095238095,0x30,0x1C
8395,0.19036281179138323,0x08,0x02
9080,0.2058956916099773,0x30,0x00
9801,0.22224489795918367,0x28,0x62
9804,0.22231292517006804,0x30,0xE4
10525,0.23866213151927437,0x30,0xC8
10704,0.24272108843537415,0x1B,0x80
10724,0.24317460317460318,0xE2,0xFF
10726,0.24321995464852608,0xEA,0x0F
10727,0.24324263038548752,0xF2,0x2F
10729,0.24328798185941042,0xFA,0x0F
10732,0.24335600907029478,0x1B,0x40
10752,0.2438095238095238,0x1B,0x80
10759,0.24396825396825397,0x1B,0x40
10784,0.24453514739229024,0x1B,0x80
10805,0.24501133786848073,0xE3,0xFF
10806,0.24503401360544216,0xEB,0x0F
10808,0.2450793650793651,0xF3,0x2F
10809,0.24510204081632653,0xFB,0x0F
10813,0.24519274376417233,0x1B,0x40
10832,0.24562358276643992,0x1B,0x80
10839,0.24578231292517005,0x1B,0x40
10865,0.2463718820861678,0x1B,0x80
10880,0.24671201814058957,0xE4,0xFF
10882,0.24675736961451247,0xEC,0x0F
10883,0.24678004535147394,0xF4,0x2F
10885,0.24682539682539684,0xFC,0x0F
10888,0.24689342403628117,0x1B,0x40
11247,0.2550340136054422,0x30,0xB0
11279,0.2557596371882086,0x2A,0x34
11298,0.2561904761904762,0x7A,0x0D
11309,0.2564399092970521,0xE2,0xF4
11316,0.2565986394557823,0xF2,0x04
11323,0.25675736961451245,0xEA,0x24
11331,0.2569387755102041,0xFA,0x07
11335,0.2570294784580499,0x08,0x7A
11345,0.2572562358276644,0x2B,0x48
11347,0.2573015873015873,0x33,0x1C
11349,0.2573469387755102,0x23,0xFB
11353,0.25743764172335604,0x43,0x11
11356,0.2575056689342404,0x63,0x20
11357,0.25752834467120184,0x83,0x06
11359,0.2575736961451247,0xA3,0x18
11360,0.2575963718820862,0xC3,0x01
11362,0.25764172335600904,0xE3,0xF4
11364,0.257687074829932,0x4B,0x34
11367,0.2577551020408163,0x6B,0x1F
11369,0.25780045351473924,0x8B,0x15
11370,0.2578231292517007,0xAB,0x0D
11372,0.2578684807256236,0xCB,0x03
11373,0.25789115646258504,0xEB,0x24
11376,0.25795918367346937,0x53,0x52
11380,0.25804988662131517,0x73,0x20
11381,0.25807256235827664,0x93,0x15
11383,0.25811791383219956,0xB3,0x18
11384,0.25814058956916097,0xD3,0x03
11386,0.2581859410430839,0xF3,0x04
11389,0.25825396825396824,0x5B,0x21
11392,0.2583219954648526,0x7B,0x0D
11394,0.2583673469387755,0x9B,0x0C
11395,0.25839002267573696,0xBB,0x0D
11397,0.2584353741496599,0xDB,0x08
11398,0.2584580498866213,0xFB,0x07
11403,0.25857142857142856,0x08,0x7B
11414,0.25882086167800455,0x2C,0x44
11416,0.2588662131519274,0x34,0x1C
11418,0.25891156462585035,0x24,0xFB
11422,0.25900226757369615,0x44,0x11
11425,0.2590702947845805,0x64,0x20
11426,0.25909297052154195,0x84,0x06
11428,0.2591383219954648,0xA4,0x18
11429,0.2591609977324263,0xC4,0x01
11431,0.2592063492063492,0xE4,0xF4
11433,0.2592517006802721,0x4C,0x34
11436,0.2593197278911565,0x6C,0x1F
11438,0.25936507936507935,0x8C,0x15
11439,0.2593877551020408,0xAC,0x0D
11441,0.25943310657596375,0xCC,0x03
11442,0.25945578231292515,0xEC,0x24
11445,0.25952380952380955,0x54,0x52
11449,0.25961451247165535,0x74,0x20
11450,0.25963718820861675,0x94,0x15
11452,0.2596825396825397,0xB4,0x18
11453,0.25970521541950115,0xD4,0x03
11455,0.259750566893424,0xF4,0x04
11458,0.2598185941043084,0x5C,0x21
11461,0.25988662131519275,0x7C,0x10
11463,0.2599319727891157,0x9C,0x0C
11464,0.2599546485260771,0xBC,0x0D
11466,0.26,0xDC,0x08
11467,0.2600226757369615,0xFC,0x07
11472,0.2601360544217687,0x08,0x7C
11969,0.27140589569161,0x30,0x94
11991,0.2719047619047619,0x08,0x01
12196,0.2765532879818594,0x1B,0x80
12210,0.27687074829931974,0x1B,0x40
12694,0.28784580498866214,0x28,0x64
12696,0.287891156462585,0x30,0x1C
13414,0.304172335600907,0x30,0x38
14138,0.32058956916099773,0x30,0x50
14301,0.3242857142857143,0x1B,0x80
14317,0.3246485260770975,0xE9,0x0F
14318,0.32467120181405895,0xF1,0x0F
14320,0.3247165532879819,0xF9,0x0F
14323,0.3247845804988662,0x1B,0x40
14390,0.32630385487528346,0x1B,0x80
14405,0.3266439909297052,0xE5,0x1F
14407,0.3266893424036281,0xED,0x2F
14408,0.3267120181405896,0xF5,0x1F
14410,0.32675736961451246,0xFD,0x0F
14413,0.32682539682539685,0x1B,0x40
14860,0.33696145124716553,0x30,0x6C
14914,0.3381859410430839,0xF1,0x01
14921,0.33834467120181405,0xE9,0x01
14929,0.33852607709750565,0xF9,0x01
14933,0.33861678004535145,0x08,0x79
15021,0.34061224489795916,0xE5,0x18
15028,0.34077097505668935,0xF5,0x27
15035,0.3409297052154195,0xED,0x17
15043,0.3411111111111111,0xFD,0x06
15047,0.34120181405895694,0x08,0x7D
15582,0.35333333333333333,0x30,0x88
15619,0.35417233560090705,0x08,0x02
15667,0.3552607709750567,0x08,0x05
16305,0.3697278911564626,0x30,0xA4
16499,0.37412698412698414,0x1B,0x80
16516,0.3745124716553288,0x1B,0x40
16533,0.37489795918367347,0x1B,0x80
16550,0.37528344671201813,0x1B,0x40
17027,0.3860997732426304,0x30,0x18
17080,0.3873015873015873,0x7B,0x23
17086,0.387437641723356,0x08,0x03
17102,0.38780045351473924,0x7C,0x25
17108,0.3879365079365079,0x08,0x04
17750,0.40249433106575966,0x28,0x62
17752,0.40253968253968253,0x30,0xFC
17932,0.40662131519274375,0x1B,0x80
17947,0.40696145124716554,0xE2,0xFF
17949,0.4070068027210884,0xEA,0x0F
17950,0.4070294784580499,0xF2,0x2F
17952,0.4070748299319728,0xFA,0x0F
17955,0.40714285714285714,0x1B,0x40
17975,0.4075963718820862,0x1B,0x80
17992,0.40798185941043086,0xE3,0xFF
17994,0.40802721088435373,0xEB,0x0F
17995,0.4080498866213152,0xF3,0x2F
17997,0.4080952380952381,0xFB,0x0F
18000,0.40816326530612246,0x1B,0x40
18020,0.40861678004535146,0x1B,0x80
18037,0.4090022675736961,0xE4,0xFF
18039,0.40904761904761905,0xEC,0x0F
18040,0.4090702947845805,0xF4,0x2F
18042,0.4091156462585034,0xFC,0x0F
18045,0.4091836734693878,0x1B,0x40
18472,0.41886621315192746,0x30,0xE0
18534,0.42027210884353744,0xE2,0xF4
18541,0.4204308390022676,0xF2,0x04
18548,0.4205895691609977,0xEA,0x24
18556,0.42077097505668937,0xFA,0x07
18560,0.42086167800453517,0x08,0x7A
18590,0.4215419501133787,0x7B,0x17
18601,0.42179138321995463,0xE3,0xF4
18608,0.4219501133786848,0xF3,0x04
18615,0.42210884353741496,0xEB,0x24
18623,0.42229024943310656,0xFB,0x07
18627,0.42238095238095236,0x08,0x7B
18657,0.42306122448979594,0x7C,0x1A
18668,0.4233106575963719,0xE4,0xF4
18675,0.42346938775510207,0xF4,0x04
18682,0.4236281179138322,0xEC,0x24
18690,0.4238095238095238,0xFC,0x07
18694,0.4239002267573696,0x08,0x7C
19196,0.43528344671201813,0x30,0xC8
19918,0.45165532879818593,0x30,0xAC
20640,0.46802721088435373,0x30,0x90
21362,0.4843990929705215,0x28,0x64
21364,0.48444444444444446,0x30,0x1C
22085,0.5007936507936508,0x30,0x38
22809,0.5172108843537415,0x30,0x54
22830,0.5176870748299319,0x08,0x01
22847,0.5180725623582766,0x08,0x02
23035,0.5223356009070295,0x1B,0x80
23050,0.5226757369614512,0x1B,0x40
23530,0.5335600907029479,0x30,0x70
23725,0.5379818594104309,0x1B,0x80
23742,0.5383673469387755,0x1B,0x40
23759,0.5387528344671202,0x1B,0x80
23776,0.5391383219954649,0x1B,0x40
24252,0.5499319727891157,0x30,0x88
24305,0.5511337868480726,0x7B,0x23
24311,0.5512698412698412,0x08,0x03
24327,0.5516326530612244,0x7C,0x25
24333,0.5517687074829932,0x08,0x04
24975,0.5663265306122449,0x30,0xA4
25139,0.5700453514739229,0x1B,0x80
25155,0.5704081632653061,0xE9,0x0F
25156,0.5704308390022675,0xF1,0x0F
25158,0.5704761904761905,0xF9,0x0F
25161,0.5705442176870749,0x1B,0x40
25181,0.5709977324263038,0x1B,0x80
25200,0.5714285714285714,0xE2,0xFF
25202,0.5714739229024943,0xEA,0x0F
25203,0.5714965986394558,0xF2,0x2F
25205,0.5715419501133787,0xFA,0x0F
25208,0.571609977324263,0x1B,0x40
25259,0.5727664399092971,0x1B,0x80
25274,0.5731065759637188,0xE5,0x1F
25276,0.5731519274376418,0xED,0x2F
25277,0.5731746031746032,0xF5,0x1F
25279,0.573219954648526,0xFD,0x0F
25282,0.5732879818594104,0x1B,0x40
25697,0.5826984126984127,0x30,0x14
25751,0.5839229024943311,0xF1,0x01
25758,0.5840816326530612,0xE9,0x01
25766,0.5842630385487528,0xF9,0x01
25770,0.5843537414965987,0x08,0x79
25781,0.5846031746031746,0x2A,0x24
25800,0.5850340136054422,0x7A,0x0F
25811,0.5852834467120182,0xE2,0xF4
25818,0.5854421768707483,0xF2,0x04
25825,0.5856009070294784,0xEA,0x24
25833,0.58578231292517,0xFA,0x07
25837,0.5858730158730159,0x08,0x7A
25909,0.5875056689342404,0xE5,0x18
25916,0.5876643990929705,0xF5,0x27
25923,0.5878231292517007,0xED,0x17
25931,0.5880045351473923,0xFD,0x06
25935,0.5880952380952381,0x08,0x7D
26420,0.599092970521542,0x28,0x62
26422,0.5991383219954649,0x30,0xF8
26505,0.6010204081632653,0x08,0x05
27143,0.6154875283446712,0x30,0xE0
27865,0.631859410430839,0x30,0xC4
28587,0.6482312925170068,0x30,0xA8
29313,0.6646938775510204,0x30,0x90
30033,0.6810204081632653,0x28,0x64
30035,0.6810657596371882,0x30,0x20
30072,0.6819047619047619,0x08,0x02
30756,0.6974149659863945,0x30,0x3C
31480,0.7138321995464852,0x30,0x58
32200,0.7301587301587301,0x30,0x70
32379,0.7342176870748299,0x1B,0x80
32398,0.7346485260770975,0xE2,0xFF
32400,0.7346938775510204,0xEA,0x0F
32401,0.7347165532879819,0xF2,0x2F
32403,0.7347619047619047,0xFA,0x0F
32406,0.7348299319727891,0x1B,0x40
32426,0.7352834467120182,0x1B,0x80
32443,0.7356689342403628,0xE3,0xFF
32445,0.7357142857142858,0xEB,0x0F
32446,0.7357369614512471,0xF3,0x2F
32448,0.73578231292517,0xFB,0x0F
32451,0.7358503401360544,0x1B,0x40
32471,0.7363038548752835,0x1B,0x80
32488,0.7366893424036282,0xE4,0xFF
32490,0.736734693877551,0xEC,0x0F
32491,0.7367573696145124,0xF4,0x2F
32493,0.7368027210884354,0xFC,0x0F
32496,0.7368707482993198,0x1B,0x40
32923,0.7465532879818594,0x30,0x8C
32955,0.7472789115646259,0x2A,0x38
32974,0.7477097505668934,0x7A,0x0C
32985,0.7479591836734694,0xE2,0xF4
32992,0.7481179138321995,0xF2,0x04
32999,0.7482766439909297,0xEA,0x24
33007,0.7484580498866213,0xFA,0x07
33011,0.7485487528344671,0x08,0x7A
33022,0.7487981859410431,0x2B,0x49
33041,0.7492290249433107,0x7B,0x0B
33052,0.7494784580498867,0xE3,0xF4
33059,0.7496371882086168,0xF3,0x04
33066,0.7497959183673469,0xEB,0x24
33074,0.7499773242630385,0xFB,0x07
33078,0.7500680272108844,0x08,0x7B
33089,0.7503174603174603,0x2C,0x45
33108,0.7507482993197279,0x7C,0x0E
33119,0.7509977324263039,0xE4,0xF4
33126,0.751156462585034,0xF4,0x04
33133,0.7513151927437641,0xEC,0x24
33141,0.7514965986394558,0xFC,0x07
33145,0.7515873015873016,0x08,0x7C
33646,0.7629478458049886,0x30,0xA8
33668,0.7634467120181406,0x08,0x01
33873,0.768095238095238,0x1B,0x80
33887,0.7684126984126984,0x1B,0x40
34368,0.7793197278911564,0x30,0x14
35091,0.7957142857142857,0x28,0x62
35093,0.7957596371882086,0x30,0xF8
35814,0.812108843537415,0x30,0xDC
35978,0.8158276643990929,0x1B,0x80
35995,0.8162131519274376,0xE9,0x0F
35996,0.8162358276643991,0xF1,0x0F
35998,0.816281179138322,0xF9,0x0F
36001,0.8163492063492064,0x1B,0x40
36068,0.8178684807256236,0x1B,0x80
36083,0.8182086167800453,0xE5,0x1F
36085,0.8182539682539682,0xED,0x2F
36086,0.8182766439909297,0xF5,0x1F
36088,0.8183219954648526,0xFD,0x0F
36091,0.818390022675737,0x1B,0x40
36535,0.8284580498866213,0x30,0xC4
36589,0.8296825396825397,0xF1,0x01
36596,0.8298412698412698,0xE9,0x01
36604,0.8300226757369614,0xF9,0x01
36608,0.8301133786848073,0x08,0x79
36696,0.832108843537415,0xE5,0x18
36703,0.8322675736961451,0xF5,0x27
36710,0.8324263038548753,0xED,0x17
36718,0.8326077097505669,0xFD,0x06
36722,0.8326984126984127,0x08,0x7D
37258,0.8448526077097506,0x30,0xA8
37295,0.8456916099773243,0x08,0x02
37343,0.8467800453514739,0x08,0x05
37981,0.8612471655328798,0x30,0x8C
38175,0.8656462585034014,0x1B,0x80
38192,0.866031746031746,0x1B,0x40
38209,0.8664172335600907,0x1B,0x80
38226,0.8668027210884354,0x1B,0x40
38703,0.8776190476190476,0x28,0x64
38705,0.8776643990929706,0x30,0x24
38758,0.8788662131519275,0x7B,0x23
38764,0.8790022675736961,0x08,0x03
38780,0.8793650793650793,0x7C,0x23
38786,0.879501133786848,0x08,0x04
39426,0.8940136054421769,0x30,0x3C
39604,0.8980498866213152,0x1B,0x80
39619,0.898390022675737,0xE2,0xFF
39621,0.8984353741496599,0xEA,0x0F
39622,0.8984580498866214,0xF2,0x2F
39624,0.8985034013605442,0xFA,0x0F
39627,0.8985714285714286,0x1B,0x40
39647,0.8990249433106576,0x1B,0x80
39664,0.8994104308390023,0xE3,0xFF
39666,0.8994557823129252,0xEB,0x0F
39667,0.8994784580498866,0xF3,0x2F
39669,0.8995238095238095,0xFB,0x0F
39672,0.8995918367346939,0x1B,0x40
39692,0.900045351473923,0x1B,0x80
39709,0.9004308390022676,0xE4,0xFF
39711,0.9004761904761904,0xEC,0x0F
39712,0.9004988662131519,0xF4,0x2F
39714,0.9005442176870748,0xFC,0x0F
39717,0.9006122448979592,0x1B,0x40
40148,0.9103854875283447,0x30,0x58
40210,0.9117913832199547,0xE2,0xF4
40217,0.9119501133786848,0xF2,0x04
40224,0.912108843537415,0xEA,0x24
40232,0.9122902494331065,0xFA,0x07
40236,0.9123809523809524,0x08,0x7A
40266,0.9130612244897959,0x7B,0x14
40277,0.9133106575963719,0xE3,0xF4
40284,0.913469387755102,0xF3,0x04
40291,0.9136281179138322,0xEB,0x24
40299,0.9138095238095238,0xFB,0x07
40303,0.9139002267573696,0x08,0x7B
40333,0.9145804988662132,0x7C,0x17
40344,0.9148299319727892,0xE4,0xF4
40351,0.9149886621315193,0xF4,0x04
40358,0.9151473922902494,0xEC,0x24
40366,0.915328798185941,0xFC,0x07
40370,0.9154195011337869,0x08,0x7C
40871,0.926780045351474,0x30,0x74
41593,0.9431519274376418,0x30,0x90
42316,0.959546485260771,0x30,0xA8
43038,0.9759183673469388,0x30,0x10
43761,0.992312925170068,0x28,0x62
43763,0.9923582766439909,0x30,0xF4
43784,0.9928344671201814,0x08,0x01
44485,1.0087301587301587,0x30,0xDC
44522,1.0095691609977324,0x08,0x02
44712,1.013877551020408,0x1B,0x80
44726,1.0141950113378684,0x1B,0x40
45207,1.0251020408163265,0x30,0xC0
45403,1.029546485260771,0x1B,0x80
45420,1.0299319727891156,0x1B,0x40
45437,1.0303174603174603,0x1B,0x80
45454,1.030702947845805,0x1B,0x40
45930,1.0414965986394558,0x30,0xA4
45983,1.0426984126984127,0x7B,0x23
45989,1.0428344671201815,0x08,0x03
46005,1.0431972789115647,0x7C,0x23
46011,1.0433333333333332,0x08,0x04
46108,1.045532879818594,0x1B,0x80
46113,1.0456462585034014,0x1B,0x40
46179,1.0471428571428572,0x1B,0x80
46184,1.0472562358276645,0x1B,0x40
46652,1.0578684807256236,0x30,0x8C
46790,1.0609977324263038,0x1B,0x80
46796,1.0611337868480726,0x1B,0x40
46823,1.0617460317460317,0x1B,0x80
46832,1.0619501133786848,0x1B,0x40
46858,1.0625396825396825,0x1B,0x80
46882,1.0630839002267574,0xE9,0x0F
46883,1.0631065759637188,0xF1,0x0F
46885,1.0631519274376418,0xF9,0x0F
46888,1.0632199546485261,0x1B,0x40
46908,1.0636734693877552,0x1B,0x80
46927,1.0641043083900226,0xE2,0xFF
46929,1.0641496598639455,0xEA,0x0F
46930,1.064172335600907,0xF2,0x2F
46932,1.0642176870748299,0xFA,0x0F
46935,1.0642857142857143,0x1B,0x40
46955,1.0647392290249433,0x1B,0x80
46967,1.0650113378684807,0x1B,0x40
46984,1.0653968253968253,0x1B,0x80
46996,1.065668934240363,0x1B,0x40
47013,1.0660544217687076,0x1B,0x80
47022,1.0662585034013605,0x1B,0x40
47048,1.0668480725623584,0x1B,0x80
47070,1.0673469387755101,0xE5,0x1F
47072,1.067392290249433,0xED,0x2F
47073,1.0674149659863945,0xF5,0x1F
47075,1.0674603174603174,0xFD,0x0F
47078,1.0675283446712018,0x1B,0x40
47373,1.07421768707483,0x28,0x64
47376,1.0742857142857143,0x30,0x24
47419,1.0752607709750568,0xE9,0x01
47432,1.0755555555555556,0xF1,0x01
47444,1.075827664399093,0xF9,0x01
47449,1.0759410430839003,0x08,0x79
47461,1.0762131519274376,0x2A,0x24
47480,1.0766439909297052,0x7A,0x0D
47491,1.076893424036281,0xE2,0xF4
47498,1.0770521541950113,0xF2,0x04
47505,1.0772108843537416,0xEA,0x24
47513,1.077392290249433,0xFA,0x07
47517,1.077482993197279,0x08,0x7A
47577,1.078843537414966,0xE5,0x18
47589,1.0791156462585034,0xED,0x17
47601,1.0793877551020408,0xF5,0x27
47613,1.0796598639455783,0xFD,0x06
47618,1.0797732426303854,0x08,0x7D
48097,1.0906349206349206,0x30,0x40
48181,1.0925396825396825,0x08,0x05
48819,1.1070068027210884,0x30,0x5C
49543,1.1234240362811792,0x30,0x74
50264,1.1397732426303855,0x30,0x90
50988,1.1561904761904762,0x30,0xAC
51710,1.172562358276644,0x30,0x10
51747,1.1734013605442177,0x08,0x02
52432,1.1889342403628118,0x28,0x62
52435,1.1890022675736962,0x30,0xF4
53156,1.2053514739229025,0x30,0xD8
53878,1.2217233560090703,0x30,0xBC
54057,1.2257823129251701,0x1B,0x80
54077,1.2262358276643992,0xE2,0xFF
54079,1.226281179138322,0xEA,0x0F
54080,1.2263038548752834,0xF2,0x2F
54082,1.2263492063492063,0xFA,0x0F
54085,1.2264172335600907,0x1B,0x40
54105,1.2268707482993197,0x1B,0x80
54122,1.2272562358276644,0xE3,0xFF
54124,1.2273015873015873,0xEB,0x0F
54125,1.2273242630385488,0xF3,0x2F
54127,1.2273696145124717,0xFB,0x0F
54130,1.227437641723356,0x1B,0x40
54150,1.227891156462585,0x1B,0x80
54167,1.2282766439909296,0xE4,0xFF
54169,1.2283219954648525,0xEC,0x0F
54170,1.228344671201814,0xF4,0x2F
54172,1.228390022675737,0xFC,0x0F
54175,1.2284580498866213,0x1B,0x40
54599,1.2380725623582767,0x30,0xA4
54631,1.238798185941043,0x2A,0x3D
54650,1.2392290249433107,0x7A,0x0B
54661,1.2394784580498865,0xE2,0xF4
54668,1.2396371882086168,0xF2,0x04
54675,1.239795918367347,0xEA,0x24
54683,1.2399773242630385,0xFA,0x07
54687,1.2400680272108844,0x08,0x7A
54698,1.2403174603174603,0x2B,0x54
54717,1.2407482993197279,0x7B,0x09
54728,1.240997732426304,0xE3,0xF4
54735,1.241156462585034,0xF3,0x04
54742,1.2413151927437642,0xEB,0x24
54750,1.2414965986394557,0xFB,0x07
54754,1.2415873015873016,0x08,0x7B
54765,1.2418367346938775,0x2C,0x4D
54784,1.242267573696145,0x7C,0x0C
54795,1.2425170068027211,0xE4,0xF4
54802,1.2426757369614512,0xF4,0x04
54809,1.2428344671201814,0xEC,0x24
54817,1.243015873015873,0xFC,0x07
54821,1.2431065759637188,0x08,0x7C
55324,1.2545124716553289,0x30,0x88
55345,1.2549886621315194,0x08,0x01
55550,1.2596371882086168,0x1B,0x80
55564,1.259954648526077,0x1B,0x40
56045,1.2708616780045352,0x28,0x64
56047,1.2709070294784581,0x30,0x28
56768,1.2872562358276645,0x30,0x44
57489,1.3036054421768708,0x30,0x5C
57652,1.3073015873015874,0x1B,0x80
57669,1.307687074829932,0xE9,0x0F
57670,1.3077097505668933,0xF1,0x0F
57672,1.3077551020408162,0xF9,0x0F
57675,1.3078231292517006,0x1B,0x40
57742,1.3093424036281178,0x1B,0x80
57757,1.3096825396825398,0xE5,0x1F
57759,1.3097278911564625,0xED,0x2F
57760,1.309750566893424,0xF5,0x1F
57762,1.3097959183673469,0xFD,0x0F
57765,1.3098639455782313,0x1B,0x40
58212,1.32,0x30,0x78
58266,1.3212244897959184,0xF1,0x01
58273,1.3213832199546485,0xE9,0x01
58281,1.3215646258503402,0xF9,0x01
58285,1.321655328798186,0x08,0x79
58373,1.3236507936507937,0xE5,0x18
58380,1.3238095238095238,0xF5,0x27
58387,1.323968253968254,0xED,0x17
58395,1.3241496598639455,0xFD,0x06
58399,1.3242403628117914,0x08,0x7D
58934,1.3363718820861679,0x30,0x94
58971,1.3372108843537416,0x08,0x02
59019,1.3382993197278912,0x08,0x05
59657,1.3527664399092971,0x30,0xAC
59851,1.3571655328798187,0x1B,0x80
59868,1.3575510204081633,0x1B,0x40
59885,1.357936507936508,0x1B,0x80
59902,1.3583219954648527,0x1B,0x40
60379,1.369138321995465,0x30,0x0C
60432,1.3703401360544218,0x7B,0x21
60438,1.3704761904761904,0x08,0x03
60454,1.3708390022675736,0x7C,0x23
60460,1.3709750566893424,0x08,0x04
61102,1.3855328798185942,0x28,0x62
61104,1.3855782312925171,0x30,0xF0
61284,1.3896598639455782,0x1B,0x80
61299,1.39,0xE2,0xFF
61300,1.3900226757369614,0xEA,0x0F
61302,1.3900680272108843,0xF2,0x2F
61303,1.3900907029478458,0xFA,0x0F
61307,1.3901814058956916,0x1B,0x40
61326,1.3906122448979592,0x1B,0x80
61343,1.3909977324263039,0xE3,0xFF
61345,1.3910430839002268,0xEB,0x0F
61346,1.3910657596371883,0xF3,0x2F
61348,1.3911111111111112,0xFB,0x0F
61351,1.3911791383219954,0x1B,0x40
61371,1.3916326530612244,0x1B,0x80
61388,1.392018140589569,0xE4,0xFF
61390,1.392063492063492,0xEC,0x0F
61391,1.3920861678004535,0xF4,0x2F
61393,1.3921315192743764,0xFC,0x0F
61396,1.3921995464852608,0x1B,0x40
61824,1.401904761904762,0x30,0xD8
61886,1.4033106575963719,0xE2,0xF4
61893,1.403469387755102,0xF2,0x04
61900,1.4036281179138321,0xEA,0x24
61908,1.4038095238095238,0xFA,0x07
61912,1.4039002267573697,0x08,0x7A
61942,1.4045804988662132,0x7B,0x09
61953,1.404829931972789,0xE3,0xF4
61960,1.4049886621315193,0xF3,0x04
61967,1.4051473922902495,0xEB,0x24
61975,1.405328798185941,0xFB,0x07
61979,1.4054195011337869,0x08,0x7B
62009,1.4060997732426304,0x7C,0x0F
62020,1.4063492063492065,0xE4,0xF4
62027,1.4065079365079365,0xF4,0x04
62034,1.4066666666666667,0xEC,0x24
62042,1.4068480725623582,0xFC,0x07
62046,1.406938775510204,0x08,0x7C
62547,1.4182993197278913,0x30,0xBC
63269,1.434671201814059,0x30,0xA0
63992,1.4510657596371883,0x30,0x84
64715,1.4674603174603174,0x28,0x64
64718,1.4675283446712017,0x30,0x28
65438,1.4838548752834466,0x30,0x44
66160,1.5002267573696144,0x30,0x60
66182,1.5007256235827664,0x08,0x01
66199,1.501111111111111,0x08,0x02
66388,1.5053968253968253,0x1B,0x80
66402,1.5057142857142858,0x1B,0x40
66883,1.5166213151927437,0x30,0x7C
67078,1.5210430839002267,0x1B,0x80
67095,1.5214285714285714,0x1B,0x40
67112,1.521814058956916,0x1B,0x80
67129,1.5221995464852607,0x1B,0x40
67605,1.5329931972789115,0x30,0x94
67658,1.5341950113378684,0x7B,0x23
67664,1.5343310657596372,0x08,0x03
67680,1.5346938775510204,0x7C,0x21
67686,1.5348299319727892,0x08,0x04
68327,1.5493650793650793,0x30,0xB0
68491,1.5530839002267574,0x1B,0x80
68507,1.5534467120181406,0xE9,0x0F
68508,1.553469387755102,0xF1,0x0F
68510,1.553514739229025,0xF9,0x0F
68513,1.5535827664399093,0x1B,0x40
68533,1.5540362811791384,0x1B,0x80
68552,1.554467120181406,0xE2,0xFF
68554,1.554512471655329,0xEA,0x0F
68555,1.5545351473922902,0xF2,0x2F
68557,1.554580498866213,0xFA,0x0F
68560,1.5546485260770975,0x1B,0x40
68611,1.5558049886621315,0x1B,0x80
68626,1.5561451247165532,0xE5,0x1F
68628,1.5561904761904761,0xED,0x2F
68629,1.5562131519274376,0xF5,0x1F
68631,1.5562585034013605,0xFD,0x0F
68634,1.556326530612245,0x1B,0x40
69050,1.5657596371882085,0x30,0x08
69103,1.5669614512471655,0xF1,0x01
69110,1.5671201814058957,0xE9,0x01
69118,1.5673015873015872,0xF9,0x01
69122,1.567392290249433,0x08,0x79
69133,1.5676417233560092,0x2A,0x24
69152,1.5680725623582767,0x7A,0x0D
69163,1.5683219954648526,0xE2,0xF4
69170,1.5684807256235829,0xF2,0x04
69177,1.568639455782313,0xEA,0x24
69185,1.5688208616780046,0xFA,0x07
69189,1.5689115646258502,0x08,0x7A
69261,1.5705442176870748,0xE5,0x18
69268,1.570702947845805,0xF5,0x27
69275,1.5708616780045352,0xED,0x17
69283,1.5710430839002267,0xFD,0x06
69287,1.5711337868480726,0x08,0x7D
69772,1.5821315192743763,0x28,0x62
69774,1.5821768707482993,0x30,0xF0
69858,1.5840816326530611,0x08,0x05
70496,1.598548752834467,0x30,0xD4
71218,1.6149206349206349,0x30,0xB8
71940,1.6312925170068027,0x30,0xA0
72662,1.6476643990929705,0x30,0x84
73387,1.6641043083900227,0x28,0x64
73389,1.6641496598639456,0x30,0x2C
73426,1.6649886621315193,0x08,0x02
74107,1.6804308390022675,0x30,0x44
74831,1.6968480725623583,0x30,0x60
75552,1.7131972789115646,0x30,0x7C
75730,1.717233560090703,0x1B,0x80
75750,1.717687074829932,0xE2,0xFF
75752,1.717732426303855,0xEA,0x0F
75753,1.7177551020408164,0xF2,0x2F
75755,1.7178004535147393,0xFA,0x0F
75758,1.7178684807256235,0x1B,0x40
75778,1.7183219954648525,0x1B,0x80
75795,1.7187074829931972,0xE3,0xFF
75797,1.7187528344671201,0xEB,0x0F
75798,1.7187755102040816,0xF3,0x2F
75800,1.7188208616780045,0xFB,0x0F
75803,1.718888888888889,0x1B,0x40
75823,1.719342403628118,0x1B,0x80
75840,1.7197278911564626,0xE4,0xFF
75842,1.7197732426303856,0xEC,0x0F
75843,1.719795918367347,0xF4,0x2F
75845,1.71984126984127,0xFC,0x0F
75848,1.7199092970521541,0x1B,0x40
76275,1.7295918367346939,0x30,0x98
76307,1.7303174603174603,0x2A,0x39
76326,1.7307482993197278,0x7A,0x11
76337,1.730997732426304,0xE2,0xF4
76344,1.731156462585034,0xF2,0x04
76351,1.7313151927437642,0xEA,0x24
76359,1.7314965986394557,0xFA,0x07
76363,1.7315873015873016,0x08,0x7A
76374,1.7318367346938774,0x2B,0x4C
76393,1.732267573696145,0x7B,0x0B
76404,1.7325170068027211,0xE3,0xF4
76411,1.7326757369614512,0xF3,0x04
76418,1.7328344671201814,0xEB,0x24
76426,1.7330158730158731,0xFB,0x07
76430,1.7331065759637188,0x08,0x7B
76441,1.7333560090702949,0x2C,0x49
76460,1.7337868480725624,0x7C,0x0E
76471,1.7340362811791383,0xE4,0xF4
76478,1.7341950113378686,0xF4,0x04
76485,1.7343537414965986,0xEC,0x24
76493,1.7345351473922903,0xFC,0x07
76497,1.734625850340136,0x08,0x7C
76998,1.7459863945578231,0x30,0xB0
77020,1.746485260770975,0x08,0x01
77226,1.751156462585034,0x1B,0x80
77240,1.7514739229024943,0x1B,0x40
77721,1.7623809523809524,0x30,0x08
78444,1.7787755102040816,0x28,0x62
78446,1.7788208616780046,0x30,0xEC
79167,1.795170068027211,0x30,0xD0
79331,1.798888888888889,0x1B,0x80
79348,1.7992743764172336,0xE9,0x0F
79349,1.799297052154195,0xF1,0x0F
79351,1.7993424036281178,0xF9,0x0F
79354,1.7994104308390022,0x1B,0x40
79421,1.8009297052154194,0x1B,0x80
79436,1.8012698412698414,0xE5,0x1F
79438,1.8013151927437643,0xED,0x2F
79439,1.8013378684807255,0xF5,0x1F
79441,1.8013832199546485,0xFD,0x0F
79444,1.8014512471655328,0x1B,0x40
79888,1.8115192743764172,0x30,0xB8
79941,1.8127210884353742,0xF1,0x01
79948,1.8128798185941044,0xE9,0x01
79956,1.813061224489796,0xF9,0x01
79960,1.8131519274376418,0x08,0x79
80048,1.8151473922902495,0xE5,0x18
80055,1.8153061224489795,0xF5,0x27
80062,1.8154648526077097,0xED,0x17
80070,1.8156462585034014,0xFD,0x06
80074,1.815736961451247,0x08,0x7D
80610,1.827891156462585,0x30,0x9C
80647,1.8287301587301588,0x08,0x02
80695,1.8298185941043084,0x08,0x05
81334,1.8443083900226758,0x30,0x80
81528,1.8487074829931973,0x1B,0x80
81545,1.849092970521542,0x1B,0x40
81562,1.8494784580498866,0x1B,0x80
81579,1.8498639455782313,0x1B,0x40
82055,1.860657596371882,0x28,0x64
82057,1.860702947845805,0x30,0x30
82110,1.861904761904762,0x7B,0x23
82116,1.8620408163265305,0x08,0x03
82132,1.862403628117914,0x7C,0x23
82138,1.8625396825396825,0x08,0x04
82780,1.8770975056689343,0x30,0x48
82958,1.8811337868480726,0x1B,0x80
82973,1.8814739229024944,0xE2,0xFF
82975,1.8815192743764173,0xEA,0x0F
82976,1.8815419501133788,0xF2,0x2F
82978,1.8815873015873017,0xFA,0x0F
82981,1.8816553287981859,0x1B,0x40
83001,1.882108843537415,0x1B,0x80
83018,1.8824943310657596,0xE3,0xFF
83020,1.8825396825396825,0xEB,0x0F
83021,1.882562358276644,0xF3,0x2F
83023,1.882607709750567,0xFB,0x0F
83026,1.8826757369614513,0x1B,0x40
83046,1.8831292517006804,0x1B,0x80
83063,1.883514739229025,0xE4,0xFF
83065,1.883560090702948,0xEC,0x0F
83066,1.8835827664399094,0xF4,0x2F
83068,1.8836281179138321,0xFC,0x0F
83071,1.8836961451247165,0x1B,0x40
83502,1.893469387755102,0x30,0x64
83564,1.894875283446712,0xE2,0xF4
83571,1.8950340136054422,0xF2,0x04
83578,1.8951927437641722,0xEA,0x24
83586,1.895374149659864,0xFA,0x07
83590,1.8954648526077098,0x08,0x7A
83620,1.8961451247165533,0x7B,0x17
83631,1.8963945578231292,0xE3,0xF4
83638,1.8965532879818594,0xF3,0x04
83645,1.8967120181405897,0xEB,0x24
83653,1.8968934240362811,0xFB,0x07
83657,1.896984126984127,0x08,0x7B
83687,1.8976643990929705,0x7C,0x18
83698,1.8979138321995466,0xE4,0xF4
83705,1.8980725623582766,0xF4,0x04
83712,1.8982312925170068,0xEC,0x24
83720,1.8984126984126983,0xFC,0x07
83724,1.8985034013605442,0x08,0x7C
84224,1.90984126984127,0x30,0x80
84945,1.9261904761904762,0x30,0x98
85669,1.942607709750567,0x30,0xB4
86390,1.9589569160997733,0x30,0x04
87113,1.9753514739229026,0x28,0x62
87115,1.9753968253968255,0x30,0xEC
87136,1.9758730158730158,0x08,0x01
87153,1.9762585034013604,0x08,0x02
87837,1.9917687074829933,0x30,0xD0
88063,1.9968934240362812,0x1B,0x80
88077,1.9972108843537415,0x1B,0x40
88558,2.0081179138321996,0x30,0xB4
88754,2.012562358276644,0x1B,0x80
88771,2.0129478458049888,0x1B,0x40
88788,2.013333333333333,0x1B,0x80
88805,2.013718820861678,0x1B,0x40
89281,2.0245124716553287,0x30,0x98
89334,2.025714285714286,0x7B,0x23
89340,2.0258503401360546,0x08,0x03
89356,2.0262131519274376,0x7C,0x23
89362,2.0263492063492063,0x08,0x04
89433,2.0279591836734694,0x1B,0x80
89437,2.0280498866213152,0x1B,0x40
89469,2.0287755102040816,0x1B,0x80
89473,2.0288662131519275,0x1B,0x40
89494,2.029342403628118,0x1B,0x80
89498,2.0294331065759637,0x1B,0x40
89519,2.0299092970521544,0x1B,0x80
89523,2.03,0x1B,0x40
89544,2.0304761904761905,0x1B,0x80
89548,2.0305668934240364,0x1B,0x40
89569,2.0310430839002267,0x1B,0x80
89573,2.0311337868480726,0x1B,0x40
90006,2.040952380952381,0x30,0x80
90143,2.0440589569161,0x1B,0x80
90150,2.04421768707483,0x1B,0x40
90176,2.0448072562358277,0x1B,0x80
90203,2.045419501133787,0xE0,0x7F
90205,2.0454648526077097,0xE8,0x6F
90206,2.045487528344671,0xF0,0x8F
90208,2.045532879818594,0xF8,0x0F
90209,2.0455555555555556,0x08,0x00
90211,2.0456009070294785,0x1B,0x40
90238,2.0462131519274376,0x1B,0x80
90248,2.046439909297052,0x1B,0x40
90273,2.0470068027210884,0x1B,0x80
90297,2.047551020408163,0xE9,0x0F
90299,2.047596371882086,0xF1,0x0F
90300,2.0476190476190474,0xF9,0x0F
90304,2.0477097505668933,0x1B,0x40
90323,2.048140589569161,0x1B,0x80
90332,2.048344671201814,0x1B,0x40
90358,2.048934240362812,0x1B,0x80
90380,2.0494331065759637,0xE2,0xFF
90382,2.0494784580498866,0xEA,0x0F
90383,2.049501133786848,0xF2,0x2F
90385,2.049546485260771,0xFA,0x0F
90388,2.0496145124716554,0x1B,0x40
90408,2.050068027210884,0x1B,0x80
90420,2.050340136054422,0x1B,0x40
90437,2.050725623582766,0x1B,0x80
90449,2.050997732426304,0x1B,0x40
90466,2.0513832199546487,0x1B,0x80
90475,2.0515873015873014,0x1B,0x40
90501,2.0521768707482995,0x1B,0x80
90523,2.0526757369614512,0xE5,0x1F
90525,2.052721088435374,0xED,0x2F
90526,2.0527437641723356,0xF5,0x1F
90528,2.0527891156462585,0xFD,0x0F
90531,2.052857142857143,0x1B,0x40
90725,2.0572562358276643,0x28,0x64
90727,2.057301587301587,0x30,0x1C
90742,2.057641723356009,0xE0,0x73
90753,2.0578911564625852,0xE8,0x84
90766,2.058185941043084,0xF0,0x63
90778,2.0584580498866214,0xF8,0x08
90783,2.0585714285714287,0x08,0x78
90822,2.0594557823129254,0xE9,0x01
90835,2.059750566893424,0xF1,0x01
90847,2.0600226757369615,0xF9,0x01
90852,2.060136054421769,0x08,0x79
90863,2.0603854875283445,0x2A,0x24
90880,2.0607709750566894,0xE2,0xF4
90891,2.0610204081632655,0xEA,0x24
90904,2.061315192743764,0xF2,0x04
90916,2.0615873015873016,0xFA,0x07
90921,2.061700680272109,0x08,0x7A
90982,2.0630839002267574,0xE5,0x18
90994,2.063356009070295,0xED,0x17
91006,2.063628117913832,0xF5,0x27
91018,2.0639002267573696,0xFD,0x06
91023,2.064013605442177,0x08,0x7D
91448,2.0736507936507937,0x30,0x34
91532,2.0755555555555554,0x08,0x05
92173,2.0900907029478457,0x30,0x50
92893,2.106417233560091,0x30,0x6C
93618,2.1228571428571428,0x30,0x84
94339,2.1392063492063493,0x30,0xA0
95061,2.155578231292517,0x30,0x1C
95098,2.1564172335600906,0x08,0x02
95783,2.171950113378685,0x30,0x00
96508,2.188390022675737,0x28,0x62
96510,2.18843537414966,0x30,0xE4
97228,2.204716553287982,0x30,0xC8
97408,2.2087981859410433,0x1B,0x80
97427,2.2092290249433106,0xE2,0xFF
97429,2.2092743764172336,0xEA,0x0F
97430,2.209297052154195,0xF2,0x2F
97432,2.209342403628118,0xFA,0x0F
97435,2.2094104308390023,0x1B,0x40
97455,2.209863945578231,0x1B,0x80
97462,2.2100226757369614,0x1B,0x40
97487,2.2105895691609976,0x1B,0x80
97508,2.2110657596371883,0xE3,0xFF
97509,2.21108843537415,0xEB,0x0F
97511,2.2111337868480727,0xF3,0x2F
97512,2.211156462585034,0xFB,0x0F
97516,2.21124716553288,0x1B,0x40
97535,2.2116780045351474,0x1B,0x80
97542,2.2118367346938776,0x1B,0x40
97568,2.2124263038548753,0x1B,0x80
97583,2.2127664399092972,0xE4,0xFF
97585,2.21281179138322,0xEC,0x0F
97586,2.2128344671201816,0xF4,0x2F
97588,2.212879818594104,0xFC,0x0F
97591,2.2129478458049885,0x1B,0x40
97953,2.221156462585034,0x30,0xB0
97985,2.2218820861678004,0x2A,0x34
98004,2.222312925170068,0x7A,0x0D
98015,2.222562358276644,0xE2,0xF4
98022,2.222721088435374,0xF2,0x04
98029,2.2228798185941043,0xEA,0x24
98037,2.223061224489796,0xFA,0x07
98041,2.223151927437642,0x08,0x7A
98051,2.223378684807256,0x2B,0x48
98068,2.223764172335601,0xE3,0xF4
98079,2.224013605442177,0xEB,0x24
98092,2.2243083900226757,0xF3,0x04
98098,2.2244444444444444,0x7B,0x0D
98104,2.2245804988662132,0xFB,0x07
98109,2.2246938775510205,0x08,0x7B
98120,2.224943310657596,0x2C,0x44
98137,2.225328798185941,0xE4,0xF4
98148,2.225578231292517,0xEC,0x24
98161,2.225873015873016,0xF4,0x04
98167,2.2260090702947846,0x7C,0x10
