world_column,world_x_span,record,cell_count,unique_tile_codes,unique_patterns
0,0-7,0,64,8,8
1,8-15,0,64,8,8
2,16-23,0,64,8,8
3,24-31,0,64,8,8
4,32-39,0,64,9,9
5,40-47,0,64,9,9
6,48-55,0,64,9,9
7,56-63,0,64,9,9
8,64-71,0,64,9,9
9,72-79,0,64,9,9
10,80-87,0,64,9,9
11,88-95,0,64,9,9
12,96-103,0,64,9,9
13,104-111,0,64,9,9
14,112-119,0,64,9,9
15,120-127,0,64,9,9
16,128-135,0,64,9,9
17,136-143,0,64,9,9
18,144-151,0,64,9,9
19,152-159,0,64,9,9
20,160-167,0,64,9,9
21,168-175,0,64,9,9
22,176-183,0,64,9,9
23,184-191,0,64,9,9
24,192-199,0,64,9,9
25,200-207,0,64,9,9
26,208-215,0,64,9,9
27,216-223,0,64,9,9
28,224-231,0,64,9,9
29,232-239,0,64,9,9
30,240-247,0,64,9,9
31,248-255,0,64,9,9
32,256-263,0,64,9,9
33,264-271,0,64,9,9
34,272-279,0,64,9,9
35,280-287,0,64,9,9
36,288-295,0,64,9,9
37,296-303,0,64,9,9
38,304-311,0,64,9,9
39,312-319,0,64,9,9
40,320-327,0,64,9,9
41,328-335,0,64,9,9
42,336-343,0,64,9,9
43,344-351,0,64,9,9
44,352-359,0,64,9,9
45,360-367,0,64,9,9
46,368-375,0,64,9,9
47,376-383,0,64,9,9
48,384-391,0,64,9,9
49,392-399,0,64,9,9
50,400-407,0,64,9,9
51,408-415,0,64,9,9
52,416-423,0,64,9,9
53,424-431,0,64,9,9
54,432-439,0,64,9,9
55,440-447,0,64,9,9
56,448-455,0,64,9,9
57,456-463,0,64,9,9
58,464-471,0,64,9,9
59,472-479,0,64,9,9
60,480-487,0,64,9,9
61,488-495,0,64,9,9
62,496-503,0,64,9,9
63,504-511,0,64,9,9
64,512-519,1,64,9,9
65,520-527,1,64,9,9
66,528-535,1,64,9,9
67,536-543,1,64,9,9
68,544-551,1,64,9,9
69,552-559,1,64,9,9
70,560-567,1,64,9,9
71,568-575,1,64,9,9
72,576-583,1,64,9,9
73,584-591,1,64,9,9
74,592-599,1,64,9,9
75,600-607,1,64,9,9
76,608-615,1,64,9,9
77,616-623,1,64,9,9
78,624-631,1,64,9,9
79,632-639,1,64,9,9
80,640-647,1,64,9,9
81,648-655,1,64,9,9
82,656-663,1,64,9,9
83,664-671,1,64,9,9
84,672-679,1,64,9,9
85,680-687,1,64,9,9
86,688-695,1,64,9,9
87,696-703,1,64,9,9
88,704-711,1,64,9,9
89,712-719,1,64,9,9
90,720-727,1,64,9,9
91,728-735,1,64,9,9
92,736-743,1,64,9,9
93,744-751,1,64,9,9
94,752-759,1,64,9,9
95,760-767,1,64,9,9
96,768-775,1,64,13,13
97,776-783,1,64,13,13
98,784-791,1,64,13,13
99,792-799,1,64,13,13
100,800-807,1,64,16,15
101,808-815,1,64,16,15
102,816-823,1,64,16,15
103,824-831,1,64,16,15
104,832-839,1,64,17,17
105,840-847,1,64,17,17
106,848-855,1,64,17,17
107,856-863,1,64,17,17
108,864-871,1,64,16,16
109,872-879,1,64,16,16
110,880-887,1,64,16,16
111,888-895,1,64,16,16
112,896-903,1,64,12,12
113,904-911,1,64,12,12
114,912-919,1,64,12,12
115,920-927,1,64,12,12
116,928-935,1,64,16,16
117,936-943,1,64,16,16
118,944-951,1,64,16,16
119,952-959,1,64,16,16
120,960-967,1,64,16,16
121,968-975,1,64,16,16
122,976-983,1,64,16,16
123,984-991,1,64,16,16
124,992-999,1,64,16,16
125,1000-1007,1,64,16,16
126,1008-1015,1,64,16,16
127,1016-1023,1,64,16,16
128,1024-1031,2,64,12,12
129,1032-1039,2,64,12,12
130,1040-1047,2,64,12,12
131,1048-1055,2,64,12,12
132,1056-1063,2,64,12,12
133,1064-1071,2,64,12,12
134,1072-1079,2,64,12,12
135,1080-1087,2,64,12,12
136,1088-1095,2,64,16,16
137,1096-1103,2,64,16,16
138,1104-1111,2,64,16,16
139,1112-1119,2,64,16,16
140,1120-1127,2,64,12,12
141,1128-1135,2,64,12,12
142,1136-1143,2,64,12,12
143,1144-1151,2,64,12,12
144,1152-1159,2,64,16,16
145,1160-1167,2,64,16,16
146,1168-1175,2,64,16,16
147,1176-1183,2,64,16,16
148,1184-1191,2,64,12,12
149,1192-1199,2,64,12,12
150,1200-1207,2,64,12,12
151,1208-1215,2,64,12,12
152,1216-1223,2,64,16,16
153,1224-1231,2,64,16,16
154,1232-1239,2,64,16,16
155,1240-1247,2,64,16,16
156,1248-1255,2,64,12,12
157,1256-1263,2,64,12,12
158,1264-1271,2,64,12,12
159,1272-1279,2,64,12,12
160,1280-1287,2,64,12,12
161,1288-1295,2,64,12,12
162,1296-1303,2,64,12,12
163,1304-1311,2,64,12,12
164,1312-1319,2,64,14,13
165,1320-1327,2,64,15,14
166,1328-1335,2,64,16,15
167,1336-1343,2,64,16,16
168,1344-1351,2,64,26,25
169,1352-1359,2,64,27,26
170,1360-1367,2,64,30,29
171,1368-1375,2,64,27,26
172,1376-1383,2,64,20,19
173,1384-1391,2,64,23,22
174,1392-1399,2,64,28,27
175,1400-1407,2,64,23,22
176,1408-1415,2,64,25,25
177,1416-1423,2,64,21,20
178,1424-1431,2,64,21,20
179,1432-1439,2,64,20,19
180,1440-1447,2,64,17,17
181,1448-1455,2,64,17,17
182,1456-1463,2,64,14,13
183,1464-1471,2,64,13,12
184,1472-1479,2,64,9,9
185,1480-1487,2,64,9,9
186,1488-1495,2,64,9,9
187,1496-1503,2,64,9,9
188,1504-1511,2,64,9,9
189,1512-1519,2,64,9,9
190,1520-1527,2,64,9,9
191,1528-1535,2,64,9,9
192,1536-1543,3,64,9,9
193,1544-1551,3,64,9,9
194,1552-1559,3,64,9,9
195,1560-1567,3,64,9,9
196,1568-1575,3,64,9,9
197,1576-1583,3,64,9,9
198,1584-1591,3,64,9,9
199,1592-1599,3,64,9,9
200,1600-1607,3,64,9,9
201,1608-1615,3,64,9,9
202,1616-1623,3,64,9,9
203,1624-1631,3,64,9,9
204,1632-1639,3,64,9,9
205,1640-1647,3,64,9,9
206,1648-1655,3,64,9,9
207,1656-1663,3,64,9,9
208,1664-1671,3,64,9,9
209,1672-1679,3,64,9,9
210,1680-1687,3,64,9,9
211,1688-1695,3,64,9,9
212,1696-1703,3,64,9,9
213,1704-1711,3,64,9,9
214,1712-1719,3,64,9,9
215,1720-1727,3,64,9,9
216,1728-1735,3,64,9,9
217,1736-1743,3,64,9,9
218,1744-1751,3,64,9,9
219,1752-1759,3,64,9,9
220,1760-1767,3,64,9,9
221,1768-1775,3,64,9,9
222,1776-1783,3,64,9,9
223,1784-1791,3,64,9,9
224,1792-1799,3,64,9,9
225,1800-1807,3,64,9,9
226,1808-1815,3,64,9,9
227,1816-1823,3,64,9,9
228,1824-1831,3,64,21,21
229,1832-1839,3,64,21,21
230,1840-1847,3,64,21,21
231,1848-1855,3,64,21,21
232,1856-1863,3,64,25,25
233,1864-1871,3,64,27,27
234,1872-1879,3,64,26,26
235,1880-1887,3,64,25,25
236,1888-1895,3,64,17,17
237,1896-1903,3,64,19,19
238,1904-1911,3,64,18,18
239,1912-1919,3,64,17,17
240,1920-1927,3,64,25,25
241,1928-1935,3,64,25,25
242,1936-1943,3,64,25,25
243,1944-1951,3,64,23,23
244,1952-1959,3,64,13,13
245,1960-1967,3,64,13,13
246,1968-1975,3,64,13,13
247,1976-1983,3,64,13,13
248,1984-1991,3,64,9,9
249,1992-1999,3,64,9,9
250,2000-2007,3,64,9,9
251,2008-2015,3,64,9,9
252,2016-2023,3,64,9,9
253,2024-2031,3,64,9,9
254,2032-2039,3,64,9,9
255,2040-2047,3,64,9,9
256,2048-2055,4,64,9,9
257,2056-2063,4,64,9,9
258,2064-2071,4,64,9,9
259,2072-2079,4,64,9,9
260,2080-2087,4,64,9,9
261,2088-2095,4,64,9,9
262,2096-2103,4,64,9,9
263,2104-2111,4,64,9,9
264,2112-2119,4,64,9,9
265,2120-2127,4,64,9,9
266,2128-2135,4,64,9,9
267,2136-2143,4,64,9,9
268,2144-2151,4,64,9,9
269,2152-2159,4,64,9,9
270,2160-2167,4,64,9,9
271,2168-2175,4,64,9,9
272,2176-2183,4,64,14,13
273,2184-2191,4,64,15,14
274,2192-2199,4,64,21,20
275,2200-2207,4,64,21,21
276,2208-2215,4,64,26,25
277,2216-2223,4,64,25,24
278,2224-2231,4,64,28,27
279,2232-2239,4,64,25,25
280,2240-2247,4,64,30,29
281,2248-2255,4,64,29,28
282,2256-2263,4,64,32,31
283,2264-2271,4,64,29,29
284,2272-2279,4,64,19,19
285,2280-2287,4,64,22,22
286,2288-2295,4,64,31,31
287,2296-2303,4,64,23,23
288,2304-2311,4,64,24,24
289,2312-2319,4,64,20,20
290,2320-2327,4,64,20,20
291,2328-2335,4,64,20,20
292,2336-2343,4,64,20,20
293,2344-2351,4,64,20,20
294,2352-2359,4,64,20,20
295,2360-2367,4,64,20,20
296,2368-2375,4,64,24,24
297,2376-2383,4,64,24,24
298,2384-2391,4,64,24,24
299,2392-2399,4,64,24,24
300,2400-2407,4,64,16,16
301,2408-2415,4,64,16,16
302,2416-2423,4,64,16,16
303,2424-2431,4,64,16,16
304,2432-2439,4,64,16,16
305,2440-2447,4,64,16,16
306,2448-2455,4,64,16,16
307,2456-2463,4,64,16,16
308,2464-2471,4,64,20,20
309,2472-2479,4,64,22,22
310,2480-2487,4,64,22,22
311,2488-2495,4,64,23,23
312,2496-2503,4,64,20,20
313,2504-2511,4,64,20,20
314,2512-2519,4,64,20,20
315,2520-2527,4,64,22,22
316,2528-2535,4,64,17,17
317,2536-2543,4,64,14,13
318,2544-2551,4,64,11,10
319,2552-2559,4,64,11,10
320,2560-2567,5,64,9,9
321,2568-2575,5,64,9,9
322,2576-2583,5,64,9,9
323,2584-2591,5,64,9,9
324,2592-2599,5,64,9,9
325,2600-2607,5,64,9,9
326,2608-2615,5,64,9,9
327,2616-2623,5,64,9,9
328,2624-2631,5,64,13,13
329,2632-2639,5,64,13,13
330,2640-2647,5,64,13,13
331,2648-2655,5,64,13,13
332,2656-2663,5,64,9,9
333,2664-2671,5,64,9,9
334,2672-2679,5,64,9,9
335,2680-2687,5,64,9,9
336,2688-2695,5,64,13,13
337,2696-2703,5,64,13,13
338,2704-2711,5,64,13,13
339,2712-2719,5,64,13,13
340,2720-2727,5,64,13,13
341,2728-2735,5,64,13,13
342,2736-2743,5,64,13,13
343,2744-2751,5,64,13,13
344,2752-2759,5,64,9,9
345,2760-2767,5,64,9,9
346,2768-2775,5,64,9,9
347,2776-2783,5,64,9,9
348,2784-2791,5,64,9,9
349,2792-2799,5,64,9,9
350,2800-2807,5,64,9,9
351,2808-2815,5,64,9,9
352,2816-2823,5,64,17,17
353,2824-2831,5,64,17,17
354,2832-2839,5,64,17,17
355,2840-2847,5,64,17,17
356,2848-2855,5,64,9,9
357,2856-2863,5,64,9,9
358,2864-2871,5,64,9,9
359,2872-2879,5,64,9,9
360,2880-2887,5,64,9,9
361,2888-2895,5,64,9,9
362,2896-2903,5,64,9,9
363,2904-2911,5,64,9,9
364,2912-2919,5,64,9,9
365,2920-2927,5,64,9,9
366,2928-2935,5,64,9,9
367,2936-2943,5,64,9,9
368,2944-2951,5,64,9,9
369,2952-2959,5,64,9,9
370,2960-2967,5,64,9,9
371,2968-2975,5,64,9,9
372,2976-2983,5,64,5,5
373,2984-2991,5,64,5,5
374,2992-2999,5,64,5,5
375,3000-3007,5,64,5,5
376,3008-3015,5,64,5,5
377,3016-3023,5,64,5,5
378,3024-3031,5,64,5,5
379,3032-3039,5,64,5,5
380,3040-3047,5,64,5,5
381,3048-3055,5,64,5,5
382,3056-3063,5,64,5,5
383,3064-3071,5,64,5,5
384,3072-3079,6,64,10,9
385,3080-3087,6,64,11,10
386,3088-3095,6,64,17,16
387,3096-3103,6,64,17,17
388,3104-3111,6,64,22,21
389,3112-3119,6,64,21,20
390,3120-3127,6,64,24,23
391,3128-3135,6,64,21,21
392,3136-3143,6,64,26,25
393,3144-3151,6,64,25,24
394,3152-3159,6,64,26,25
395,3160-3167,6,64,23,22
396,3168-3175,6,64,18,17
397,3176-3183,6,64,22,21
398,3184-3191,6,64,28,27
399,3192-3199,6,64,23,22
400,3200-3207,6,64,25,25
401,3208-3215,6,64,21,20
402,3216-3223,6,64,21,20
403,3224-3231,6,64,20,19
404,3232-3239,6,64,17,17
405,3240-3247,6,64,17,17
406,3248-3255,6,64,14,13
407,3256-3263,6,64,13,12
408,3264-3271,6,64,12,11
409,3272-3279,6,64,12,11
410,3280-3287,6,64,12,11
411,3288-3295,6,64,10,9
412,3296-3303,6,64,9,9
413,3304-3311,6,64,9,9
414,3312-3319,6,64,9,9
415,3320-3327,6,64,9,9
416,3328-3335,6,64,9,9
417,3336-3343,6,64,9,9
418,3344-3351,6,64,9,9
419,3352-3359,6,64,9,9
420,3360-3367,6,64,9,9
421,3368-3375,6,64,9,9
422,3376-3383,6,64,9,9
423,3384-3391,6,64,9,9
424,3392-3399,6,64,9,9
425,3400-3407,6,64,9,9
426,3408-3415,6,64,9,9
427,3416-3423,6,64,9,9
428,3424-3431,6,64,9,9
429,3432-3439,6,64,9,9
430,3440-3447,6,64,9,9
431,3448-3455,6,64,9,9
432,3456-3463,6,64,9,9
433,3464-3471,6,64,9,9
434,3472-3479,6,64,9,9
435,3480-3487,6,64,9,9
436,3488-3495,6,64,13,13
437,3496-3503,6,64,13,13
438,3504-3511,6,64,13,13
439,3512-3519,6,64,13,13
440,3520-3527,6,64,9,9
441,3528-3535,6,64,9,9
442,3536-3543,6,64,9,9
443,3544-3551,6,64,9,9
444,3552-3559,6,64,9,9
445,3560-3567,6,64,9,9
446,3568-3575,6,64,9,9
447,3576-3583,6,64,9,9
448,3584-3591,7,64,9,9
449,3592-3599,7,64,9,9
450,3600-3607,7,64,9,9
451,3608-3615,7,64,9,9
452,3616-3623,7,64,9,9
453,3624-3631,7,64,9,9
454,3632-3639,7,64,9,9
455,3640-3647,7,64,9,9
456,3648-3655,7,64,9,9
457,3656-3663,7,64,9,9
458,3664-3671,7,64,9,9
459,3672-3679,7,64,9,9
460,3680-3687,7,64,9,9
461,3688-3695,7,64,9,9
462,3696-3703,7,64,9,9
463,3704-3711,7,64,9,9
464,3712-3719,7,64,9,9
465,3720-3727,7,64,9,9
466,3728-3735,7,64,9,9
467,3736-3743,7,64,9,9
468,3744-3751,7,64,13,13
469,3752-3759,7,64,13,13
470,3760-3767,7,64,13,13
471,3768-3775,7,64,13,13
472,3776-3783,7,64,16,15
473,3784-3791,7,64,16,15
474,3792-3799,7,64,16,15
475,3800-3807,7,64,16,15
476,3808-3815,7,64,16,15
477,3816-3823,7,64,16,15
478,3824-3831,7,64,18,18
479,3832-3839,7,64,18,18
480,3840-3847,7,64,17,17
481,3848-3855,7,64,17,17
482,3856-3863,7,64,17,17
483,3864-3871,7,64,17,17
484,3872-3879,7,64,17,17
485,3880-3887,7,64,17,17
486,3888-3895,7,64,17,17
487,3896-3903,7,64,17,17
488,3904-3911,7,64,21,21
489,3912-3919,7,64,21,21
490,3920-3927,7,64,21,21
491,3928-3935,7,64,21,21
492,3936-3943,7,64,20,20
493,3944-3951,7,64,20,20
494,3952-3959,7,64,20,20
495,3960-3967,7,64,20,20
496,3968-3975,7,64,20,20
497,3976-3983,7,64,20,20
498,3984-3991,7,64,20,20
499,3992-3999,7,64,20,20
500,4000-4007,7,64,16,16
501,4008-4015,7,64,16,16
502,4016-4023,7,64,16,16
503,4024-4031,7,64,16,16
504,4032-4039,7,64,20,20
505,4040-4047,7,64,20,20
506,4048-4055,7,64,20,20
507,4056-4063,7,64,20,20
508,4064-4071,7,64,20,20
509,4072-4079,7,64,20,20
510,4080-4087,7,64,20,20
511,4088-4095,7,64,20,20
512,4096-4103,8,64,15,15
513,4104-4111,8,64,15,15
514,4112-4119,8,64,15,15
515,4120-4127,8,64,15,15
516,4128-4135,8,64,19,19
517,4136-4143,8,64,20,20
518,4144-4151,8,64,20,20
519,4152-4159,8,64,21,21
520,4160-4167,8,64,16,15
521,4168-4175,8,64,16,15
522,4176-4183,8,64,16,15
523,4184-4191,8,64,16,15
524,4192-4199,8,64,16,15
525,4200-4207,8,64,16,15
526,4208-4215,8,64,16,15
527,4216-4223,8,64,16,15
528,4224-4231,8,64,16,15
529,4232-4239,8,64,16,15
530,4240-4247,8,64,16,15
531,4248-4255,8,64,16,15
532,4256-4263,8,64,16,15
533,4264-4271,8,64,16,15
534,4272-4279,8,64,16,15
535,4280-4287,8,64,16,15
536,4288-4295,8,64,20,19
537,4296-4303,8,64,20,19
538,4304-4311,8,64,20,19
539,4312-4319,8,64,20,19
540,4320-4327,8,64,16,15
541,4328-4335,8,64,16,15
542,4336-4343,8,64,16,15
543,4344-4351,8,64,16,15
544,4352-4359,8,64,20,19
545,4360-4367,8,64,20,19
546,4368-4375,8,64,20,19
547,4376-4383,8,64,20,19
548,4384-4391,8,64,16,15
549,4392-4399,8,64,16,15
550,4400-4407,8,64,16,15
551,4408-4415,8,64,16,15
552,4416-4423,8,64,17,16
553,4424-4431,8,64,17,16
554,4432-4439,8,64,17,16
555,4440-4447,8,64,17,16
556,4448-4455,8,64,13,12
557,4456-4463,8,64,13,12
558,4464-4471,8,64,13,12
559,4472-4479,8,64,13,12
560,4480-4487,8,64,13,12
561,4488-4495,8,64,13,12
562,4496-4503,8,64,13,12
563,4504-4511,8,64,13,12
564,4512-4519,8,64,9,9
565,4520-4527,8,64,9,9
566,4528-4535,8,64,9,9
567,4536-4543,8,64,9,9
568,4544-4551,8,64,9,9
569,4552-4559,8,64,9,9
570,4560-4567,8,64,9,9
571,4568-4575,8,64,9,9
572,4576-4583,8,64,9,9
573,4584-4591,8,64,9,9
574,4592-4599,8,64,9,9
575,4600-4607,8,64,9,9
576,4608-4615,9,64,9,9
577,4616-4623,9,64,9,9
578,4624-4631,9,64,9,9
579,4632-4639,9,64,9,9
580,4640-4647,9,64,9,9
581,4648-4655,9,64,9,9
582,4656-4663,9,64,9,9
583,4664-4671,9,64,9,9
584,4672-4679,9,64,9,9
585,4680-4687,9,64,9,9
586,4688-4695,9,64,9,9
587,4696-4703,9,64,9,9
588,4704-4711,9,64,9,9
589,4712-4719,9,64,9,9
590,4720-4727,9,64,9,9
591,4728-4735,9,64,9,9
592,4736-4743,9,64,9,9
593,4744-4751,9,64,9,9
594,4752-4759,9,64,9,9
595,4760-4767,9,64,9,9
596,4768-4775,9,64,9,9
597,4776-4783,9,64,9,9
598,4784-4791,9,64,9,9
599,4792-4799,9,64,9,9
600,4800-4807,9,64,11,11
601,4808-4815,9,64,11,10
602,4816-4823,9,64,13,12
603,4824-4831,9,64,12,11
604,4832-4839,9,64,11,11
605,4840-4847,9,64,12,11
606,4848-4855,9,64,16,15
607,4856-4863,9,64,15,14
608,4864-4871,9,64,9,9
609,4872-4879,9,64,8,7
610,4880-4887,9,64,6,5
611,4888-4895,9,64,5,4
612,4896-4903,9,64,4,3
613,4904-4911,9,64,4,3
614,4912-4919,9,64,4,3
615,4920-4927,9,64,4,3
616,4928-4935,9,64,4,3
617,4936-4943,9,64,4,3
618,4944-4951,9,64,4,3
619,4952-4959,9,64,4,3
620,4960-4967,9,64,4,3
621,4968-4975,9,64,4,3
622,4976-4983,9,64,4,3
623,4984-4991,9,64,4,3
624,4992-4999,9,64,4,3
625,5000-5007,9,64,4,3
626,5008-5015,9,64,4,3
627,5016-5023,9,64,4,3
628,5024-5031,9,64,4,3
629,5032-5039,9,64,4,3
630,5040-5047,9,64,4,3
631,5048-5055,9,64,4,3
632,5056-5063,9,64,4,3
633,5064-5071,9,64,4,3
634,5072-5079,9,64,4,3
635,5080-5087,9,64,4,3
636,5088-5095,9,64,4,3
637,5096-5103,9,64,4,3
638,5104-5111,9,64,7,6
639,5112-5119,9,64,8,7
640,5120-5127,10,64,12,11
641,5128-5135,10,64,13,12
642,5136-5143,10,64,18,17
643,5144-5151,10,64,16,15
644,5152-5159,10,64,16,15
645,5160-5167,10,64,15,14
646,5168-5175,10,64,16,15
647,5176-5183,10,64,15,15
648,5184-5191,10,64,18,17
649,5192-5199,10,64,20,19
650,5200-5207,10,64,27,26
651,5208-5215,10,64,25,25
652,5216-5223,10,64,25,24
653,5224-5231,10,64,28,27
654,5232-5239,10,64,31,30
655,5240-5247,10,64,26,26
656,5248-5255,10,64,23,23
657,5256-5263,10,64,25,25
658,5264-5271,10,64,28,28
659,5272-5279,10,64,24,24
660,5280-5287,10,64,20,20
661,5288-5295,10,64,20,20
662,5296-5303,10,64,20,20
663,5304-5311,10,64,20,20
664,5312-5319,10,64,16,16
665,5320-5327,10,64,16,16
666,5328-5335,10,64,16,16
667,5336-5343,10,64,16,16
668,5344-5351,10,64,16,16
669,5352-5359,10,64,16,16
670,5360-5367,10,64,16,16
671,5368-5375,10,64,16,16
672,5376-5383,10,64,20,20
673,5384-5391,10,64,20,20
674,5392-5399,10,64,20,20
675,5400-5407,10,64,20,20
676,5408-5415,10,64,20,20
677,5416-5423,10,64,20,20
678,5424-5431,10,64,20,20
679,5432-5439,10,64,20,20
680,5440-5447,10,64,16,16
681,5448-5455,10,64,16,16
682,5456-5463,10,64,16,16
683,5464-5471,10,64,16,16
684,5472-5479,10,64,13,13
685,5480-5487,10,64,15,15
686,5488-5495,10,64,23,23
687,5496-5503,10,64,20,20
688,5504-5511,10,64,25,25
689,5512-5519,10,64,18,17
690,5520-5527,10,64,17,16
691,5528-5535,10,64,15,14
692,5536-5543,10,64,9,9
693,5544-5551,10,64,9,9
694,5552-5559,10,64,9,9
695,5560-5567,10,64,9,9
696,5568-5575,10,64,21,21
697,5576-5583,10,64,21,21
698,5584-5591,10,64,21,21
699,5592-5599,10,64,21,21
700,5600-5607,10,64,29,29
701,5608-5615,10,64,31,31
702,5616-5623,10,64,28,28
703,5624-5631,10,64,27,27
704,5632-5639,11,64,21,21
705,5640-5647,11,64,23,23
706,5648-5655,11,64,22,22
707,5656-5663,11,64,21,21
708,5664-5671,11,64,25,25
709,5672-5679,11,64,27,27
710,5680-5687,11,64,26,26
711,5688-5695,11,64,25,25
712,5696-5703,11,64,21,21
713,5704-5711,11,64,23,23
714,5712-5719,11,64,22,22
715,5720-5727,11,64,21,21
716,5728-5735,11,64,21,21
717,5736-5743,11,64,21,21
718,5744-5751,11,64,21,21
719,5752-5759,11,64,21,21
720,5760-5767,11,64,29,29
721,5768-5775,11,64,31,31
722,5776-5783,11,64,30,30
723,5784-5791,11,64,29,29
724,5792-5799,11,64,25,25
725,5800-5807,11,64,27,27
726,5808-5815,11,64,26,26
727,5816-5823,11,64,24,24
728,5824-5831,11,64,21,21
729,5832-5839,11,64,23,23
730,5840-5847,11,64,22,22
731,5848-5855,11,64,21,21
732,5856-5863,11,64,33,33
733,5864-5871,11,64,33,33
734,5872-5879,11,64,30,30
735,5880-5887,11,64,27,27
736,5888-5895,11,64,18,17
737,5896-5903,11,64,19,18
738,5904-5911,11,64,25,24
739,5912-5919,11,64,25,25
740,5920-5927,11,64,25,25
741,5928-5935,11,64,24,24
742,5936-5943,11,64,24,24
743,5944-5951,11,64,24,24
744,5952-5959,11,64,16,16
745,5960-5967,11,64,16,16
746,5968-5975,11,64,16,16
747,5976-5983,11,64,16,16
748,5984-5991,11,64,13,13
749,5992-5999,11,64,15,15
750,6000-6007,11,64,19,19
751,6008-6015,11,64,15,15
752,6016-6023,11,64,20,20
753,6024-6031,11,64,20,20
754,6032-6039,11,64,20,20
755,6040-6047,11,64,20,20
756,6048-6055,11,64,20,20
757,6056-6063,11,64,20,20
758,6064-6071,11,64,20,20
759,6072-6079,11,64,20,20
760,6080-6087,11,64,12,12
761,6088-6095,11,64,12,12
762,6096-6103,11,64,12,12
763,6104-6111,11,64,12,12
764,6112-6119,11,64,16,16
765,6120-6127,11,64,16,16
766,6128-6135,11,64,16,16
767,6136-6143,11,64,16,16
768,6144-6151,12,64,12,12
769,6152-6159,12,64,12,12
770,6160-6167,12,64,12,12
771,6168-6175,12,64,12,12
772,6176-6183,12,64,20,20
773,6184-6191,12,64,20,20
774,6192-6199,12,64,20,20
775,6200-6207,12,64,20,20
776,6208-6215,12,64,16,16
777,6216-6223,12,64,16,16
778,6224-6231,12,64,16,16
779,6232-6239,12,64,16,16
780,6240-6247,12,64,20,20
781,6248-6255,12,64,20,20
782,6256-6263,12,64,20,20
783,6264-6271,12,64,20,20
784,6272-6279,12,64,13,13
785,6280-6287,12,64,13,13
786,6288-6295,12,64,15,15
787,6296-6303,12,64,14,14
788,6304-6311,12,64,17,17
789,6312-6319,12,64,21,21
790,6320-6327,12,64,24,24
791,6328-6335,12,64,23,23
792,6336-6343,12,64,26,26
793,6344-6351,12,64,23,22
794,6352-6359,12,64,24,23
795,6360-6367,12,64,25,24
796,6368-6375,12,64,23,23
797,6376-6383,12,64,20,19
798,6384-6391,12,64,21,20
799,6392-6399,12,64,20,19
800,6400-6407,12,64,13,13
801,6408-6415,12,64,13,13
802,6416-6423,12,64,14,13
803,6424-6431,12,64,13,12
804,6432-6439,12,64,12,11
805,6440-6447,12,64,12,11
806,6448-6455,12,64,12,11
807,6456-6463,12,64,8,7
808,6464-6471,12,64,12,11
809,6472-6479,12,64,13,12
810,6480-6487,12,64,18,17
811,6488-6495,12,64,16,15
812,6496-6503,12,64,16,15
813,6504-6511,12,64,15,14
814,6512-6519,12,64,18,17
815,6520-6527,12,64,16,15
816,6528-6535,12,64,14,13
817,6536-6543,12,64,13,12
818,6544-6551,12,64,18,17
819,6552-6559,12,64,15,15
820,6560-6567,12,64,14,13
821,6568-6575,12,64,16,15
822,6576-6583,12,64,23,22
823,6584-6591,12,64,21,21
824,6592-6599,12,64,24,24
825,6600-6607,12,64,25,25
826,6608-6615,12,64,26,26
827,6616-6623,12,64,21,21
828,6624-6631,12,64,18,18
829,6632-6639,12,64,19,19
830,6640-6647,12,64,21,21
831,6648-6655,12,64,20,20
832,6656-6663,13,64,12,12
833,6664-6671,13,64,12,12
834,6672-6679,13,64,12,12
835,6680-6687,13,64,12,12
836,6688-6695,13,64,20,20
837,6696-6703,13,64,20,20
838,6704-6711,13,64,20,20
839,6712-6719,13,64,20,20
840,6720-6727,13,64,16,16
841,6728-6735,13,64,18,18
842,6736-6743,13,64,18,18
843,6744-6751,13,64,19,19
844,6752-6759,13,64,16,16
845,6760-6767,13,64,16,16
846,6768-6775,13,64,16,16
847,6776-6783,13,64,16,16
848,6784-6791,13,64,20,20
849,6792-6799,13,64,20,20
850,6800-6807,13,64,20,20
851,6808-6815,13,64,20,20
852,6816-6823,13,64,16,16
853,6824-6831,13,64,16,16
854,6832-6839,13,64,16,16
855,6840-6847,13,64,16,16
856,6848-6855,13,64,31,31
857,6856-6863,13,64,28,28
858,6864-6871,13,64,28,28
859,6872-6879,13,64,30,30
860,6880-6887,13,64,34,34
861,6888-6895,13,64,36,35
862,6896-6903,13,64,36,35
863,6904-6911,13,64,37,36
864,6912-6919,13,64,28,28
865,6920-6927,13,64,29,28
866,6928-6935,13,64,29,28
867,6936-6943,13,64,30,29
868,6944-6951,13,64,21,21
869,6952-6959,13,64,18,17
870,6960-6967,13,64,18,17
871,6968-6975,13,64,18,17
872,6976-6983,13,64,13,13
873,6984-6991,13,64,13,13
874,6992-6999,13,64,13,13
875,7000-7007,13,64,13,13
876,7008-7015,13,64,13,13
877,7016-7023,13,64,13,13
878,7024-7031,13,64,13,13
879,7032-7039,13,64,13,13
880,7040-7047,13,64,17,17
881,7048-7055,13,64,17,17
882,7056-7063,13,64,17,17
883,7064-7071,13,64,17,17
884,7072-7079,13,64,17,17
885,7080-7087,13,64,17,17
886,7088-7095,13,64,17,17
887,7096-7103,13,64,17,17
888,7104-7111,13,64,13,13
889,7112-7119,13,64,13,13
890,7120-7127,13,64,13,13
891,7128-7135,13,64,13,13
892,7136-7143,13,64,17,17
893,7144-7151,13,64,17,17
894,7152-7159,13,64,17,17
895,7160-7167,13,64,17,17
896,7168-7175,14,64,17,17
897,7176-7183,14,64,17,17
898,7184-7191,14,64,17,17
899,7192-7199,14,64,17,17
900,7200-7207,14,64,17,17
901,7208-7215,14,64,17,17
902,7216-7223,14,64,17,17
903,7224-7231,14,64,17,17
904,7232-7239,14,64,17,17
905,7240-7247,14,64,17,17
906,7248-7255,14,64,17,17
907,7256-7263,14,64,17,17
908,7264-7271,14,64,13,13
909,7272-7279,14,64,13,13
910,7280-7287,14,64,13,13
911,7288-7295,14,64,13,13
912,7296-7303,14,64,13,13
913,7304-7311,14,64,13,13
914,7312-7319,14,64,13,13
915,7320-7327,14,64,13,13
916,7328-7335,14,64,13,13
917,7336-7343,14,64,13,13
918,7344-7351,14,64,13,13
919,7352-7359,14,64,13,13
920,7360-7367,14,64,23,23
921,7368-7375,14,64,22,22
922,7376-7383,14,64,22,22
923,7384-7391,14,64,23,23
924,7392-7399,14,64,13,13
925,7400-7407,14,64,13,13
926,7408-7415,14,64,13,13
927,7416-7423,14,64,13,13
928,7424-7431,14,64,15,14
929,7432-7439,14,64,16,15
930,7440-7447,14,64,17,16
931,7448-7455,14,64,17,17
932,7456-7463,14,64,24,23
933,7464-7471,14,64,26,25
934,7472-7479,14,64,29,28
935,7480-7487,14,64,27,26
936,7488-7495,14,64,20,19
937,7496-7503,14,64,23,22
938,7504-7511,14,64,28,27
939,7512-7519,14,64,23,22
940,7520-7527,14,64,25,25
941,7528-7535,14,64,21,20
942,7536-7543,14,64,21,20
943,7544-7551,14,64,20,19
944,7552-7559,14,64,17,17
945,7560-7567,14,64,17,17
946,7568-7575,14,64,14,13
947,7576-7583,14,64,13,12
948,7584-7591,14,64,12,11
949,7592-7599,14,64,12,11
950,7600-7607,14,64,12,11
951,7608-7615,14,64,10,9
952,7616-7623,14,64,9,9
953,7624-7631,14,64,9,9
954,7632-7639,14,64,9,9
955,7640-7647,14,64,9,9
956,7648-7655,14,64,9,9
957,7656-7663,14,64,9,9
958,7664-7671,14,64,9,9
959,7672-7679,14,64,9,9
960,7680-7687,15,64,9,9
961,7688-7695,15,64,9,9
962,7696-7703,15,64,9,9
963,7704-7711,15,64,9,9
964,7712-7719,15,64,10,10
965,7720-7727,15,64,10,10
966,7728-7735,15,64,11,11
967,7736-7743,15,64,13,13
968,7744-7751,15,64,6,6
969,7752-7759,15,64,6,6
970,7760-7767,15,64,6,6
971,7768-7775,15,64,6,6
972,7776-7783,15,64,6,6
973,7784-7791,15,64,7,7
974,7792-7799,15,64,7,7
975,7800-7807,15,64,6,6
976,7808-7815,15,64,7,7
977,7816-7823,15,64,11,11
978,7824-7831,15,64,10,9
979,7832-7839,15,64,9,8
980,7840-7847,15,64,7,7
981,7848-7855,15,64,9,8
982,7856-7863,15,64,8,7
983,7864-7871,15,64,7,6
984,7872-7879,15,64,7,6
985,7880-7887,15,64,6,5
986,7888-7895,15,64,6,5
987,7896-7903,15,64,5,4
988,7904-7911,15,64,5,4
989,7912-7919,15,64,5,4
990,7920-7927,15,64,5,4
991,7928-7935,15,64,5,4
992,7936-7943,15,64,5,4
993,7944-7951,15,64,5,4
994,7952-7959,15,64,5,5
995,7960-7967,15,64,5,5
996,7968-7975,15,64,7,6
997,7976-7983,15,64,7,6
998,7984-7991,15,64,8,7
999,7992-7999,15,64,12,12
1000,8000-8007,15,64,21,20
1001,8008-8015,15,64,19,19
1002,8016-8023,15,64,17,17
1003,8024-8031,15,64,25,25
1004,8032-8039,15,64,16,16
1005,8040-8047,15,64,15,15
1006,8048-8055,15,64,22,22
1007,8056-8063,15,64,17,17
1008,8064-8071,15,64,11,11
1009,8072-8079,15,64,7,7
1010,8080-8087,15,64,7,7
1011,8088-8095,15,64,14,14
1012,8096-8103,15,64,19,19
1013,8104-8111,15,64,12,12
1014,8112-8119,15,64,11,11
1015,8120-8127,15,64,10,10
1016,8128-8135,15,64,13,13
1017,8136-8143,15,64,17,17
1018,8144-8151,15,64,13,13
1019,8152-8159,15,64,7,7
1020,8160-8167,15,64,2,2
1021,8168-8175,15,64,6,6
1022,8176-8183,15,64,10,10
1023,8184-8191,15,64,10,10
