pc,name,body_min,body_max,span_bytes,status,subsystem,tracked,semantic_file
0x000000,vector_2e_target_000000,0x000000,0x00002c,44,NOT_DECOMPILED,INTERRUPTS_TIMING_VBLANK_SYSTEM,0,
0x000100,FUN_00000100,0x000100,0x0006a8,1448,NOT_DECOMPILED,INTERRUPTS_TIMING_VBLANK_SYSTEM,0,
0x00016a,FUN_0000016a,0x00016a,0x00017e,20,NOT_DECOMPILED,INTERRUPTS_TIMING_VBLANK_SYSTEM,0,
0x000180,FUN_00000180,0x000180,0x0001c0,64,NOT_DECOMPILED,INTERRUPTS_TIMING_VBLANK_SYSTEM,0,
0x0001c2,FUN_000001c2,0x0001c2,0x0001d6,20,NOT_DECOMPILED,INTERRUPTS_TIMING_VBLANK_SYSTEM,0,
0x0001d8,FUN_000001d8,0x0001d8,0x0001e0,8,NOT_DECOMPILED,INTERRUPTS_TIMING_VBLANK_SYSTEM,0,
0x0001e2,FUN_000001e2,0x0001e2,0x00020e,44,NOT_DECOMPILED,INTERRUPTS_TIMING_VBLANK_SYSTEM,0,
0x000210,FUN_00000210,0x000210,0x000238,40,NOT_DECOMPILED,INTERRUPTS_TIMING_VBLANK_SYSTEM,0,
0x000252,FUN_00000252,0x000252,0x000262,16,NOT_DECOMPILED,INTERRUPTS_TIMING_VBLANK_SYSTEM,0,
0x000264,FUN_00000264,0x000264,0x0002a4,64,NOT_DECOMPILED,INTERRUPTS_TIMING_VBLANK_SYSTEM,0,
0x0002ca,FUN_000002ca,0x0002ca,0x00034e,132,NOT_DECOMPILED,INTERRUPTS_TIMING_VBLANK_SYSTEM,0,
0x000350,FUN_00000350,0x000350,0x00038c,60,NOT_DECOMPILED,INTERRUPTS_TIMING_VBLANK_SYSTEM,0,
0x00038e,FUN_0000038e,0x00038e,0x0003a2,20,NOT_DECOMPILED,INTERRUPTS_TIMING_VBLANK_SYSTEM,0,
0x0003a4,FUN_000003a4,0x0003a4,0x0004a0,252,NOT_DECOMPILED,INTERRUPTS_TIMING_VBLANK_SYSTEM,0,
0x0004a2,FUN_000004a2,0x0004a2,0x0004b0,14,NOT_DECOMPILED,INIT_RESET_MEMORY,0,
0x0004b2,FUN_000004b2,0x0004b2,0x0004c6,20,NOT_DECOMPILED,INIT_RESET_MEMORY,0,
0x0004c8,FUN_000004c8,0x0004c8,0x0004e0,24,NOT_DECOMPILED,INIT_RESET_MEMORY,0,
0x000502,FUN_00000502,0x000502,0x000528,38,NOT_DECOMPILED,INIT_RESET_MEMORY,0,
0x00052a,FUN_0000052a,0x00052a,0x00057a,80,NOT_DECOMPILED,INIT_RESET_MEMORY,0,
0x00057c,FUN_0000057c,0x00057c,0x0005ca,78,NOT_DECOMPILED,INIT_RESET_MEMORY,0,
0x0005cc,FUN_000005cc,0x0005cc,0x000662,150,NOT_DECOMPILED,INIT_RESET_MEMORY,0,
0x000664,FUN_00000664,0x000664,0x00067a,22,NOT_DECOMPILED,INIT_RESET_MEMORY,0,
0x00067c,FUN_0000067c,0x00067c,0x00068e,18,NOT_DECOMPILED,INIT_RESET_MEMORY,0,
0x0006aa,FUN_000006aa,0x0006aa,0x0006b8,14,NOT_DECOMPILED,INIT_RESET_MEMORY,0,
0x039f80,warm_restart_watchdog_gate,0x039f80,0x039fa6,38,NOT_DECOMPILED,PC090OJ_SPRITE_COMPOSITOR,0,
0x039fa8,FUN_00039fa8,0x039fa8,0x039fac,4,NOT_DECOMPILED,PC090OJ_SPRITE_COMPOSITOR,0,
0x03a000,vector_01_target_03a000,0x03a000,0x03a000,0,NOT_DECOMPILED,PC090OJ_SPRITE_COMPOSITOR,0,
0x03a004,vector_1e_target_03a004,0x03a004,0x03a004,0,NOT_DECOMPILED,PC090OJ_SPRITE_COMPOSITOR,0,
0x03a008,vector_1d_target_03a008,0x03a008,0x03a06a,98,COMPLETE,INTERRUPTS_TIMING_VBLANK_SYSTEM,1,rastan_execution_spine.c
0x03a080,FUN_0003a080,0x03a080,0x03a08a,10,COMPLETE,INTERRUPTS_TIMING_VBLANK_SYSTEM,1,rastan_execution_spine.c
0x03a08c,FUN_0003a08c,0x03a08c,0x03a098,12,NOT_DECOMPILED,PC090OJ_SPRITE_COMPOSITOR,0,
0x03a09a,FUN_0003a09a,0x03a09a,0x03a0a6,12,NOT_DECOMPILED,PC090OJ_SPRITE_COMPOSITOR,0,
0x03a0a8,FUN_0003a0a8,0x03a0a8,0x03a0ea,66,NOT_DECOMPILED,PC090OJ_SPRITE_COMPOSITOR,0,
0x03a0ec,FUN_0003a0ec,0x03a0ec,0x03a114,40,NOT_DECOMPILED,PC090OJ_SPRITE_COMPOSITOR,0,
0x03a116,FUN_0003a116,0x03a116,0x03a124,14,NOT_DECOMPILED,PC090OJ_SPRITE_COMPOSITOR,0,
0x03a126,FUN_0003a126,0x03a126,0x03a158,50,NOT_DECOMPILED,PC090OJ_SPRITE_COMPOSITOR,0,
0x03a196,frontend_state_dispatch_3a196,0x03a196,0x03a1aa,20,NOT_DECOMPILED,PC090OJ_SPRITE_COMPOSITOR,0,
0x03a1c4,frontend_state0_init_3a1c4,0x03a1c4,0x03a1fe,58,NOT_DECOMPILED,PC090OJ_SPRITE_COMPOSITOR,0,
0x03a200,frontend_state1_update_3a200,0x03a200,0x03a292,146,NOT_DECOMPILED,PC090OJ_SPRITE_COMPOSITOR,0,
0x03a294,FUN_0003a294,0x03a294,0x03a2b0,28,NOT_DECOMPILED,PC090OJ_SPRITE_COMPOSITOR,0,
0x03a2b2,FUN_0003a2b2,0x03a2b2,0x03a2ce,28,NOT_DECOMPILED,PC090OJ_SPRITE_COMPOSITOR,0,
0x03a2d0,FUN_0003a2d0,0x03a2d0,0x03a2d6,6,COMPLETE,BOSS_LOGIC,1,rastan_boss_composite.c
0x03a2d8,frontend_state2_update_3a2d8,0x03a2d8,0x03a302,42,NOT_DECOMPILED,PC090OJ_SPRITE_COMPOSITOR,0,
0x03a304,frontend_state3_update_3a304,0x03a304,0x03a37a,118,NOT_DECOMPILED,PC090OJ_SPRITE_COMPOSITOR,0,
0x03a37c,FUN_0003a37c,0x03a37c,0x03a398,28,NOT_DECOMPILED,PC090OJ_SPRITE_COMPOSITOR,0,
0x03a39a,frontend_state4_update_3a39a,0x03a39a,0x03a41e,132,NOT_DECOMPILED,PC090OJ_SPRITE_COMPOSITOR,0,
0x03a420,frontend_state5_update_3a420,0x03a420,0x03a44e,46,NOT_DECOMPILED,PC090OJ_SPRITE_COMPOSITOR,0,
0x03a450,frontend_state6_update_3a450,0x03a450,0x03a470,32,NOT_DECOMPILED,PC090OJ_SPRITE_COMPOSITOR,0,
0x03a474,frontend_state7_update_3a474,0x03a474,0x03a474,0,NOT_DECOMPILED,PC090OJ_SPRITE_COMPOSITOR,0,
0x03a478,frontend_state8_update_3a478,0x03a478,0x03a54e,214,NOT_DECOMPILED,PC090OJ_SPRITE_COMPOSITOR,0,
0x03a552,FUN_0003a552,0x03a552,0x03a564,18,NOT_DECOMPILED,PC090OJ_SPRITE_COMPOSITOR,0,
0x03ab7c,warm_restart_gate_caller_a,0x03ab7c,0x03abe0,100,NOT_DECOMPILED,PC090OJ_SPRITE_COMPOSITOR,0,
0x03abe2,FUN_0003abe2,0x03abe2,0x03abf4,18,NOT_DECOMPILED,PC090OJ_SPRITE_COMPOSITOR,0,
0x03ac04,FUN_0003ac04,0x03ac04,0x03ac88,132,NOT_DECOMPILED,PC090OJ_SPRITE_COMPOSITOR,0,
0x03ac8a,FUN_0003ac8a,0x03abf6,0x03acaa,180,NOT_DECOMPILED,PC090OJ_SPRITE_COMPOSITOR,0,
0x03acae,title_fg_glyph_producer_3acae,0x03acae,0x03acf0,66,NOT_DECOMPILED,PC090OJ_SPRITE_COMPOSITOR,0,
0x03acf4,FUN_0003acf4,0x03acf4,0x03ad3a,70,NOT_DECOMPILED,PC090OJ_SPRITE_COMPOSITOR,0,
0x03ad3c,FUN_0003ad3c,0x03ad3c,0x03ad42,6,NOT_DECOMPILED,PC090OJ_SPRITE_COMPOSITOR,0,
0x03ad44,FUN_0003ad44,0x03ad44,0x03ad4a,6,NOT_DECOMPILED,PC090OJ_SPRITE_COMPOSITOR,0,
0x03ad4c,FUN_0003ad4c,0x03ad4c,0x03ad70,36,NOT_DECOMPILED,PC090OJ_SPRITE_COMPOSITOR,0,
0x03ad72,FUN_0003ad72,0x03ad72,0x03ada4,50,NOT_DECOMPILED,PC090OJ_SPRITE_COMPOSITOR,0,
0x03adaa,FUN_0003adaa,0x03adaa,0x03adba,16,NOT_DECOMPILED,PC090OJ_SPRITE_COMPOSITOR,0,
0x03add8,FUN_0003add8,0x03add8,0x03ae26,78,NOT_DECOMPILED,PC090OJ_SPRITE_COMPOSITOR,0,
0x03ae28,FUN_0003ae28,0x03ae28,0x03ae3a,18,NOT_DECOMPILED,PC090OJ_SPRITE_COMPOSITOR,0,
0x03ae3c,FUN_0003ae3c,0x03ae3c,0x03ae44,8,NOT_DECOMPILED,PC090OJ_SPRITE_COMPOSITOR,0,
0x03ae46,FUN_0003ae46,0x03ae46,0x03ae4e,8,NOT_DECOMPILED,PC090OJ_SPRITE_COMPOSITOR,0,
0x03ae50,FUN_0003ae50,0x03ae50,0x03ae58,8,NOT_DECOMPILED,PC090OJ_SPRITE_COMPOSITOR,0,
0x03ae5a,FUN_0003ae5a,0x03ae5a,0x03ae62,8,NOT_DECOMPILED,PC090OJ_SPRITE_COMPOSITOR,0,
0x03ae64,FUN_0003ae64,0x03ae64,0x03ae84,32,NOT_DECOMPILED,PC090OJ_SPRITE_COMPOSITOR,0,
0x03ae86,startup_common_body,0x03ae86,0x03b07e,504,NOT_DECOMPILED,PC090OJ_SPRITE_COMPOSITOR,0,
0x03b084,warm_restart_gate_caller_b,0x03b084,0x03b096,18,NOT_DECOMPILED,PC090OJ_SPRITE_COMPOSITOR,0,
0x03b098,FUN_0003b098,0x03b098,0x03b0c0,40,NOT_DECOMPILED,PC090OJ_SPRITE_COMPOSITOR,0,
0x03b0c2,FUN_0003b0c2,0x03b0c2,0x03b0d2,16,NOT_DECOMPILED,PC090OJ_SPRITE_COMPOSITOR,0,
0x03b710,FUN_0003b710,0x03b710,0x03b722,18,NOT_DECOMPILED,PC090OJ_SPRITE_COMPOSITOR,0,
0x03b726,FUN_0003b726,0x03b724,0x03b7bc,152,COMPLETE,ACTOR_CORE_LIFECYCLE_CREATION,1,rastan_actor_lifecycle.c
0x03b7c0,FUN_0003b7c0,0x03b7be,0x03b7e4,38,NOT_DECOMPILED,PC090OJ_SPRITE_COMPOSITOR,0,
0x03b7e6,FUN_0003b7e6,0x03b7e6,0x03b800,26,NOT_DECOMPILED,PC090OJ_SPRITE_COMPOSITOR,0,
0x03b802,pc090oj_sprite_producer_3b802,0x03b802,0x03b864,98,NOT_DECOMPILED,PC090OJ_SPRITE_COMPOSITOR,0,
0x03b866,FUN_0003b866,0x03b866,0x03b87c,22,NOT_DECOMPILED,PC090OJ_SPRITE_COMPOSITOR,0,
0x03b8b0,FUN_0003b8b0,0x03b8b0,0x03b8ec,60,NOT_DECOMPILED,PC090OJ_SPRITE_COMPOSITOR,0,
0x03b902,FUN_0003b902,0x03b902,0x03b924,34,NOT_DECOMPILED,PC090OJ_SPRITE_COMPOSITOR,0,
0x03b930,pc090oj_sprite_producer_3b930,0x03b930,0x03b94e,30,NOT_DECOMPILED,PC090OJ_SPRITE_COMPOSITOR,0,
0x03b9f8,FUN_0003b9f8,0x03b9f8,0x03ba1e,38,COMPLETE,BOSS_LOGIC,1,rastan_boss_composite.c
0x03ba20,FUN_0003ba20,0x03ba20,0x03ba54,52,COMPLETE,BOSS_LOGIC,1,rastan_boss_composite.c
0x03ba56,FUN_0003ba56,0x03ba56,0x03ba62,12,NOT_DECOMPILED,PC090OJ_SPRITE_COMPOSITOR,0,
0x03ba64,FUN_0003ba64,0x03ba64,0x03ba86,34,NOT_DECOMPILED,PC090OJ_SPRITE_COMPOSITOR,0,
0x03bb48,FUN_0003bb48,0x03bb48,0x03bb7a,50,NOT_DECOMPILED,PC090OJ_SPRITE_COMPOSITOR,0,
0x03bd48,shared_glyph_renderer_3bd48,0x03bd48,0x000000,0,NOT_DECOMPILED,PC090OJ_SPRITE_COMPOSITOR,0,
0x03c2e2,FUN_0003c2e2,0x03c2e2,0x03c37a,152,NOT_DECOMPILED,PC090OJ_SPRITE_COMPOSITOR,0,
0x03c516,FUN_0003c516,0x03c516,0x03c54e,56,NOT_DECOMPILED,PC090OJ_SPRITE_COMPOSITOR,0,
0x03c606,FUN_0003c606,0x03c606,0x03c634,46,NOT_DECOMPILED,PC090OJ_SPRITE_COMPOSITOR,0,
0x03c6ac,FUN_0003c6ac,0x03c6ac,0x03c6da,46,NOT_DECOMPILED,PC090OJ_SPRITE_COMPOSITOR,0,
0x03c70a,FUN_0003c70a,0x03c70a,0x03c740,54,NOT_DECOMPILED,PC090OJ_SPRITE_COMPOSITOR,0,
0x03c742,FUN_0003c742,0x03c742,0x03c75a,24,NOT_DECOMPILED,PC090OJ_SPRITE_COMPOSITOR,0,
0x03c7d2,FUN_0003c7d2,0x03c7d2,0x03c802,48,NOT_DECOMPILED,PC090OJ_SPRITE_COMPOSITOR,0,
0x03c804,FUN_0003c804,0x03c804,0x03c82e,42,NOT_DECOMPILED,PC090OJ_SPRITE_COMPOSITOR,0,
0x03c85e,FUN_0003c85e,0x03c85e,0x03c898,58,NOT_DECOMPILED,PC090OJ_SPRITE_COMPOSITOR,0,
0x03c89a,FUN_0003c89a,0x03c89a,0x03c8bc,34,NOT_DECOMPILED,PC090OJ_SPRITE_COMPOSITOR,0,
0x03c8f6,FUN_0003c8f6,0x03c8f6,0x03c900,10,NOT_DECOMPILED,PC090OJ_SPRITE_COMPOSITOR,0,
0x03c902,actor_four_record_expand_3c902,0x03c4d2,0x03ca34,1378,NOT_DECOMPILED,PC090OJ_SPRITE_COMPOSITOR,0,
0x03c9a6,FUN_0003c9a6,0x03c9a6,0x03c9fe,88,NOT_DECOMPILED,PC090OJ_SPRITE_COMPOSITOR,0,
0x03c9e8,FUN_0003c9e8,0x03c9e8,0x03c9f4,12,COMPLETE,PC090OJ_SPRITE_COMPOSITOR,1,rastan_actor_render.c
0x03ca00,FUN_0003ca00,0x03ca00,0x03ca10,16,NOT_DECOMPILED,PC090OJ_SPRITE_COMPOSITOR,0,
0x03ca12,FUN_0003ca12,0x03ca12,0x03ca24,18,NOT_DECOMPILED,PC090OJ_SPRITE_COMPOSITOR,0,
0x03cf40,FUN_0003cf40,0x03cf40,0x03cf50,16,COMPLETE,PC090OJ_SPRITE_COMPOSITOR,1,rastan_anim_motion_core.c
0x03cf52,FUN_0003cf52,0x03cf52,0x03cfae,92,COMPLETE,PC090OJ_SPRITE_COMPOSITOR,1,rastan_anim_motion_core.c
0x03cfb0,FUN_0003cfb0,0x03cfb0,0x03cfd2,34,NOT_DECOMPILED,PC090OJ_SPRITE_COMPOSITOR,0,
0x03d044,FUN_0003d044,0x03d044,0x03d052,14,NOT_DECOMPILED,PC090OJ_SPRITE_COMPOSITOR,0,
0x03d054,actor_family0_render_3d054,0x03d054,0x03d098,68,COMPLETE,PC090OJ_SPRITE_COMPOSITOR,1,rastan_actor_render.c
0x03eefa,FUN_0003eefa,0x03eefa,0x03ef5a,96,NOT_DECOMPILED,PC090OJ_SPRITE_COMPOSITOR,0,
0x03ef5c,FUN_0003ef5c,0x03ef5c,0x03efbc,96,NOT_DECOMPILED,PC090OJ_SPRITE_COMPOSITOR,0,
0x03f084,FUN_0003f084,0x03f084,0x03f09a,22,NOT_DECOMPILED,PC090OJ_SPRITE_COMPOSITOR,0,
0x03f09c,FUN_0003f09c,0x03f09c,0x03f0aa,14,NOT_DECOMPILED,PC090OJ_SPRITE_COMPOSITOR,0,
0x03f0bc,FUN_0003f0bc,0x03f0bc,0x03f0ca,14,COMPLETE,PC090OJ_SPRITE_COMPOSITOR,1,rastan_actor_render.c
0x03ffdc,FUN_0003ffdc,0x03ffdc,0x03ffea,14,NOT_DECOMPILED,PC090OJ_SPRITE_COMPOSITOR,0,
0x03fff0,FUN_0003fff0,0x03fff0,0x03fffe,14,NOT_DECOMPILED,PC090OJ_SPRITE_COMPOSITOR,0,
0x0406a4,FUN_000406a4,0x0406a4,0x0407a4,256,NOT_DECOMPILED,ACTOR_CORE_LIFECYCLE_CREATION,0,
0x04092e,FUN_0004092e,0x04092e,0x04096a,60,COMPLETE,ACTOR_CORE_LIFECYCLE_CREATION,1,rastan_actor_lifecycle.c
0x040a06,FUN_00040a06,0x040a06,0x040a1c,22,NOT_DECOMPILED,ACTOR_CORE_LIFECYCLE_CREATION,0,
0x040a1e,FUN_00040a1e,0x040a1e,0x040a5e,64,NOT_DECOMPILED,ACTOR_CORE_LIFECYCLE_CREATION,0,
0x040a60,FUN_00040a60,0x040a60,0x040a84,36,COMPLETE,ACTOR_CORE_LIFECYCLE_CREATION,1,rastan_actor_subsystems.c
0x040ae6,FUN_00040ae6,0x040ae6,0x040b14,46,NOT_DECOMPILED,ACTOR_CORE_LIFECYCLE_CREATION,0,
0x040b16,FUN_00040b16,0x040b16,0x040b2a,20,NOT_DECOMPILED,ACTOR_CORE_LIFECYCLE_CREATION,0,
0x040baa,FUN_00040baa,0x040baa,0x040bc0,22,COMPLETE,ACTOR_CORE_LIFECYCLE_CREATION,1,rastan_actor_dispatch.c
0x041064,actor_surface_marker_find_41064,0x041064,0x041148,228,COMPLETE,ACTOR_CORE_LIFECYCLE_CREATION,1,rastan_actor_dispatch.c
0x04114a,actor_spawn_x_bound_select_4114a,0x04114a,0x04117c,50,NOT_DECOMPILED,ACTOR_CORE_LIFECYCLE_CREATION,0,
0x041180,actor_spawn_ground_and_activate_41180,0x041180,0x041bea,2666,COMPLETE,ACTOR_CORE_LIFECYCLE_CREATION,1,rastan_actor_materialization.c
0x041336,FUN_00041336,0x041336,0x041360,42,COMPLETE,ACTOR_CORE_LIFECYCLE_CREATION,1,rastan_actor_materialization.c
0x041492,FUN_00041492,0x041492,0x0414d2,64,NOT_DECOMPILED,ACTOR_CORE_LIFECYCLE_CREATION,0,
0x041752,FUN_00041752,0x041752,0x041790,62,NOT_DECOMPILED,ACTOR_CORE_LIFECYCLE_CREATION,0,
0x041854,FUN_00041854,0x041854,0x0418a0,76,NOT_DECOMPILED,ACTOR_CORE_LIFECYCLE_CREATION,0,
0x0418e2,FUN_000418e2,0x0418e2,0x0418f2,16,NOT_DECOMPILED,ACTOR_CORE_LIFECYCLE_CREATION,0,
0x0419b2,FUN_000419b2,0x0419b2,0x0419b6,4,NOT_DECOMPILED,ACTOR_CORE_LIFECYCLE_CREATION,0,
0x0419b8,FUN_000419b8,0x0419b8,0x0419de,38,NOT_DECOMPILED,ACTOR_CORE_LIFECYCLE_CREATION,0,
0x041ada,FUN_00041ada,0x041ada,0x041b30,86,NOT_DECOMPILED,ACTOR_CORE_LIFECYCLE_CREATION,0,
0x041b90,FUN_00041b90,0x041b90,0x041bc8,56,NOT_DECOMPILED,ACTOR_CORE_LIFECYCLE_CREATION,0,
0x041bee,FUN_00041bee,0x041bee,0x041c1c,46,COMPLETE,ACTOR_CORE_LIFECYCLE_CREATION,1,rastan_actor_materialization.c
0x041c1e,FUN_00041c1e,0x041c1e,0x041c5e,64,NOT_DECOMPILED,ACTOR_CORE_LIFECYCLE_CREATION,0,
0x041c60,FUN_00041c60,0x041c60,0x041ce8,136,NOT_DECOMPILED,ACTOR_CORE_LIFECYCLE_CREATION,0,
0x041d08,FUN_00041d08,0x041d08,0x041d24,28,COMPLETE,ACTOR_CORE_LIFECYCLE_CREATION,1,rastan_actor_subsystems.c
0x041dae,FUN_00041dae,0x041dae,0x041eda,300,NOT_DECOMPILED,ACTOR_CORE_LIFECYCLE_CREATION,0,
0x041ede,FUN_00041ede,0x03efbe,0x041f0c,12110,NOT_DECOMPILED,ACTOR_CORE_LIFECYCLE_CREATION,0,
0x041f30,FUN_00041f30,0x041f30,0x041f5c,44,NOT_DECOMPILED,ACTOR_CORE_LIFECYCLE_CREATION,0,
0x041f5e,FUN_00041f5e,0x041f5e,0x041f74,22,NOT_DECOMPILED,ACTOR_CORE_LIFECYCLE_CREATION,0,
0x041f7a,FUN_00041f7a,0x041f7a,0x041f94,26,NOT_DECOMPILED,ACTOR_CORE_LIFECYCLE_CREATION,0,
0x041f96,FUN_00041f96,0x041f96,0x041f9a,4,NOT_DECOMPILED,ACTOR_CORE_LIFECYCLE_CREATION,0,
0x042d20,FUN_00042d20,0x042d20,0x042d3e,30,NOT_DECOMPILED,ENEMY_AI_BEHAVIORS,0,
0x042e38,actor_velocity_and_map_collision_42e38,0x042e38,0x042ef6,190,COMPLETE,PC090OJ_SPRITE_COMPOSITOR,1,rastan_anim_motion_core.c
0x043394,FUN_00043394,0x043394,0x0433aa,22,NOT_DECOMPILED,ENEMY_AI_BEHAVIORS,0,
0x0433ac,FUN_000433ac,0x0433ac,0x04344e,162,NOT_DECOMPILED,ENEMY_AI_BEHAVIORS,0,
0x043450,FUN_00043450,0x043450,0x043482,50,COMPLETE,BOSS_LOGIC,1,rastan_boss_composite.c
0x04354e,FUN_0004354e,0x04354e,0x0435aa,92,NOT_DECOMPILED,ENEMY_AI_BEHAVIORS,0,
0x043f4e,FUN_00043f4e,0x043f4e,0x043f4e,0,COMPLETE,ACTOR_CORE_LIFECYCLE_CREATION,1,rastan_actor_lifecycle.c
0x043f52,FUN_00043f52,0x043f52,0x043f86,52,NOT_DECOMPILED,ENEMY_AI_BEHAVIORS,0,
0x0446b0,actor_hurtbox_base_selector_446b0,0x0446b0,0x0446ba,10,NOT_DECOMPILED,COLLISION_DAMAGE_PHYSICS,0,
0x0446bc,actor_hurtbox_selector_446bc,0x0446bc,0x044776,186,PARTIAL,COLLISION_DAMAGE_PHYSICS,1,rastan_actor_collision.c
0x0447a6,FUN_000447a6,0x0447a6,0x0447b4,14,NOT_DECOMPILED,COLLISION_DAMAGE_PHYSICS,0,
0x0447ce,FUN_000447ce,0x0447b6,0x0447ec,54,COMPLETE,COLLISION_DAMAGE_PHYSICS,1,rastan_actor_collision.c
0x0447f0,FUN_000447f0,0x0447f0,0x044802,18,COMPLETE,ACTOR_CORE_LIFECYCLE_CREATION,1,rastan_actor_lifecycle.c
0x044804,FUN_00044804,0x044804,0x0448b0,172,NOT_DECOMPILED,COLLISION_DAMAGE_PHYSICS,0,
0x0448b2,FUN_000448b2,0x0448b2,0x0448d6,36,COMPLETE,ACTOR_CORE_LIFECYCLE_CREATION,1,rastan_actor_lifecycle.c
0x0448d8,FUN_000448d8,0x0448d8,0x0448f0,24,COMPLETE,COLLISION_DAMAGE_PHYSICS,1,rastan_actor_collision.c
0x0448f2,FUN_000448f2,0x0448f2,0x04490e,28,NOT_DECOMPILED,COLLISION_DAMAGE_PHYSICS,0,
0x044910,FUN_00044910,0x044910,0x04492e,30,NOT_DECOMPILED,COLLISION_DAMAGE_PHYSICS,0,
0x044930,FUN_00044930,0x044930,0x044958,40,NOT_DECOMPILED,COLLISION_DAMAGE_PHYSICS,0,
0x04495a,FUN_0004495a,0x04495a,0x04497c,34,COMPLETE,PLAYER_WEAPONS_ITEMS_STATUS,1,rastan_player_items.c
0x04498c,FUN_0004498c,0x04498c,0x0449b2,38,NOT_DECOMPILED,COLLISION_DAMAGE_PHYSICS,0,
0x0449b4,player_actor_collision_scan_449b4,0x0444f8,0x044c58,1888,PARTIAL,COLLISION_DAMAGE_PHYSICS,1,rastan_actor_collision.c
0x044c5a,player_attack_overlap_entry_44c5a,0x044c5a,0x044c5e,4,NOT_DECOMPILED,COLLISION_DAMAGE_PHYSICS,0,
0x044c60,FUN_00044c60,0x044c60,0x044c64,4,NOT_DECOMPILED,COLLISION_DAMAGE_PHYSICS,0,
0x044c66,FUN_00044c66,0x044c66,0x044c6a,4,NOT_DECOMPILED,COLLISION_DAMAGE_PHYSICS,0,
0x044c6c,FUN_00044c6c,0x044c6c,0x044c70,4,NOT_DECOMPILED,COLLISION_DAMAGE_PHYSICS,0,
0x044c72,FUN_00044c72,0x044c72,0x044cb8,70,NOT_DECOMPILED,COLLISION_DAMAGE_PHYSICS,0,
0x044cba,signed_interval_overlap_44cba,0x044cba,0x044cde,36,COMPLETE,COLLISION_DAMAGE_PHYSICS,1,rastan_actor_collision.c
0x045248,FUN_00045248,0x045248,0x04527c,52,COMPLETE,ACTOR_CORE_LIFECYCLE_CREATION,1,rastan_actor_creation.c
0x045342,paired_actor_init_45342,0x045340,0x0453a0,96,COMPLETE,ACTOR_CORE_LIFECYCLE_CREATION,1,rastan_actor_creation.c
0x0453a2,paired_actor_activate_453a2,0x0453a2,0x0453be,28,COMPLETE,ACTOR_CORE_LIFECYCLE_CREATION,1,rastan_actor_creation.c
0x0453c0,FUN_000453c0,0x0453c0,0x0453d4,20,NOT_DECOMPILED,ACTOR_CORE_LIFECYCLE_CREATION,0,
0x0453d6,FUN_000453d6,0x0453d6,0x045416,64,STUB,ACTOR_CORE_LIFECYCLE_CREATION,1,
0x045418,FUN_00045418,0x045418,0x04542c,20,COMPLETE,ACTOR_CORE_LIFECYCLE_CREATION,1,rastan_actor_materialization.c
0x04543e,actor_record_loader_4543e,0x04543e,0x04544c,14,COMPLETE,ACTOR_CORE_LIFECYCLE_CREATION,1,rastan_actor_helpers.c
0x04544e,FUN_0004544e,0x04544e,0x0454b8,106,COMPLETE,ACTOR_CORE_LIFECYCLE_CREATION,1,rastan_actor_helpers.c
0x045684,FUN_00045684,0x045684,0x0456ea,102,COMPLETE,PALETTE_COLOR,1,rastan_actor_palette.c
0x045aa0,FUN_00045aa0,0x045aa0,0x045ab4,20,NOT_DECOMPILED,ACTOR_CORE_LIFECYCLE_CREATION,0,
0x045b18,FUN_00045b18,0x045b18,0x045be6,206,NOT_DECOMPILED,ACTOR_CORE_LIFECYCLE_CREATION,0,
0x045be8,FUN_00045be8,0x045be8,0x045c0a,34,NOT_DECOMPILED,ACTOR_CORE_LIFECYCLE_CREATION,0,
0x045ce0,FUN_00045ce0,0x045ce0,0x045cf6,22,NOT_DECOMPILED,ACTOR_CORE_LIFECYCLE_CREATION,0,
0x045cfc,FUN_00045cfc,0x045cfc,0x045d0e,18,COMPLETE,ACTOR_CORE_LIFECYCLE_CREATION,1,rastan_actor_creation.c
0x045d10,actor_map_collision_variant_45d10,0x045d10,0x045d70,96,NOT_DECOMPILED,ACTOR_CORE_LIFECYCLE_CREATION,0,
0x045d72,FUN_00045d72,0x045d72,0x045d7a,8,NOT_DECOMPILED,ACTOR_CORE_LIFECYCLE_CREATION,0,
0x045d7c,FUN_00045d7c,0x045d7c,0x045dc2,70,COMPLETE,BOSS_LOGIC,1,rastan_boss_composite.c
0x045dc4,FUN_00045dc4,0x045dc4,0x045df8,52,COMPLETE,BOSS_LOGIC,1,rastan_boss_composite.c
0x045dfa,FUN_00045dfa,0x045dfa,0x045ef8,254,NOT_DECOMPILED,ACTOR_CORE_LIFECYCLE_CREATION,0,
0x046790,FUN_00046790,0x046790,0x046798,8,NOT_DECOMPILED,BOSS_LOGIC,0,
0x046ab4,FUN_00046ab4,0x046ab4,0x046b2e,122,NOT_DECOMPILED,BOSS_LOGIC,0,
0x046bc4,FUN_00046bc4,0x046bc4,0x046bde,26,NOT_DECOMPILED,BOSS_LOGIC,0,
0x047004,FUN_00047004,0x047004,0x04703a,54,NOT_DECOMPILED,BOSS_LOGIC,0,
0x04703c,FUN_0004703c,0x04703c,0x047074,56,NOT_DECOMPILED,BOSS_LOGIC,0,
0x047076,FUN_00047076,0x047076,0x04708a,20,NOT_DECOMPILED,BOSS_LOGIC,0,
0x04736a,actor_map_collision_variant_4736a,0x04736a,0x0473b6,76,NOT_DECOMPILED,BOSS_LOGIC,0,
0x04770e,FUN_0004770e,0x04770e,0x047716,8,NOT_DECOMPILED,BOSS_LOGIC,0,
0x04a086,FUN_0004a086,0x04a086,0x04a0d6,80,COMPLETE,ACTOR_CORE_LIFECYCLE_CREATION,1,rastan_actor_creation.c
0x04a0d8,FUN_0004a0d8,0x04a0d8,0x04a102,42,NOT_DECOMPILED,ENEMY_AI_BEHAVIORS,0,
0x04af0a,FUN_0004af0a,0x04af0a,0x04af18,14,NOT_DECOMPILED,ENEMY_AI_BEHAVIORS,0,
0x04bbca,FUN_0004bbca,0x04bbca,0x04bbf0,38,NOT_DECOMPILED,ENEMY_AI_BEHAVIORS,0,
0x05049a,player_round_start_equipment_init_5049a,0x05049a,0x0504f0,86,COMPLETE,PLAYER_WEAPONS_ITEMS_STATUS,1,rastan_player_weapon_state.c
0x051090,player_main_update_51090,0x051090,0x0510c4,52,NOT_DECOMPILED,COLLISION_DAMAGE_PHYSICS,0,
0x0510c6,FUN_000510c6,0x0510c6,0x0510c6,0,NOT_DECOMPILED,COLLISION_DAMAGE_PHYSICS,0,
0x05113a,FUN_0005113a,0x05113a,0x051154,26,NOT_DECOMPILED,COLLISION_DAMAGE_PHYSICS,0,
0x051156,FUN_00051156,0x051156,0x05118e,56,NOT_DECOMPILED,COLLISION_DAMAGE_PHYSICS,0,
0x051190,FUN_00051190,0x051190,0x0511d8,72,NOT_DECOMPILED,COLLISION_DAMAGE_PHYSICS,0,
0x05122a,FUN_0005122a,0x05122a,0x05126c,66,NOT_DECOMPILED,COLLISION_DAMAGE_PHYSICS,0,
0x0512c8,FUN_000512c8,0x0512c8,0x051328,96,NOT_DECOMPILED,COLLISION_DAMAGE_PHYSICS,0,
0x051ca0,player_attack_initialize_51ca0,0x051ca0,0x051d30,144,NOT_DECOMPILED,COLLISION_DAMAGE_PHYSICS,0,
0x051d32,player_attack_advance_51d32,0x051d32,0x051dac,122,NOT_DECOMPILED,COLLISION_DAMAGE_PHYSICS,0,
0x051dae,FUN_00051dae,0x051dae,0x051e22,116,NOT_DECOMPILED,COLLISION_DAMAGE_PHYSICS,0,
0x051e24,player_crouch_enter_51e24,0x051e24,0x051e52,46,NOT_DECOMPILED,COLLISION_DAMAGE_PHYSICS,0,
0x052466,FUN_00052466,0x052466,0x052498,50,NOT_DECOMPILED,COLLISION_DAMAGE_PHYSICS,0,
0x052732,FUN_00052732,0x052732,0x0527d2,160,NOT_DECOMPILED,COLLISION_DAMAGE_PHYSICS,0,
0x0527d4,FUN_000527d4,0x0527d4,0x052814,64,NOT_DECOMPILED,COLLISION_DAMAGE_PHYSICS,0,
0x052816,FUN_00052816,0x052816,0x05283c,38,NOT_DECOMPILED,COLLISION_DAMAGE_PHYSICS,0,
0x05283e,FUN_0005283e,0x05283e,0x05288a,76,NOT_DECOMPILED,COLLISION_DAMAGE_PHYSICS,0,
0x05288c,FUN_0005288c,0x05288c,0x0528c8,60,NOT_DECOMPILED,COLLISION_DAMAGE_PHYSICS,0,
0x0528ca,FUN_000528ca,0x0528ca,0x05290a,64,NOT_DECOMPILED,COLLISION_DAMAGE_PHYSICS,0,
0x05290c,FUN_0005290c,0x05290c,0x052910,4,NOT_DECOMPILED,COLLISION_DAMAGE_PHYSICS,0,
0x052912,FUN_00052912,0x052912,0x052916,4,NOT_DECOMPILED,COLLISION_DAMAGE_PHYSICS,0,
0x052918,FUN_00052918,0x052918,0x05291c,4,NOT_DECOMPILED,COLLISION_DAMAGE_PHYSICS,0,
0x05291e,FUN_0005291e,0x05291e,0x052922,4,NOT_DECOMPILED,COLLISION_DAMAGE_PHYSICS,0,
0x052924,FUN_00052924,0x052924,0x052936,18,NOT_DECOMPILED,COLLISION_DAMAGE_PHYSICS,0,
0x052938,FUN_00052938,0x052938,0x05294a,18,NOT_DECOMPILED,COLLISION_DAMAGE_PHYSICS,0,
0x05294c,FUN_0005294c,0x05294c,0x05295e,18,NOT_DECOMPILED,COLLISION_DAMAGE_PHYSICS,0,
0x052960,FUN_00052960,0x052960,0x052972,18,NOT_DECOMPILED,COLLISION_DAMAGE_PHYSICS,0,
0x052974,FUN_00052974,0x052974,0x0529a8,52,NOT_DECOMPILED,COLLISION_DAMAGE_PHYSICS,0,
0x0529cc,FUN_000529cc,0x0529cc,0x052a18,76,NOT_DECOMPILED,COLLISION_DAMAGE_PHYSICS,0,
0x052a1a,FUN_00052a1a,0x052a1a,0x052a62,72,NOT_DECOMPILED,COLLISION_DAMAGE_PHYSICS,0,
0x052a64,FUN_00052a64,0x052a64,0x052aa0,60,NOT_DECOMPILED,COLLISION_DAMAGE_PHYSICS,0,
0x052aa2,FUN_00052aa2,0x052aa2,0x052af4,82,NOT_DECOMPILED,COLLISION_DAMAGE_PHYSICS,0,
0x052af6,FUN_00052af6,0x052af6,0x052b36,64,NOT_DECOMPILED,COLLISION_DAMAGE_PHYSICS,0,
0x0538c8,FUN_000538c8,0x0538c8,0x0538d4,12,NOT_DECOMPILED,COLLISION_DAMAGE_PHYSICS,0,
0x0538d6,FUN_000538d6,0x0538d6,0x0538e6,16,NOT_DECOMPILED,COLLISION_DAMAGE_PHYSICS,0,
0x053934,FUN_00053934,0x053934,0x053940,12,NOT_DECOMPILED,COLLISION_DAMAGE_PHYSICS,0,
0x053942,FUN_00053942,0x053942,0x053952,16,NOT_DECOMPILED,COLLISION_DAMAGE_PHYSICS,0,
0x0539a0,FUN_000539a0,0x0539a0,0x0539ac,12,NOT_DECOMPILED,COLLISION_DAMAGE_PHYSICS,0,
0x053a0c,FUN_00053a0c,0x053a0c,0x053a18,12,NOT_DECOMPILED,COLLISION_DAMAGE_PHYSICS,0,
0x053a2e,collision_map_lookup_53a2e,0x053a2e,0x053a6c,62,COMPLETE,ACTOR_CORE_LIFECYCLE_CREATION,1,rastan_actor_subsystems.c
0x053a6e,player_collision_probe_family_53a6e,0x053a6e,0x053b32,196,NOT_DECOMPILED,COLLISION_DAMAGE_PHYSICS,0,
0x053b34,player_ground_contact_probe_family_53b34,0x053b34,0x053dc6,658,NOT_DECOMPILED,COLLISION_DAMAGE_PHYSICS,0,
0x053dc8,FUN_00053dc8,0x053dc8,0x053dd4,12,NOT_DECOMPILED,COLLISION_DAMAGE_PHYSICS,0,
0x053dd6,FUN_00053dd6,0x053dd6,0x053de2,12,NOT_DECOMPILED,COLLISION_DAMAGE_PHYSICS,0,
0x053de4,FUN_00053de4,0x053de4,0x053df0,12,NOT_DECOMPILED,COLLISION_DAMAGE_PHYSICS,0,
0x053df2,FUN_00053df2,0x053df2,0x053dfe,12,NOT_DECOMPILED,COLLISION_DAMAGE_PHYSICS,0,
0x053e00,FUN_00053e00,0x053e00,0x053e20,32,NOT_DECOMPILED,COLLISION_DAMAGE_PHYSICS,0,
0x054052,player_sprite_slot_init_54052,0x054052,0x0540aa,88,NOT_DECOMPILED,PLAYER_WEAPONS_ITEMS_STATUS,0,
0x0540ac,FUN_000540ac,0x0540ac,0x0540ca,30,NOT_DECOMPILED,PLAYER_WEAPONS_ITEMS_STATUS,0,
0x0540cc,player_body_constructor_540cc,0x0540cc,0x054324,600,NOT_DECOMPILED,PLAYER_WEAPONS_ITEMS_STATUS,0,
0x054326,FUN_00054326,0x054326,0x054490,362,COMPLETE,PLAYER_CONTROL_MOVEMENT,1,rastan_player_animation.c
0x054492,FUN_00054492,0x054492,0x054686,500,COMPLETE,PLAYER_CONTROL_MOVEMENT,1,rastan_player_render.c
0x0546a8,FUN_000546a8,0x0546a8,0x05474c,164,COMPLETE,PLAYER_CONTROL_MOVEMENT,1,rastan_player_render.c
0x0547c0,player_aux_update_547c0,0x0547c0,0x05480e,78,NOT_DECOMPILED,PLAYER_WEAPONS_ITEMS_STATUS,0,
0x054810,player_aux_sprite_constructor_54810,0x054810,0x054862,82,NOT_DECOMPILED,PLAYER_WEAPONS_ITEMS_STATUS,0,
0x054864,player_collision_boxes_update_54864,0x054864,0x054980,284,NOT_DECOMPILED,PLAYER_WEAPONS_ITEMS_STATUS,0,
0x054982,player_attack_box_enable_update_54982,0x054982,0x0549dc,90,NOT_DECOMPILED,PLAYER_WEAPONS_ITEMS_STATUS,0,
0x054a2c,player_item_event_dispatch_54a2c,0x054a2c,0x054da8,892,PARTIAL,PLAYER_WEAPONS_ITEMS_STATUS,1,rastan_player_weapon_state.c
0x054daa,FUN_00054daa,0x054daa,0x054dc8,30,NOT_DECOMPILED,PLAYER_WEAPONS_ITEMS_STATUS,0,
0x054dd2,player_powerup_timer_update_54dd2,0x054dd2,0x054e80,174,COMPLETE,PLAYER_WEAPONS_ITEMS_STATUS,1,rastan_player_weapon_state.c
0x054ea0,FUN_00054ea0,0x054ea0,0x054eac,12,NOT_DECOMPILED,PLAYER_WEAPONS_ITEMS_STATUS,0,
0x054eae,FUN_00054eae,0x054eae,0x054ec4,22,NOT_DECOMPILED,PLAYER_WEAPONS_ITEMS_STATUS,0,
0x054ec6,player_weapon_grant_state3_54ec6,0x054ec6,0x054eda,20,COMPLETE,PLAYER_WEAPONS_ITEMS_STATUS,1,rastan_player_weapon_state.c
0x054edc,player_weapon_grant_state2_54edc,0x054edc,0x054ef0,20,COMPLETE,PLAYER_WEAPONS_ITEMS_STATUS,1,rastan_player_weapon_state.c
0x054ef2,player_fire_sword_grant_54ef2,0x054ef2,0x054f06,20,COMPLETE,PLAYER_WEAPONS_ITEMS_STATUS,1,rastan_player_weapon_state.c
0x054f08,FUN_00054f08,0x054f08,0x054f1c,20,COMPLETE,PLAYER_WEAPONS_ITEMS_STATUS,1,rastan_player_items.c
0x054f1e,FUN_00054f1e,0x054f1e,0x054f32,20,NOT_DECOMPILED,PLAYER_WEAPONS_ITEMS_STATUS,0,
0x054f34,FUN_00054f34,0x054f34,0x054f48,20,NOT_DECOMPILED,PLAYER_WEAPONS_ITEMS_STATUS,0,
0x054f4a,FUN_00054f4a,0x054f4a,0x054f5e,20,NOT_DECOMPILED,PLAYER_WEAPONS_ITEMS_STATUS,0,
0x054f60,FUN_00054f60,0x054f60,0x054fa2,66,COMPLETE,PLAYER_WEAPONS_ITEMS_STATUS,1,rastan_player_items.c
0x054fa4,FUN_00054fa4,0x054fa4,0x054fba,22,COMPLETE,PLAYER_WEAPONS_ITEMS_STATUS,1,rastan_player_items.c
0x054fbc,FUN_00054fbc,0x054fbc,0x054fd2,22,NOT_DECOMPILED,PLAYER_WEAPONS_ITEMS_STATUS,0,
0x054fd4,FUN_00054fd4,0x054fd4,0x054fea,22,COMPLETE,PLAYER_WEAPONS_ITEMS_STATUS,1,rastan_player_items.c
0x054fec,FUN_00054fec,0x054fec,0x055002,22,NOT_DECOMPILED,PLAYER_WEAPONS_ITEMS_STATUS,0,
0x055004,FUN_00055004,0x055004,0x05501a,22,COMPLETE,PLAYER_WEAPONS_ITEMS_STATUS,1,rastan_player_items.c
0x05506c,FUN_0005506c,0x05506c,0x055094,40,COMPLETE,PLAYER_WEAPONS_ITEMS_STATUS,1,rastan_player_items.c
0x055650,FUN_00055650,0x055650,0x055694,68,NOT_DECOMPILED,PLAYER_WEAPONS_ITEMS_STATUS,0,
0x055696,FUN_00055696,0x055696,0x05572c,150,NOT_DECOMPILED,PLAYER_WEAPONS_ITEMS_STATUS,0,
0x05572e,FUN_0005572e,0x05572e,0x0557b8,138,NOT_DECOMPILED,PLAYER_WEAPONS_ITEMS_STATUS,0,
0x0557ba,FUN_000557ba,0x0557ba,0x055852,152,COMPLETE,PC080SN_TILEMAP_SCROLL_COLLISIONMAP,1,rastan_world_scroll.c
0x055854,FUN_00055854,0x055854,0x0558a0,76,COMPLETE,PC080SN_TILEMAP_SCROLL_COLLISIONMAP,1,rastan_world_scroll.c
0x0558a2,FUN_000558a2,0x0558a2,0x0558c4,34,NOT_DECOMPILED,PLAYER_WEAPONS_ITEMS_STATUS,0,
0x0558c6,FUN_000558c6,0x0558c6,0x0558de,24,NOT_DECOMPILED,PLAYER_WEAPONS_ITEMS_STATUS,0,
0x0558e0,FUN_000558e0,0x0558e0,0x055902,34,NOT_DECOMPILED,PLAYER_WEAPONS_ITEMS_STATUS,0,
0x055904,FUN_00055904,0x055904,0x055946,66,COMPLETE,MAP_SCENE_ROUND_PROGRESSION,1,rastan_scene_map.c
0x055948,FUN_00055948,0x055948,0x055966,30,NOT_DECOMPILED,MAP_SCENE_ROUND_PROGRESSION,0,
0x055968,FUN_00055968,0x055968,0x05598e,38,NOT_DECOMPILED,MAP_SCENE_ROUND_PROGRESSION,0,
0x055990,FUN_00055990,0x055990,0x0559b0,32,NOT_DECOMPILED,MAP_SCENE_ROUND_PROGRESSION,0,
0x0559b2,FUN_000559b2,0x0559b2,0x055a12,96,COMPLETE,MAP_SCENE_ROUND_PROGRESSION,1,rastan_scene_map.c
0x055a14,FUN_00055a14,0x055a14,0x055ab2,158,COMPLETE,MAP_SCENE_ROUND_PROGRESSION,1,rastan_scene_map.c
0x055ab4,FUN_00055ab4,0x055ab4,0x055ad4,32,COMPLETE,PC080SN_TILEMAP_SCROLL_COLLISIONMAP,1,rastan_world_scroll.c
0x055ad6,FUN_00055ad6,0x055ad6,0x055b26,80,NOT_DECOMPILED,MAP_SCENE_ROUND_PROGRESSION,0,
0x055b28,FUN_00055b28,0x055b28,0x055b30,8,NOT_DECOMPILED,MAP_SCENE_ROUND_PROGRESSION,0,
0x055b32,FUN_00055b32,0x055b32,0x055b3a,8,NOT_DECOMPILED,MAP_SCENE_ROUND_PROGRESSION,0,
0x055b3c,FUN_00055b3c,0x055b3c,0x055bb4,120,COMPLETE,PC080SN_TILEMAP_SCROLL_COLLISIONMAP,1,rastan_world_scroll.c
0x055bb6,FUN_00055bb6,0x055bb6,0x055bea,52,NOT_DECOMPILED,MAP_SCENE_ROUND_PROGRESSION,0,
0x055bec,FUN_00055bec,0x055bec,0x055c12,38,NOT_DECOMPILED,MAP_SCENE_ROUND_PROGRESSION,0,
0x055c14,FUN_00055c14,0x055c14,0x055c20,12,NOT_DECOMPILED,MAP_SCENE_ROUND_PROGRESSION,0,
0x055c22,FUN_00055c22,0x055c22,0x055c2c,10,NOT_DECOMPILED,MAP_SCENE_ROUND_PROGRESSION,0,
0x055c2e,FUN_00055c2e,0x055c2e,0x055c48,26,NOT_DECOMPILED,MAP_SCENE_ROUND_PROGRESSION,0,
0x055c4a,FUN_00055c4a,0x055c4a,0x055c5c,18,COMPLETE,PC080SN_TILEMAP_SCROLL_COLLISIONMAP,1,rastan_world_stream.c
0x055c5e,FUN_00055c5e,0x055c5e,0x055c78,26,COMPLETE,PC080SN_TILEMAP_SCROLL_COLLISIONMAP,1,rastan_world_stream.c
0x055c7a,FUN_00055c7a,0x055c7a,0x055ca0,38,COMPLETE,PC080SN_TILEMAP_SCROLL_COLLISIONMAP,1,rastan_world_stream.c
0x055ca2,FUN_00055ca2,0x055ca2,0x055dda,312,NOT_DECOMPILED,MAP_SCENE_ROUND_PROGRESSION,0,
0x0565a6,shared_pc080sn_text_writer_565a6,0x0565a6,0x0565a8,2,NOT_DECOMPILED,MAP_SCENE_ROUND_PROGRESSION,0,
0x05743c,FUN_0005743c,0x05743c,0x05744c,16,NOT_DECOMPILED,PC080SN_TILEMAP_SCROLL_COLLISIONMAP,0,
0x05744e,FUN_0005744e,0x05744e,0x0574a2,84,NOT_DECOMPILED,PC080SN_TILEMAP_SCROLL_COLLISIONMAP,0,
0x0574a4,FUN_000574a4,0x0574a4,0x0574b6,18,NOT_DECOMPILED,PC080SN_TILEMAP_SCROLL_COLLISIONMAP,0,
0x0596f4,FUN_000596f4,0x0596f4,0x05976c,120,NOT_DECOMPILED,HUD_SCORE_LIVES_GAMESTATE,0,
0x059882,FUN_00059882,0x059882,0x05988a,8,NOT_DECOMPILED,HUD_SCORE_LIVES_GAMESTATE,0,
0x05988c,FUN_0005988c,0x05988c,0x05990e,130,NOT_DECOMPILED,HUD_SCORE_LIVES_GAMESTATE,0,
0x059962,FUN_00059962,0x059962,0x0599b0,78,NOT_DECOMPILED,HUD_SCORE_LIVES_GAMESTATE,0,
0x0599b2,FUN_000599b2,0x0599b2,0x059a96,228,NOT_DECOMPILED,HUD_SCORE_LIVES_GAMESTATE,0,
0x059ad4,FUN_00059ad4,0x059ad4,0x059b18,68,COMPLETE,BOSS_LOGIC,1,rastan_boss_composite.c
0x059de8,FUN_00059de8,0x059de8,0x059e1c,52,NOT_DECOMPILED,HUD_SCORE_LIVES_GAMESTATE,0,
0x059e1e,FUN_00059e1e,0x059e1e,0x059e34,22,NOT_DECOMPILED,HUD_SCORE_LIVES_GAMESTATE,0,
0x059e36,FUN_00059e36,0x059e36,0x059e4e,24,NOT_DECOMPILED,HUD_SCORE_LIVES_GAMESTATE,0,
0x059e50,FUN_00059e50,0x059e50,0x059e6a,26,NOT_DECOMPILED,HUD_SCORE_LIVES_GAMESTATE,0,
0x059e6c,FUN_00059e6c,0x059e6c,0x059e8a,30,NOT_DECOMPILED,HUD_SCORE_LIVES_GAMESTATE,0,
0x059ee0,FUN_00059ee0,0x059ee0,0x059f1c,60,NOT_DECOMPILED,HUD_SCORE_LIVES_GAMESTATE,0,
0x059f5e,FUN_00059f5e,0x059f5e,0x059f90,50,NOT_DECOMPILED,HUD_SCORE_LIVES_GAMESTATE,0,
0x05a29c,collision_map_surface_postprocess_5a29c,0x05a29c,0x05a2ec,80,NOT_DECOMPILED,HUD_SCORE_LIVES_GAMESTATE,0,
0x05a2ee,collision_map_surface_mark_5a2ee,0x05a2ee,0x05a354,102,NOT_DECOMPILED,HUD_SCORE_LIVES_GAMESTATE,0,
0x05a3ac,FUN_0005a3ac,0x05a3ac,0x05a3dc,48,NOT_DECOMPILED,HUD_SCORE_LIVES_GAMESTATE,0,
0x05a442,FUN_0005a442,0x05a442,0x05a472,48,NOT_DECOMPILED,HUD_SCORE_LIVES_GAMESTATE,0,
0x05a4de,FUN_0005a4de,0x05a4de,0x05a500,34,NOT_DECOMPILED,HUD_SCORE_LIVES_GAMESTATE,0,
0x05b512,FUN_0005b512,0x05b512,0x05b512,0,NOT_DECOMPILED,INPUT_SERVICE_ATTRACT,0,
0x05ffa2,FUN_0005ffa2,0x05ffa2,0x05ffb0,14,NOT_DECOMPILED,INPUT_SERVICE_ATTRACT,0,
0x05ffb2,FUN_0005ffb2,0x05ffb2,0x05ffcc,26,NOT_DECOMPILED,INPUT_SERVICE_ATTRACT,0,
