arcade_pc	name	entry	body_min	body_max	instruction_count	callers	callees
0x000000	vector_2e_target_000000	0x000000	0x000000	0x00002C	12		
0x000100	FUN_00000100	0x000100	0x000100	0x0006A8	34	0x03AE86:startup_common_body	0x00052A:FUN_0000052a,0x0003A4:FUN_000003a4,0x000252:FUN_00000252,0x0004A2:FUN_000004a2,0x00016A:FUN_0000016a,0x000264:FUN_00000264,0x000502:FUN_00000502,0x0005CC:FUN_000005cc,0x0002CA:FUN_000002ca,0x00038E:FUN_0000038e,0x0001E2:FUN_000001e2,0x000180:FUN_00000180
0x00016A	FUN_0000016a	0x00016A	0x00016A	0x00017E	5	0x000100:FUN_00000100	
0x000180	FUN_00000180	0x000180	0x000180	0x0001C0	18	0x000100:FUN_00000100	0x0001C2:FUN_000001c2,0x0001E2:FUN_000001e2
0x0001C2	FUN_000001c2	0x0001C2	0x0001C2	0x0001D6	8	0x000180:FUN_00000180	0x0001D8:FUN_000001d8
0x0001D8	FUN_000001d8	0x0001D8	0x0001D8	0x0001E0	3	0x0001C2:FUN_000001c2	0x0001E2:FUN_000001e2,0x000210:FUN_00000210
0x0001E2	FUN_000001e2	0x0001E2	0x0001E2	0x00020E	12	0x000100:FUN_00000100,0x0001D8:FUN_000001d8,0x0005CC:FUN_000005cc,0x000180:FUN_00000180	0x0006AA:FUN_000006aa
0x000210	FUN_00000210	0x000210	0x000210	0x000238	10	0x0001D8:FUN_000001d8	0x0006AA:FUN_000006aa
0x000252	FUN_00000252	0x000252	0x000252	0x000262	5	0x000100:FUN_00000100,0x00057C:FUN_0000057c	
0x000264	FUN_00000264	0x000264	0x000264	0x0002A4	23	0x000100:FUN_00000100	
0x0002CA	FUN_000002ca	0x0002CA	0x0002CA	0x00034E	36	0x000100:FUN_00000100	0x000350:FUN_00000350
0x000350	FUN_00000350	0x000350	0x000350	0x00038C	16	0x0002CA:FUN_000002ca	
0x00038E	FUN_0000038e	0x00038E	0x00038E	0x0003A2	7	0x000100:FUN_00000100	0x03BB48:FUN_0003bb48
0x0003A4	FUN_000003a4	0x0003A4	0x0003A4	0x0004A0	54	0x000100:FUN_00000100	0x0004B2:FUN_000004b2,0x0004C8:FUN_000004c8
0x0004A2	FUN_000004a2	0x0004A2	0x0004A2	0x0004B0	8	0x0004B2:FUN_000004b2,0x000100:FUN_00000100,0x0004C8:FUN_000004c8	
0x0004B2	FUN_000004b2	0x0004B2	0x0004B2	0x0004C6	7	0x0003A4:FUN_000003a4	0x0004A2:FUN_000004a2
0x0004C8	FUN_000004c8	0x0004C8	0x0004C8	0x0004E0	8	0x0003A4:FUN_000003a4	0x0004A2:FUN_000004a2
0x000502	FUN_00000502	0x000502	0x000502	0x000528	12	0x000100:FUN_00000100	
0x00052A	FUN_0000052a	0x00052A	0x00052A	0x00057A	16	0x000100:FUN_00000100	0x00057C:FUN_0000057c
0x00057C	FUN_0000057c	0x00057C	0x00057C	0x0005CA	28	0x00052A:FUN_0000052a	0x000252:FUN_00000252,0x03BB48:FUN_0003bb48
0x0005CC	FUN_000005cc	0x0005CC	0x0005CC	0x000662	34	0x000100:FUN_00000100	0x000664:FUN_00000664,0x0001E2:FUN_000001e2
0x000664	FUN_00000664	0x000664	0x000664	0x00067A	8	0x0005CC:FUN_000005cc	0x00067C:FUN_0000067c
0x00067C	FUN_0000067c	0x00067C	0x00067C	0x00068E	7	0x000664:FUN_00000664	
0x0006AA	FUN_000006aa	0x0006AA	0x0006AA	0x0006B8	3	0x0001E2:FUN_000001e2,0x000210:FUN_00000210	
0x039F80	warm_restart_watchdog_gate	0x039F80	0x039F80	0x039FA6	11		
0x039FA8	FUN_00039fa8	0x039FA8	0x039FA8	0x039FAC	3	0x03AB7C:warm_restart_gate_caller_a,0x03B084:warm_restart_gate_caller_b	
0x03A000	vector_01_target_03a000	0x03A000	0x03A000	0x03A000	1		
0x03A004	vector_1e_target_03a004	0x03A004	0x03A004	0x03A004	1		
0x03A008	vector_1d_target_03a008	0x03A008	0x03A008	0x03A06A	28		0x03A0A8:FUN_0003a0a8,0x03EEFA:FUN_0003eefa,0x03AB7C:warm_restart_gate_caller_a,0x041F30:FUN_00041f30,0x03EF5C:FUN_0003ef5c,0x03A126:FUN_0003a126,0x03ABE2:FUN_0003abe2
0x03A080	FUN_0003a080	0x03A080	0x03A080	0x03A08A	3		0x0510C6:FUN_000510c6
0x03A08C	FUN_0003a08c	0x03A08C	0x03A08C	0x03A098	4	0x03ACAE:title_fg_glyph_producer_3acae	
0x03A09A	FUN_0003a09a	0x03A09A	0x03A09A	0x03A0A6	4	0x03ACF4:FUN_0003acf4	
0x03A0A8	FUN_0003a0a8	0x03A0A8	0x03A0A8	0x03A0EA	17	0x03A008:vector_1d_target_03a008	0x03AE46:FUN_0003ae46,0x03AE3C:FUN_0003ae3c,0x03AE28:FUN_0003ae28
0x03A0EC	FUN_0003a0ec	0x03A0EC	0x03A0EC	0x03A114	16	0x05560C:FUN_0005560c,0x0529CC:FUN_000529cc,0x0555B8:FUN_000555b8,0x045B18:FUN_00045b18,0x0448B2:FUN_000448b2,0x045342:FUN_00045342	
0x03A126	FUN_0003a126	0x03A126	0x03A126	0x03A158	19	0x03A008:vector_1d_target_03a008	0x03F084:FUN_0003f084,0x03F09C:FUN_0003f09c
0x03A2D0	FUN_0003a2d0	0x03A2D0	0x03A2D0	0x03A2D6	4	0x04092E:FUN_0004092e,0x045D7C:FUN_00045d7c,0x045DC4:FUN_00045dc4	
0x03A552	FUN_0003a552	0x03A552	0x03A552	0x03A564	4	0x03B098:FUN_0003b098,0x03AC04:FUN_0003ac04	
0x03AB7C	warm_restart_gate_caller_a	0x03AB7C	0x03AB7C	0x03ABE0	23	0x03A008:vector_1d_target_03a008	0x03AE50:FUN_0003ae50,0x039FA8:FUN_00039fa8,0x03BB48:FUN_0003bb48,0x03F084:FUN_0003f084,0x03ADD8:FUN_0003add8,0x03AE64:FUN_0003ae64,0x03AD72:FUN_0003ad72
0x03ABE2	FUN_0003abe2	0x03ABE2	0x03ABE2	0x03ABF4	6	0x03A008:vector_1d_target_03a008	0x03ACF4:FUN_0003acf4,0x03AC04:FUN_0003ac04,0x03AC8A:FUN_0003ac8a
0x03AC04	FUN_0003ac04	0x03AC04	0x03AC04	0x03AC88	38	0x03ABE2:FUN_0003abe2	0x03AE50:FUN_0003ae50,0x03C2E2:FUN_0003c2e2,0x03F084:FUN_0003f084,0x03A552:FUN_0003a552
0x03AC8A	FUN_0003ac8a	0x03AC8A	0x03ABF6	0x03ACAA	12	0x03ABE2:FUN_0003abe2	
0x03ACAE	title_fg_glyph_producer_3acae	0x03ACAE	0x03ACAE	0x03ACF0	20		0x03A08C:FUN_0003a08c
0x03ACF4	FUN_0003acf4	0x03ACF4	0x03ACF4	0x03AD3A	17	0x03ABE2:FUN_0003abe2	0x03A09A:FUN_0003a09a
0x03AD3C	FUN_0003ad3c	0x03AD3C	0x03AD3C	0x03AD42	4	0x03AE86:startup_common_body	
0x03AD44	FUN_0003ad44	0x03AD44	0x03AD44	0x03AD4A	4	0x03AE86:startup_common_body,0x03AE64:FUN_0003ae64,0x03AD72:FUN_0003ad72	
0x03AD72	FUN_0003ad72	0x03AD72	0x03AD72	0x03ADA4	12	0x03AE86:startup_common_body,0x03AB7C:warm_restart_gate_caller_a	0x03ADAA:FUN_0003adaa,0x05B512:FUN_0005b512,0x03AD44:FUN_0003ad44
0x03ADAA	FUN_0003adaa	0x03ADAA	0x03ADAA	0x03ADBA	7	0x03AD72:FUN_0003ad72	
0x03ADD8	FUN_0003add8	0x03ADD8	0x03ADD8	0x03AE26	20	0x03AE86:startup_common_body,0x03AB7C:warm_restart_gate_caller_a	
0x03AE28	FUN_0003ae28	0x03AE28	0x03AE28	0x03AE3A	5	0x03AE86:startup_common_body,0x03A0A8:FUN_0003a0a8	
0x03AE3C	FUN_0003ae3c	0x03AE3C	0x03AE3C	0x03AE44	3	0x03A0A8:FUN_0003a0a8	
0x03AE46	FUN_0003ae46	0x03AE46	0x03AE46	0x03AE4E	3	0x03A0A8:FUN_0003a0a8	
0x03AE50	FUN_0003ae50	0x03AE50	0x03AE50	0x03AE58	3	0x03AB7C:warm_restart_gate_caller_a,0x03AC04:FUN_0003ac04	
0x03AE64	FUN_0003ae64	0x03AE64	0x03AE64	0x03AE84	9	0x03AB7C:warm_restart_gate_caller_a	0x03AD44:FUN_0003ad44
0x03AE86	startup_common_body	0x03AE86	0x03AE86	0x03B07E	117		0x03B8B0:FUN_0003b8b0,0x03B9F8:FUN_0003b9f8,0x000100:FUN_00000100,0x03B098:FUN_0003b098,0x05FFA2:FUN_0005ffa2,0x03AD44:FUN_0003ad44,0x03F084:FUN_0003f084,0x03ADD8:FUN_0003add8,0x05FFB2:FUN_0005ffb2,0x03AE28:FUN_0003ae28,0x03AD3C:FUN_0003ad3c,0x03B0C2:FUN_0003b0c2,0x03AD72:FUN_0003ad72
0x03B084	warm_restart_gate_caller_b	0x03B084	0x03B084	0x03B096	5		0x039FA8:FUN_00039fa8
0x03B098	FUN_0003b098	0x03B098	0x03B098	0x03B0C0	12	0x03AE86:startup_common_body	0x03C2E2:FUN_0003c2e2,0x03BB48:FUN_0003bb48,0x03A552:FUN_0003a552
0x03B0C2	FUN_0003b0c2	0x03B0C2	0x03B0C2	0x03B0D2	7	0x03AE86:startup_common_body	
0x03B710	FUN_0003b710	0x03B710	0x03B710	0x03B722	7		0x03C2E2:FUN_0003c2e2
0x03B802	pc090oj_sprite_producer_3b802	0x03B802	0x03B802	0x03B864	33	0x03B8B0:FUN_0003b8b0	0x03B866:FUN_0003b866
0x03B866	FUN_0003b866	0x03B866	0x03B866	0x03B87C	9	0x03B802:pc090oj_sprite_producer_3b802	
0x03B8B0	FUN_0003b8b0	0x03B8B0	0x03B8B0	0x03B8EC	17	0x03AE86:startup_common_body	0x03B902:FUN_0003b902,0x03B930:pc090oj_sprite_producer_3b930,0x03B802:pc090oj_sprite_producer_3b802
0x03B902	FUN_0003b902	0x03B902	0x03B902	0x03B924	13	0x03B8B0:FUN_0003b8b0	0x03B930:pc090oj_sprite_producer_3b930
0x03B930	pc090oj_sprite_producer_3b930	0x03B930	0x03B930	0x03B94E	14	0x03B8B0:FUN_0003b8b0,0x03B902:FUN_0003b902	0x05B512:FUN_0005b512
0x03B9F8	FUN_0003b9f8	0x03B9F8	0x03B9F8	0x03BA1E	8	0x03AE86:startup_common_body	0x03BA64:FUN_0003ba64
0x03BA20	FUN_0003ba20	0x03BA20	0x03BA20	0x03BA54	16	0x045D7C:FUN_00045d7c	0x03BA56:FUN_0003ba56
0x03BA56	FUN_0003ba56	0x03BA56	0x03BA56	0x03BA62	4	0x03BA20:FUN_0003ba20	
0x03BA64	FUN_0003ba64	0x03BA64	0x03BA64	0x03BA86	15	0x03B9F8:FUN_0003b9f8	
0x03BB48	FUN_0003bb48	0x03BB48	0x03BB48	0x03BB7A	23	0x03AB7C:warm_restart_gate_caller_a,0x03B098:FUN_0003b098,0x00057C:FUN_0000057c,0x00038E:FUN_0000038e	
0x03BD48	shared_glyph_renderer_3bd48	0x03BD48	0x03BD48	0x000000	0		
0x03C2E2	FUN_0003c2e2	0x03C2E2	0x03C2E2	0x03C37A	52	0x03B098:FUN_0003b098,0x03AC04:FUN_0003ac04,0x03B710:FUN_0003b710	
0x03C516	FUN_0003c516	0x03C516	0x03C516	0x03C54E	19	0x03D054:FUN_0003d054	0x05B512:FUN_0005b512
0x03C606	FUN_0003c606	0x03C606	0x03C606	0x03C634	16	0x03D054:FUN_0003d054	
0x03C6AC	FUN_0003c6ac	0x03C6AC	0x03C6AC	0x03C6DA	16	0x03D054:FUN_0003d054	
0x03C70A	FUN_0003c70a	0x03C70A	0x03C70A	0x03C740	19	0x03D054:FUN_0003d054	0x05B512:FUN_0005b512
0x03C742	FUN_0003c742	0x03C742	0x03C742	0x03C75A	7	0x03D054:FUN_0003d054	
0x03C7D2	FUN_0003c7d2	0x03C7D2	0x03C7D2	0x03C802	17	0x03D054:FUN_0003d054	
0x03C804	FUN_0003c804	0x03C804	0x03C804	0x03C82E	14	0x03D054:FUN_0003d054	
0x03C85E	FUN_0003c85e	0x03C85E	0x03C85E	0x03C898	21	0x03D054:FUN_0003d054	0x03C89A:FUN_0003c89a
0x03C89A	FUN_0003c89a	0x03C89A	0x03C89A	0x03C8BC	11	0x03C85E:FUN_0003c85e	
0x03C8F6	FUN_0003c8f6	0x03C8F6	0x03C8F6	0x03C900	4	0x03C902:FUN_0003c902	
0x03C902	FUN_0003c902	0x03C902	0x03C902	0x03CA34	56	0x03D054:FUN_0003d054,0x03FFDC:FUN_0003ffdc,0x03F0BC:FUN_0003f0bc,0x03FFF0:FUN_0003fff0,0x04770E:FUN_0004770e	0x03C8F6:FUN_0003c8f6,0x03C9E8:FUN_0003c9e8,0x03CA00:FUN_0003ca00,0x03CA12:FUN_0003ca12,0x03C9A6:FUN_0003c9a6
0x03C9A6	FUN_0003c9a6	0x03C9A6	0x03C9A6	0x03C9FE	27	0x03C902:FUN_0003c902	0x03C9E8:FUN_0003c9e8,0x03CA00:FUN_0003ca00,0x03CA12:FUN_0003ca12
0x03C9E8	FUN_0003c9e8	0x03C9E8	0x03C9E8	0x03C9F4	4	0x03C902:FUN_0003c902,0x03C9A6:FUN_0003c9a6	
0x03CA00	FUN_0003ca00	0x03CA00	0x03CA00	0x03CA10	7	0x03C902:FUN_0003c902,0x03C9A6:FUN_0003c9a6	
0x03CA12	FUN_0003ca12	0x03CA12	0x03CA12	0x03CA24	9	0x03C902:FUN_0003c902,0x03C9A6:FUN_0003c9a6	
0x03CF40	FUN_0003cf40	0x03CF40	0x03CF40	0x03CF50	8	0x042E38:FUN_00042e38	
0x03CF52	FUN_0003cf52	0x03CF52	0x03CF52	0x03CFAE	30	0x042E38:FUN_00042e38	0x03CFB0:FUN_0003cfb0
0x03CFB0	FUN_0003cfb0	0x03CFB0	0x03CFB0	0x03CFD2	13	0x03CF52:FUN_0003cf52	
0x03D054	FUN_0003d054	0x03D054	0x03C4D2	0x03D098	227	0x041DAE:FUN_00041dae,0x045DFA:FUN_00045dfa	0x03C804:FUN_0003c804,0x03C85E:FUN_0003c85e,0x03C742:FUN_0003c742,0x03C606:FUN_0003c606,0x03F0BC:FUN_0003f0bc,0x03C902:FUN_0003c902,0x04770E:FUN_0004770e,0x03C7D2:FUN_0003c7d2,0x03C6AC:FUN_0003c6ac,0x03C516:FUN_0003c516,0x03FFDC:FUN_0003ffdc,0x03C70A:FUN_0003c70a,0x03FFF0:FUN_0003fff0
0x03EEFA	FUN_0003eefa	0x03EEFA	0x03EEFA	0x03EF5A	27	0x03A008:vector_1d_target_03a008	
0x03EF5C	FUN_0003ef5c	0x03EF5C	0x03EF5C	0x03EFBC	27	0x03A008:vector_1d_target_03a008	
0x03F084	FUN_0003f084	0x03F084	0x03F084	0x03F09A	5	0x03AE86:startup_common_body,0x03AB7C:warm_restart_gate_caller_a,0x03AC04:FUN_0003ac04,0x03A126:FUN_0003a126	
0x03F09C	FUN_0003f09c	0x03F09C	0x03F09C	0x03F0AA	3	0x03A126:FUN_0003a126	
0x03F0BC	FUN_0003f0bc	0x03F0BC	0x03F0BC	0x03F0CA	6	0x03D054:FUN_0003d054	0x03C902:FUN_0003c902
0x03FFDC	FUN_0003ffdc	0x03FFDC	0x03FFDC	0x03FFEA	6	0x03D054:FUN_0003d054	0x03C902:FUN_0003c902
0x03FFF0	FUN_0003fff0	0x03FFF0	0x03FFF0	0x03FFFE	6	0x03D054:FUN_0003d054	0x03C902:FUN_0003c902
0x04092E	FUN_0004092e	0x04092E	0x04092E	0x04096A	20	0x045B18:FUN_00045b18	0x03A2D0:FUN_0003a2d0
0x041D08	FUN_00041d08	0x041D08	0x041D08	0x041D24	8	0x042D20:FUN_00042d20	
0x041DAE	FUN_00041dae	0x041DAE	0x03EFBE	0x041EDA	128	0x041F30:FUN_00041f30	0x03D054:FUN_0003d054,0x041EDE:FUN_00041ede
0x041EDE	FUN_00041ede	0x041EDE	0x041EDE	0x041F0C	17	0x041DAE:FUN_00041dae	
0x041F30	FUN_00041f30	0x041F30	0x041F30	0x041F5C	10	0x03A008:vector_1d_target_03a008	0x041DAE:FUN_00041dae,0x047004:FUN_00047004,0x05988C:FUN_0005988c,0x059882:FUN_00059882,0x041F5E:FUN_00041f5e,0x045D72:FUN_00045d72,0x055AB4:FUN_00055ab4
0x041F5E	FUN_00041f5e	0x041F5E	0x041F5E	0x041F74	7	0x041F30:FUN_00041f30	0x041F7A:FUN_00041f7a
0x041F7A	FUN_00041f7a	0x041F7A	0x041F7A	0x041F94	12	0x041F5E:FUN_00041f5e	
0x042D20	FUN_00042d20	0x042D20	0x042D20	0x042D3E	8		0x041D08:FUN_00041d08
0x042E38	FUN_00042e38	0x042E38	0x042E38	0x042EF6	52		0x03CF52:FUN_0003cf52,0x053A2E:FUN_00053a2e,0x0447F0:FUN_000447f0,0x03CF40:FUN_0003cf40
0x0447F0	FUN_000447f0	0x0447F0	0x0447F0	0x044802	5	0x04736A:FUN_0004736a,0x042E38:FUN_00042e38	0x0448B2:FUN_000448b2
0x0448B2	FUN_000448b2	0x0448B2	0x0448B2	0x0448D6	8	0x0447F0:FUN_000447f0	0x03A0EC:FUN_0003a0ec
0x045248	FUN_00045248	0x045248	0x045248	0x04527C	11	0x046790:FUN_00046790	
0x045342	FUN_00045342	0x045342	0x045340	0x0453A0	23		0x0453C0:FUN_000453c0,0x03A0EC:FUN_0003a0ec,0x0453A2:FUN_000453a2
0x0453A2	FUN_000453a2	0x0453A2	0x0453A2	0x0453BE	6	0x045342:FUN_00045342	0x04543E:FUN_0004543e
0x0453C0	FUN_000453c0	0x0453C0	0x0453C0	0x0453D4	5	0x045342:FUN_00045342	
0x0453D6	FUN_000453d6	0x0453D6	0x0453D6	0x045416	21	0x04543E:FUN_0004543e	
0x04543E	FUN_0004543e	0x04543E	0x04543E	0x045492	16	0x045AA0:FUN_00045aa0,0x04BBCA:FUN_0004bbca,0x045B18:FUN_00045b18,0x045CE0:FUN_00045ce0,0x0453A2:FUN_000453a2	0x0453D6:FUN_000453d6
0x045AA0	FUN_00045aa0	0x045AA0	0x045AA0	0x045AB4	5		0x04543E:FUN_0004543e,0x045CFC:FUN_00045cfc
0x045B18	FUN_00045b18	0x045B18	0x045B18	0x045BE6	53		0x04092E:FUN_0004092e,0x04543E:FUN_0004543e,0x03A0EC:FUN_0003a0ec,0x045CFC:FUN_00045cfc,0x045BE8:FUN_00045be8,0x045CE0:FUN_00045ce0
0x045BE8	FUN_00045be8	0x045BE8	0x045BE8	0x045C0A	9	0x045B18:FUN_00045b18	
0x045CE0	FUN_00045ce0	0x045CE0	0x045CE0	0x045CF6	6	0x045B18:FUN_00045b18	0x04543E:FUN_0004543e
0x045CFC	FUN_00045cfc	0x045CFC	0x045CFC	0x045D0E	4	0x045AA0:FUN_00045aa0,0x04BBCA:FUN_0004bbca,0x045B18:FUN_00045b18	
0x045D10	FUN_00045d10	0x045D10	0x045D10	0x045D70	31		0x053A2E:FUN_00053a2e
0x045D72	FUN_00045d72	0x045D72	0x045D72	0x045D7A	3	0x041F30:FUN_00041f30	0x045D7C:FUN_00045d7c,0x045DC4:FUN_00045dc4
0x045D7C	FUN_00045d7c	0x045D7C	0x045D7C	0x045DC2	20	0x045D72:FUN_00045d72	0x03A2D0:FUN_0003a2d0,0x03BA20:FUN_0003ba20
0x045DC4	FUN_00045dc4	0x045DC4	0x045DC4	0x045DF8	17	0x045D72:FUN_00045d72	0x03A2D0:FUN_0003a2d0
0x045DFA	FUN_00045dfa	0x045DFA	0x045DFA	0x045EF8	70		0x03D054:FUN_0003d054
0x046790	FUN_00046790	0x046790	0x046790	0x046798	4	0x04AF0A:FUN_0004af0a	0x045248:FUN_00045248
0x046AB4	FUN_00046ab4	0x046AB4	0x046AB4	0x046B2E	34		
0x046BC4	FUN_00046bc4	0x046BC4	0x046BC4	0x046BDE	9		
0x047004	FUN_00047004	0x047004	0x047004	0x04703A	16	0x041F30:FUN_00041f30	0x04703C:FUN_0004703c
0x04703C	FUN_0004703c	0x04703C	0x04703C	0x047074	23	0x047004:FUN_00047004	0x047076:FUN_00047076
0x047076	FUN_00047076	0x047076	0x047076	0x04708A	8	0x04703C:FUN_0004703c	
0x04736A	FUN_0004736a	0x04736A	0x04736A	0x0473B6	22		0x053A2E:FUN_00053a2e,0x0447F0:FUN_000447f0
0x04770E	FUN_0004770e	0x04770E	0x04770E	0x047716	3	0x03D054:FUN_0003d054	0x03C902:FUN_0003c902
0x04AF0A	FUN_0004af0a	0x04AF0A	0x04AF0A	0x04AF18	4		0x046790:FUN_00046790
0x04BBCA	FUN_0004bbca	0x04BBCA	0x04BBCA	0x04BBF0	8		0x04543E:FUN_0004543e,0x045CFC:FUN_00045cfc
0x0510C6	FUN_000510c6	0x0510C6	0x0510C6	0x0510C6	1	0x03A080:FUN_0003a080	
0x052466	FUN_00052466	0x052466	0x052466	0x052498	18		
0x0527D4	FUN_000527d4	0x0527D4	0x0527D4	0x052814	17		0x05291E:FUN_0005291e,0x052918:FUN_00052918,0x05290C:FUN_0005290c,0x052912:FUN_00052912
0x052816	FUN_00052816	0x052816	0x052816	0x05283C	12		0x05283E:FUN_0005283e
0x05283E	FUN_0005283e	0x05283E	0x05283E	0x05288A	24	0x052816:FUN_00052816	
0x05288C	FUN_0005288c	0x05288C	0x05288C	0x0528C8	19		
0x0528CA	FUN_000528ca	0x0528CA	0x0528CA	0x05290A	17		0x052924:FUN_00052924,0x052938:FUN_00052938,0x05294C:FUN_0005294c,0x052960:FUN_00052960
0x05290C	FUN_0005290c	0x05290C	0x05290C	0x052910	2	0x0527D4:FUN_000527d4	
0x052912	FUN_00052912	0x052912	0x052912	0x052916	2	0x0527D4:FUN_000527d4	
0x052918	FUN_00052918	0x052918	0x052918	0x05291C	2	0x0527D4:FUN_000527d4	
0x05291E	FUN_0005291e	0x05291E	0x05291E	0x052922	2	0x0527D4:FUN_000527d4	
0x052924	FUN_00052924	0x052924	0x052924	0x052936	5	0x0528CA:FUN_000528ca	
0x052938	FUN_00052938	0x052938	0x052938	0x05294A	5	0x0528CA:FUN_000528ca	
0x05294C	FUN_0005294c	0x05294C	0x05294C	0x05295E	5	0x0528CA:FUN_000528ca	
0x052960	FUN_00052960	0x052960	0x052960	0x052972	5	0x0528CA:FUN_000528ca	
0x052974	FUN_00052974	0x052974	0x052974	0x0529A8	19		
0x0529CC	FUN_000529cc	0x0529CC	0x0529CC	0x052A18	15		0x03A0EC:FUN_0003a0ec
0x052AA2	FUN_00052aa2	0x052AA2	0x052AA2	0x052AF4	26		
0x0538C8	FUN_000538c8	0x0538C8	0x0538C8	0x0538D4	4		
0x0538D6	FUN_000538d6	0x0538D6	0x0538D6	0x0538E6	5		
0x053934	FUN_00053934	0x053934	0x053934	0x053940	4		
0x053942	FUN_00053942	0x053942	0x053942	0x053952	5		
0x053A2E	FUN_00053a2e	0x053A2E	0x053A2E	0x053A6C	21	0x04736A:FUN_0004736a,0x042E38:FUN_00042e38,0x045D10:FUN_00045d10,0x053A6E:FUN_00053a6e,0x053B34:FUN_00053b34	
0x053A6E	FUN_00053a6e	0x053A6E	0x053A6E	0x053B32	56		0x053A2E:FUN_00053a2e
0x053B34	FUN_00053b34	0x053B34	0x053B34	0x053DC6	178		0x053DE4:FUN_00053de4,0x053DF2:FUN_00053df2,0x053E00:FUN_00053e00,0x053A2E:FUN_00053a2e,0x053DC8:FUN_00053dc8,0x053DD6:FUN_00053dd6
0x053DC8	FUN_00053dc8	0x053DC8	0x053DC8	0x053DD4	4	0x053B34:FUN_00053b34	
0x053DD6	FUN_00053dd6	0x053DD6	0x053DD6	0x053DE2	4	0x053B34:FUN_00053b34	
0x053DE4	FUN_00053de4	0x053DE4	0x053DE4	0x053DF0	4	0x053B34:FUN_00053b34	
0x053DF2	FUN_00053df2	0x053DF2	0x053DF2	0x053DFE	4	0x053B34:FUN_00053b34	
0x053E00	FUN_00053e00	0x053E00	0x053E00	0x053E20	6	0x053B34:FUN_00053b34	
0x0555B8	FUN_000555b8	0x0555B8	0x0555B8	0x05560A	20		0x055642:FUN_00055642,0x03A0EC:FUN_0003a0ec
0x05560C	FUN_0005560c	0x05560C	0x05560C	0x055640	12		0x055642:FUN_00055642,0x03A0EC:FUN_0003a0ec
0x055642	FUN_00055642	0x055642	0x055642	0x05564E	3	0x05560C:FUN_0005560c,0x0555B8:FUN_000555b8	
0x055AB4	FUN_00055ab4	0x055AB4	0x055AB4	0x055AD4	5	0x041F30:FUN_00041f30,0x05744E:FUN_0005744e	
0x055CA2	FUN_00055ca2	0x055CA2	0x055CA2	0x055DDA	65		
0x0565A6	shared_pc080sn_text_writer_565a6	0x0565A6	0x0565A6	0x0565A8	2		
0x05743C	FUN_0005743c	0x05743C	0x05743C	0x05744C	5	0x0574A4:FUN_000574a4,0x05744E:FUN_0005744e	
0x05744E	FUN_0005744e	0x05744E	0x05744E	0x0574A2	19		0x055AB4:FUN_00055ab4,0x05743C:FUN_0005743c,0x05A4DE:FUN_0005a4de
0x0574A4	FUN_000574a4	0x0574A4	0x0574A4	0x0574B6	5		0x05743C:FUN_0005743c,0x05A4DE:FUN_0005a4de
0x059882	FUN_00059882	0x059882	0x059882	0x05988A	3	0x041F30:FUN_00041f30	0x0599B2:FUN_000599b2,0x059962:FUN_00059962
0x05988C	FUN_0005988c	0x05988C	0x05988C	0x05990E	35	0x041F30:FUN_00041f30	0x059AD4:FUN_00059ad4
0x059962	FUN_00059962	0x059962	0x059962	0x0599B0	23	0x059882:FUN_00059882	0x059AD4:FUN_00059ad4
0x0599B2	FUN_000599b2	0x0599B2	0x0599B2	0x059A96	65	0x059882:FUN_00059882	0x059AD4:FUN_00059ad4
0x059AD4	FUN_00059ad4	0x059AD4	0x059AD4	0x059B18	27	0x0599B2:FUN_000599b2,0x05988C:FUN_0005988c,0x059962:FUN_00059962	
0x05A4DE	FUN_0005a4de	0x05A4DE	0x05A4DE	0x05A500	14	0x0574A4:FUN_000574a4,0x05744E:FUN_0005744e	
0x05B512	FUN_0005b512	0x05B512	0x05B512	0x05B512	1	0x03C516:FUN_0003c516,0x03B930:pc090oj_sprite_producer_3b930,0x03AD72:FUN_0003ad72,0x03C70A:FUN_0003c70a	
0x05FFA2	FUN_0005ffa2	0x05FFA2	0x05FFA2	0x05FFB0	5	0x03AE86:startup_common_body	
0x05FFB2	FUN_0005ffb2	0x05FFB2	0x05FFB2	0x05FFCC	10	0x03AE86:startup_common_body	
