arcade_pc	instruction	ref_or_scalar	target	target_space	access_guess	function
0x000124	btst.b #0x3,(0x00390007).l	ref	0x390007	arcade_inputs	read	FUN_00000100
0x000124	btst.b #0x3,(0x00390007).l	scalar	0x390007	arcade_inputs	unknown	FUN_00000100
0x00016A	lea (0xc20002).l,A0	ref	0xC20002	PC080SN_yscroll	unknown	FUN_0000016a
0x00016A	lea (0xc20002).l,A0	scalar	0xC20002	PC080SN_yscroll	unknown	FUN_0000016a
0x000170	lea (0xc40002).l,A1	ref	0xC40002	PC080SN_xscroll	unknown	FUN_0000016a
0x000170	lea (0xc40002).l,A1	scalar	0xC40002	PC080SN_xscroll	unknown	FUN_0000016a
0x000176	move.w #0x0,(A0)+	ref	0xC20002	PC080SN_yscroll	write	FUN_0000016a
0x00017A	move.w #0x0,(A1)+	ref	0xC40002	PC080SN_xscroll	write	FUN_0000016a
0x000180	lea (0x10c00c).l,A6	ref	0x10C00C	arcade_WRAM	unknown	FUN_00000180
0x000180	lea (0x10c00c).l,A6	scalar	0x10C00C	arcade_WRAM	unknown	FUN_00000180
0x0001A6	lea (0x10c010).l,A1	ref	0x10C010	arcade_WRAM	unknown	FUN_00000180
0x0001A6	lea (0x10c010).l,A1	scalar	0x10C010	arcade_WRAM	unknown	FUN_00000180
0x0001B4	move.w (A1)+,D3w	ref	0x10C010	arcade_WRAM	read	FUN_00000180
0x0001B4	move.w (A1)+,D3w	ref	0x10C012	arcade_WRAM	read	FUN_00000180
0x0001E4	move.b #0x0,(0x003e0001).l	ref	0x3E0001	arcade_sound_comm	write	FUN_000001e2
0x0001E4	move.b #0x0,(0x003e0001).l	scalar	0x3E0001	arcade_sound_comm	unknown	FUN_000001e2
0x0001EC	move.b D0b,(0x003e0003).l	ref	0x3E0003	arcade_sound_comm	write	FUN_000001e2
0x0001EC	move.b D0b,(0x003e0003).l	scalar	0x3E0003	arcade_sound_comm	unknown	FUN_000001e2
0x0001F4	move.b D0b,(0x003e0003).l	ref	0x3E0003	arcade_sound_comm	write	FUN_000001e2
0x0001F4	move.b D0b,(0x003e0003).l	scalar	0x3E0003	arcade_sound_comm	unknown	FUN_000001e2
0x00021A	move.b #0x0,(0x003e0001).l	ref	0x3E0001	arcade_sound_comm	write	FUN_00000210
0x00021A	move.b #0x0,(0x003e0001).l	scalar	0x3E0001	arcade_sound_comm	unknown	FUN_00000210
0x000222	move.b (0x003e0003).l,D3b	ref	0x3E0003	arcade_sound_comm	read	FUN_00000210
0x000222	move.b (0x003e0003).l,D3b	scalar	0x3E0003	arcade_sound_comm	unknown	FUN_00000210
0x000228	move.b (0x003e0003).l,D4b	ref	0x3E0003	arcade_sound_comm	read	FUN_00000210
0x000228	move.b (0x003e0003).l,D4b	scalar	0x3E0003	arcade_sound_comm	unknown	FUN_00000210
0x000256	move.w #0x0,(0x003c0000).l	ref	0x3C0000	arcade_watchdog	write	FUN_00000252
0x000256	move.w #0x0,(0x003c0000).l	scalar	0x3C0000	arcade_watchdog	unknown	FUN_00000252
0x000264	lea (0x200000).l,A0	ref	0x200000	arcade_palette_RAM	unknown	FUN_00000264
0x000264	lea (0x200000).l,A0	scalar	0x200000	arcade_palette_RAM	unknown	FUN_00000264
0x00027C	move.w #0x0,(A0)+	ref	0x200000	arcade_palette_RAM	write	FUN_00000264
0x00027C	move.w #0x0,(A0)+	ref	0x200006	arcade_palette_RAM	write	FUN_00000264
0x000288	move.w D2w,(A0)	ref	0x200002	arcade_palette_RAM	write	FUN_00000264
0x000288	move.w D2w,(A0)	ref	0x200004	arcade_palette_RAM	write	FUN_00000264
0x000288	move.w D2w,(A0)	ref	0x200008	arcade_palette_RAM	write	FUN_00000264
0x000292	add.w D2w,(A0)	ref	0x200002	arcade_palette_RAM	write	FUN_00000264
0x000292	add.w D2w,(A0)	ref	0x200004	arcade_palette_RAM	write	FUN_00000264
0x000292	add.w D2w,(A0)	ref	0x200008	arcade_palette_RAM	write	FUN_00000264
0x00029C	add.w D2w,(A0)+	ref	0x200002	arcade_palette_RAM	write	FUN_00000264
0x00029C	add.w D2w,(A0)+	ref	0x200004	arcade_palette_RAM	write	FUN_00000264
0x00029C	add.w D2w,(A0)+	ref	0x200008	arcade_palette_RAM	write	FUN_00000264
0x0002CA	lea (0xc08218).l,A0	ref	0xC08218	PC080SN_tilemap	unknown	FUN_000002ca
0x0002CA	lea (0xc08218).l,A0	scalar	0xC08218	PC080SN_tilemap	unknown	FUN_000002ca
0x0002D0	lea (0xc08318).l,A1	ref	0xC08318	PC080SN_tilemap	unknown	FUN_000002ca
0x0002D0	lea (0xc08318).l,A1	scalar	0xC08318	PC080SN_tilemap	unknown	FUN_000002ca
0x0002E6	move.w #0x0,(A2)+	ref	0xC08218	PC080SN_tilemap	write	FUN_000002ca
0x0002E6	move.w #0x0,(A2)+	ref	0xC08220	PC080SN_tilemap	write	FUN_000002ca
0x0002E6	move.w #0x0,(A2)+	ref	0xC08418	PC080SN_tilemap	write	FUN_000002ca
0x0002EA	move.w D0w,(A2)+	ref	0xC0821A	PC080SN_tilemap	write	FUN_000002ca
0x0002EA	move.w D0w,(A2)+	ref	0xC08222	PC080SN_tilemap	write	FUN_000002ca
0x0002EA	move.w D0w,(A2)+	ref	0xC0841A	PC080SN_tilemap	write	FUN_000002ca
0x0002EC	move.w #0x4000,(A2)+	ref	0xC0821C	PC080SN_tilemap	write	FUN_000002ca
0x0002EC	move.w #0x4000,(A2)+	ref	0xC08224	PC080SN_tilemap	write	FUN_000002ca
0x0002EC	move.w #0x4000,(A2)+	ref	0xC0841C	PC080SN_tilemap	write	FUN_000002ca
0x0002F0	move.w D0w,(A2)+	ref	0xC0821E	PC080SN_tilemap	write	FUN_000002ca
0x0002F0	move.w D0w,(A2)+	ref	0xC08226	PC080SN_tilemap	write	FUN_000002ca
0x0002F0	move.w D0w,(A2)+	ref	0xC0841E	PC080SN_tilemap	write	FUN_000002ca
0x0002F2	move.w #-0x8000,(A3)+	ref	0xC08318	PC080SN_tilemap	write	FUN_000002ca
0x0002F2	move.w #-0x8000,(A3)+	ref	0xC08320	PC080SN_tilemap	write	FUN_000002ca
0x0002F2	move.w #-0x8000,(A3)+	ref	0xC08518	PC080SN_tilemap	write	FUN_000002ca
0x0002F6	move.w D0w,(A3)+	ref	0xC0831A	PC080SN_tilemap	write	FUN_000002ca
0x0002F6	move.w D0w,(A3)+	ref	0xC08322	PC080SN_tilemap	write	FUN_000002ca
0x0002F6	move.w D0w,(A3)+	ref	0xC0851A	PC080SN_tilemap	write	FUN_000002ca
0x0002F8	move.w #-0x4000,(A3)+	ref	0xC0831C	PC080SN_tilemap	write	FUN_000002ca
0x0002F8	move.w #-0x4000,(A3)+	ref	0xC08324	PC080SN_tilemap	write	FUN_000002ca
0x0002F8	move.w #-0x4000,(A3)+	ref	0xC0851C	PC080SN_tilemap	write	FUN_000002ca
0x0002FC	move.w D0w,(A3)+	ref	0xC0831E	PC080SN_tilemap	write	FUN_000002ca
0x0002FC	move.w D0w,(A3)+	ref	0xC08326	PC080SN_tilemap	write	FUN_000002ca
0x0002FC	move.w D0w,(A3)+	ref	0xC0851E	PC080SN_tilemap	write	FUN_000002ca
0x00030E	lea (0xc08838).l,A0	ref	0xC08838	PC080SN_tilemap	unknown	FUN_000002ca
0x00030E	lea (0xc08838).l,A0	scalar	0xC08838	PC080SN_tilemap	unknown	FUN_000002ca
0x000314	lea (0xc08938).l,A1	ref	0xC08938	PC080SN_tilemap	unknown	FUN_000002ca
0x000314	lea (0xc08938).l,A1	scalar	0xC08938	PC080SN_tilemap	unknown	FUN_000002ca
0x00031A	lea (0xc08a38).l,A2	ref	0xC08A38	PC080SN_tilemap	unknown	FUN_000002ca
0x00031A	lea (0xc08a38).l,A2	scalar	0xC08A38	PC080SN_tilemap	unknown	FUN_000002ca
0x000320	lea (0xc08b38).l,A3	ref	0xC08B38	PC080SN_tilemap	unknown	FUN_000002ca
0x000320	lea (0xc08b38).l,A3	scalar	0xC08B38	PC080SN_tilemap	unknown	FUN_000002ca
0x0003A6	move.b (0x00390007).l,D6b	ref	0x390007	arcade_inputs	read	FUN_000003a4
0x0003A6	move.b (0x00390007).l,D6b	scalar	0x390007	arcade_inputs	unknown	FUN_000003a4
0x0003AC	lea (0xc08748).l,A2	ref	0xC08748	PC080SN_tilemap	unknown	FUN_000003a4
0x0003AC	lea (0xc08748).l,A2	scalar	0xC08748	PC080SN_tilemap	unknown	FUN_000003a4
0x0003B6	lea (0xc08770).l,A2	ref	0xC08770	PC080SN_tilemap	unknown	FUN_000003a4
0x0003B6	lea (0xc08770).l,A2	scalar	0xC08770	PC080SN_tilemap	unknown	FUN_000003a4
0x0003C0	lea (0xc08770).l,A2	ref	0xC08770	PC080SN_tilemap	unknown	FUN_000003a4
0x0003C0	lea (0xc08770).l,A2	scalar	0xC08770	PC080SN_tilemap	unknown	FUN_000003a4
0x0003CA	lea (0xc08948).l,A2	ref	0xC08948	PC080SN_tilemap	unknown	FUN_000003a4
0x0003CA	lea (0xc08948).l,A2	scalar	0xC08948	PC080SN_tilemap	unknown	FUN_000003a4
0x0003D4	lea (0xc08984).l,A2	ref	0xC08984	PC080SN_tilemap	unknown	FUN_000003a4
0x0003D4	lea (0xc08984).l,A2	scalar	0xC08984	PC080SN_tilemap	unknown	FUN_000003a4
0x0003E0	lea (0xc08540).l,A2	ref	0xC08540	PC080SN_tilemap	unknown	FUN_000003a4
0x0003E0	lea (0xc08540).l,A2	scalar	0xC08540	PC080SN_tilemap	unknown	FUN_000003a4
0x0003EA	lea (0xc08574).l,A2	ref	0xC08574	PC080SN_tilemap	unknown	FUN_000003a4
0x0003EA	lea (0xc08574).l,A2	scalar	0xC08574	PC080SN_tilemap	unknown	FUN_000003a4
0x0003F4	move.b (0x00390001).l,D6b	ref	0x390001	arcade_inputs	read	FUN_000003a4
0x0003F4	move.b (0x00390001).l,D6b	scalar	0x390001	arcade_inputs	unknown	FUN_000003a4
0x0003FC	lea (0xc08e40).l,A2	ref	0xC08E40	PC080SN_tilemap	unknown	FUN_000003a4
0x0003FC	lea (0xc08e40).l,A2	scalar	0xC08E40	PC080SN_tilemap	unknown	FUN_000003a4
0x000406	lea (0xc08f40).l,A2	ref	0xC08F40	PC080SN_tilemap	unknown	FUN_000003a4
0x000406	lea (0xc08f40).l,A2	scalar	0xC08F40	PC080SN_tilemap	unknown	FUN_000003a4
0x000410	lea (0xc09040).l,A2	ref	0xC09040	PC080SN_tilemap	unknown	FUN_000003a4
0x000410	lea (0xc09040).l,A2	scalar	0xC09040	PC080SN_tilemap	unknown	FUN_000003a4
0x00041A	lea (0xc09140).l,A2	ref	0xC09140	PC080SN_tilemap	unknown	FUN_000003a4
0x00041A	lea (0xc09140).l,A2	scalar	0xC09140	PC080SN_tilemap	unknown	FUN_000003a4
0x000424	lea (0xc08b40).l,A2	ref	0xC08B40	PC080SN_tilemap	unknown	FUN_000003a4
0x000424	lea (0xc08b40).l,A2	scalar	0xC08B40	PC080SN_tilemap	unknown	FUN_000003a4
0x00042E	lea (0xc08c40).l,A2	ref	0xC08C40	PC080SN_tilemap	unknown	FUN_000003a4
0x00042E	lea (0xc08c40).l,A2	scalar	0xC08C40	PC080SN_tilemap	unknown	FUN_000003a4
0x000438	move.b (0x00390003).l,D6b	ref	0x390003	arcade_inputs	read	FUN_000003a4
0x000438	move.b (0x00390003).l,D6b	scalar	0x390003	arcade_inputs	unknown	FUN_000003a4
0x000440	lea (0xc08e7c).l,A2	ref	0xC08E7C	PC080SN_tilemap	unknown	FUN_000003a4
0x000440	lea (0xc08e7c).l,A2	scalar	0xC08E7C	PC080SN_tilemap	unknown	FUN_000003a4
0x00044A	lea (0xc08f7c).l,A2	ref	0xC08F7C	PC080SN_tilemap	unknown	FUN_000003a4
0x00044A	lea (0xc08f7c).l,A2	scalar	0xC08F7C	PC080SN_tilemap	unknown	FUN_000003a4
0x000454	lea (0xc0907c).l,A2	ref	0xC0907C	PC080SN_tilemap	unknown	FUN_000003a4
0x000454	lea (0xc0907c).l,A2	scalar	0xC0907C	PC080SN_tilemap	unknown	FUN_000003a4
0x00045E	lea (0xc0917c).l,A2	ref	0xC0917C	PC080SN_tilemap	unknown	FUN_000003a4
0x00045E	lea (0xc0917c).l,A2	scalar	0xC0917C	PC080SN_tilemap	unknown	FUN_000003a4
0x000468	lea (0xc08b7c).l,A2	ref	0xC08B7C	PC080SN_tilemap	unknown	FUN_000003a4
0x000468	lea (0xc08b7c).l,A2	scalar	0xC08B7C	PC080SN_tilemap	unknown	FUN_000003a4
0x000472	lea (0xc08c7c).l,A2	ref	0xC08C7C	PC080SN_tilemap	unknown	FUN_000003a4
0x000472	lea (0xc08c7c).l,A2	scalar	0xC08C7C	PC080SN_tilemap	unknown	FUN_000003a4
0x00047C	move.b (0x00390009).l,D6b	ref	0x390009	arcade_inputs	read	FUN_000003a4
0x00047C	move.b (0x00390009).l,D6b	scalar	0x390009	arcade_inputs	unknown	FUN_000003a4
0x000484	lea (0xc09450).l,A2	ref	0xC09450	PC080SN_tilemap	unknown	FUN_000003a4
0x000484	lea (0xc09450).l,A2	scalar	0xC09450	PC080SN_tilemap	unknown	FUN_000003a4
0x00048E	move.b (0x0039000b).l,D6b	ref	0x39000B	arcade_inputs	read	FUN_000003a4
0x00048E	move.b (0x0039000b).l,D6b	scalar	0x39000B	arcade_inputs	unknown	FUN_000003a4
0x000496	lea (0xc09550).l,A2	ref	0xC09550	PC080SN_tilemap	unknown	FUN_000003a4
0x000496	lea (0xc09550).l,A2	scalar	0xC09550	PC080SN_tilemap	unknown	FUN_000003a4
0x000502	lea (0xc08000).l,A0	ref	0xC08000	PC080SN_tilemap	unknown	FUN_00000502
0x000502	lea (0xc08000).l,A0	scalar	0xC08000	PC080SN_tilemap	unknown	FUN_00000502
0x000508	lea (0xc0c000).l,A2	ref	0xC0C000	PC080SN_tilemap	unknown	FUN_00000502
0x000508	lea (0xc0c000).l,A2	scalar	0xC0C000	PC080SN_tilemap	unknown	FUN_00000502
0x000514	move.w #0x0,(A1)+	ref	0xC08000	PC080SN_tilemap	write	FUN_00000502
0x000514	move.w #0x0,(A1)+	ref	0xC08004	PC080SN_tilemap	write	FUN_00000502
0x000514	move.w #0x0,(A1)+	ref	0xC08100	PC080SN_tilemap	write	FUN_00000502
0x000518	move.w #0x20,(A1)+	ref	0xC08002	PC080SN_tilemap	write	FUN_00000502
0x000518	move.w #0x20,(A1)+	ref	0xC08006	PC080SN_tilemap	write	FUN_00000502
0x000518	move.w #0x20,(A1)+	ref	0xC08102	PC080SN_tilemap	write	FUN_00000502
0x00052A	lea (0x10c000).l,A0	ref	0x10C000	arcade_WRAM	unknown	FUN_0000052a
0x00052A	lea (0x10c000).l,A0	scalar	0x10C000	arcade_WRAM	unknown	FUN_0000052a
0x000530	lea (0x10d600).l,A1	ref	0x10D600	arcade_WRAM	unknown	FUN_0000052a
0x000530	lea (0x10d600).l,A1	scalar	0x10D600	arcade_WRAM	unknown	FUN_0000052a
0x00053A	lea (0x200000).l,A0	ref	0x200000	arcade_palette_RAM	unknown	FUN_0000052a
0x00053A	lea (0x200000).l,A0	scalar	0x200000	arcade_palette_RAM	unknown	FUN_0000052a
0x00054A	lea (0xc00000).l,A0	ref	0xC00000	PC080SN_tilemap	unknown	FUN_0000052a
0x00054A	lea (0xc00000).l,A0	scalar	0xC00000	PC080SN_tilemap	unknown	FUN_0000052a
0x000550	lea (0xc04000).l,A1	ref	0xC04000	PC080SN_tilemap	unknown	FUN_0000052a
0x000550	lea (0xc04000).l,A1	scalar	0xC04000	PC080SN_tilemap	unknown	FUN_0000052a
0x00055A	lea (0xc08000).l,A0	ref	0xC08000	PC080SN_tilemap	unknown	FUN_0000052a
0x00055A	lea (0xc08000).l,A0	scalar	0xC08000	PC080SN_tilemap	unknown	FUN_0000052a
0x000560	lea (0xc0c000).l,A1	ref	0xC0C000	PC080SN_tilemap	unknown	FUN_0000052a
0x000560	lea (0xc0c000).l,A1	scalar	0xC0C000	PC080SN_tilemap	unknown	FUN_0000052a
0x00056A	lea (0xd00000).l,A0	ref	0xD00000	PC090OJ_sprite_RAM	unknown	FUN_0000052a
0x00056A	lea (0xd00000).l,A0	scalar	0xD00000	PC090OJ_sprite_RAM	unknown	FUN_0000052a
0x000570	lea (0xd01000).l,A1	ref	0xD01000	PC090OJ_sprite_RAM	unknown	FUN_0000052a
0x000570	lea (0xd01000).l,A1	scalar	0xD01000	PC090OJ_sprite_RAM	unknown	FUN_0000052a
0x00059A	cmpa.l #0x10d600,A1	scalar	0x10D600	arcade_WRAM	unknown	FUN_0000057c
0x0005B2	cmpa.l #0xd01000,A1	scalar	0xD01000	PC090OJ_sprite_RAM	unknown	FUN_0000057c
0x0005CC	btst.b #0x3,(0x00390007).l	ref	0x390007	arcade_inputs	read	FUN_000005cc
0x0005CC	btst.b #0x3,(0x00390007).l	scalar	0x390007	arcade_inputs	unknown	FUN_000005cc
0x0005E2	move.w #0x0,(0x003c0000).l	ref	0x3C0000	arcade_watchdog	write	FUN_000005cc
0x0005E2	move.w #0x0,(0x003c0000).l	scalar	0x3C0000	arcade_watchdog	unknown	FUN_000005cc
0x0005F6	btst.b #0x0,(0x00390001).l	ref	0x390001	arcade_inputs	read	FUN_000005cc
0x0005F6	btst.b #0x0,(0x00390001).l	scalar	0x390001	arcade_inputs	unknown	FUN_000005cc
0x000612	btst.b #0x1,(0x00390001).l	ref	0x390001	arcade_inputs	read	FUN_000005cc
0x000612	btst.b #0x1,(0x00390001).l	scalar	0x390001	arcade_inputs	unknown	FUN_000005cc
0x000630	lea (0xc0975c).l,A0	ref	0xC0975C	PC080SN_tilemap	unknown	FUN_000005cc
0x000630	lea (0xc0975c).l,A0	scalar	0xC0975C	PC080SN_tilemap	unknown	FUN_000005cc
0x000644	btst.b #0x3,(0x00390007).l	ref	0x390007	arcade_inputs	read	FUN_000005cc
0x000644	btst.b #0x3,(0x00390007).l	scalar	0x390007	arcade_inputs	unknown	FUN_000005cc
0x00069A	lea (0xc09748).l,A2	ref	0xC09748	PC080SN_tilemap	unknown	FUN_00000100
0x00069A	lea (0xc09748).l,A2	scalar	0xC09748	PC080SN_tilemap	unknown	FUN_00000100
0x0006AA	move.b #0x4,(0x003e0001).l	ref	0x3E0001	arcade_sound_comm	write	FUN_000006aa
0x0006AA	move.b #0x4,(0x003e0001).l	scalar	0x3E0001	arcade_sound_comm	unknown	FUN_000006aa
0x0006B2	move.b (0x003e0003).l,D5b	ref	0x3E0003	arcade_sound_comm	read	FUN_000006aa
0x0006B2	move.b (0x003e0003).l,D5b	scalar	0x3E0003	arcade_sound_comm	unknown	FUN_000006aa
0x03A00C	clr.w (0x00350008).l	ref	0x350008	arcade_unknown_350008	write	vector_1d_target_03a008
0x03A00C	clr.w (0x00350008).l	scalar	0x350008	arcade_unknown_350008	unknown	vector_1d_target_03a008
0x03A012	move.w D0w,(0x003c0000).l	ref	0x3C0000	arcade_watchdog	write	vector_1d_target_03a008
0x03A012	move.w D0w,(0x003c0000).l	scalar	0x3C0000	arcade_watchdog	unknown	vector_1d_target_03a008
0x03A0A8	btst.b #0x6,(0x00390005).l	ref	0x390005	arcade_inputs	read	FUN_0003a0a8
0x03A0A8	btst.b #0x6,(0x00390005).l	scalar	0x390005	arcade_inputs	unknown	FUN_0003a0a8
0x03A0B2	btst.b #0x4,(0x00390005).l	ref	0x390005	arcade_inputs	read	FUN_0003a0a8
0x03A0B2	btst.b #0x4,(0x00390005).l	scalar	0x390005	arcade_inputs	unknown	FUN_0003a0a8
0x03A0C0	btst.b #0x5,(0x00390005).l	ref	0x390005	arcade_inputs	read	FUN_0003a0a8
0x03A0C0	btst.b #0x5,(0x00390005).l	scalar	0x390005	arcade_inputs	unknown	FUN_0003a0a8
0x03A1D8	move.w D0w,(0x00380000).l	ref	0x380000	arcade_sprite_ctrl	write	frontend_state0_init_3a1c4
0x03A1D8	move.w D0w,(0x00380000).l	scalar	0x380000	arcade_sprite_ctrl	unknown	frontend_state0_init_3a1c4
0x03A31C	move.w #0x3ff,(0x002005c2).l	ref	0x2005C2	arcade_palette_RAM	write	frontend_state3_update_3a304
0x03A31C	move.w #0x3ff,(0x002005c2).l	scalar	0x2005C2	arcade_palette_RAM	unknown	frontend_state3_update_3a304
0x03A324	move.w #0x1f,(0x002005e2).l	ref	0x2005E2	arcade_palette_RAM	write	frontend_state3_update_3a304
0x03A324	move.w #0x1f,(0x002005e2).l	scalar	0x2005E2	arcade_palette_RAM	unknown	frontend_state3_update_3a304
0x03A350	move.w #0x32,(0x00c08a52).l	ref	0xC08A52	PC080SN_tilemap	write	frontend_state3_update_3a304
0x03A350	move.w #0x32,(0x00c08a52).l	scalar	0xC08A52	PC080SN_tilemap	unknown	frontend_state3_update_3a304
0x03A47E	cmpi.w #0x49,(0x00c0883a).l	ref	0xC0883A	PC080SN_tilemap	read	frontend_state8_update_3a478
0x03A47E	cmpi.w #0x49,(0x00c0883a).l	scalar	0xC0883A	PC080SN_tilemap	unknown	frontend_state8_update_3a478
0x03A490	move.b (0x00390007).l,D0b	ref	0x390007	arcade_inputs	read	frontend_state8_update_3a478
0x03A490	move.b (0x00390007).l,D0b	scalar	0x390007	arcade_inputs	unknown	frontend_state8_update_3a478
0x03A4A2	move.b (0x00390001).l,D0b	ref	0x390001	arcade_inputs	read	frontend_state8_update_3a478
0x03A4A2	move.b (0x00390001).l,D0b	scalar	0x390001	arcade_inputs	unknown	frontend_state8_update_3a478
0x03A4A8	move.b (0x00390003).l,D1b	ref	0x390003	arcade_inputs	read	frontend_state8_update_3a478
0x03A4A8	move.b (0x00390003).l,D1b	scalar	0x390003	arcade_inputs	unknown	frontend_state8_update_3a478
0x03A552	cmpi.b #0x30,(0x00c09ea3).l	ref	0xC09EA3	PC080SN_tilemap	read	FUN_0003a552
0x03A552	cmpi.b #0x30,(0x00c09ea3).l	scalar	0xC09EA3	PC080SN_tilemap	unknown	FUN_0003a552
0x03A55C	move.b #0x20,(0x00c09ea3).l	ref	0xC09EA3	PC080SN_tilemap	write	FUN_0003a552
0x03A55C	move.b #0x20,(0x00c09ea3).l	scalar	0xC09EA3	PC080SN_tilemap	unknown	FUN_0003a552
0x03AB96	btst.b #0x2,(0x00390007).l	ref	0x390007	arcade_inputs	read	warm_restart_gate_caller_a
0x03AB96	btst.b #0x2,(0x00390007).l	scalar	0x390007	arcade_inputs	unknown	warm_restart_gate_caller_a
0x03ABBA	clr.l (0x00c20000).l	ref	0xC20000	PC080SN_yscroll	write	warm_restart_gate_caller_a
0x03ABBA	clr.l (0x00c20000).l	scalar	0xC20000	PC080SN_yscroll	unknown	warm_restart_gate_caller_a
0x03ABC0	clr.l (0x00c40000).l	ref	0xC40000	PC080SN_xscroll	write	warm_restart_gate_caller_a
0x03ABC0	clr.l (0x00c40000).l	scalar	0xC40000	PC080SN_xscroll	unknown	warm_restart_gate_caller_a
0x03AC04	btst.b #0x0,(0x00390007).l	ref	0x390007	arcade_inputs	read	FUN_0003ac04
0x03AC04	btst.b #0x0,(0x00390007).l	scalar	0x390007	arcade_inputs	unknown	FUN_0003ac04
0x03AC54	cmpi.b #0x43,(0x00c09e87).l	ref	0xC09E87	PC080SN_tilemap	read	FUN_0003ac04
0x03AC54	cmpi.b #0x43,(0x00c09e87).l	scalar	0xC09E87	PC080SN_tilemap	unknown	FUN_0003ac04
0x03AC94	btst.b #0x5,(0x00390007).l	ref	0x390007	arcade_inputs	read	FUN_0003ac8a
0x03AC94	btst.b #0x5,(0x00390007).l	scalar	0x390007	arcade_inputs	unknown	FUN_0003ac8a
0x03ACB2	btst.b #0x6,(0x00390005).l	ref	0x390005	arcade_inputs	read	title_fg_glyph_producer_3acae
0x03ACB2	btst.b #0x6,(0x00390005).l	scalar	0x390005	arcade_inputs	unknown	title_fg_glyph_producer_3acae
0x03ACBC	btst.b #0x4,(0x00390005).l	ref	0x390005	arcade_inputs	read	title_fg_glyph_producer_3acae
0x03ACBC	btst.b #0x4,(0x00390005).l	scalar	0x390005	arcade_inputs	unknown	title_fg_glyph_producer_3acae
0x03ACFE	btst.b #0x6,(0x00390007).l	ref	0x390007	arcade_inputs	read	FUN_0003acf4
0x03ACFE	btst.b #0x6,(0x00390007).l	scalar	0x390007	arcade_inputs	unknown	FUN_0003acf4
0x03AD1C	btst.b #0x6,(0x00390005).l	ref	0x390005	arcade_inputs	read	FUN_0003acf4
0x03AD1C	btst.b #0x6,(0x00390005).l	scalar	0x390005	arcade_inputs	unknown	FUN_0003acf4
0x03AD26	btst.b #0x5,(0x00390005).l	ref	0x390005	arcade_inputs	read	FUN_0003acf4
0x03AD26	btst.b #0x5,(0x00390005).l	scalar	0x390005	arcade_inputs	unknown	FUN_0003acf4
0x03AD50	lea (0xd00000).l,A0	ref	0xD00000	PC090OJ_sprite_RAM	unknown	FUN_0003ad4c
0x03AD50	lea (0xd00000).l,A0	scalar	0xD00000	PC090OJ_sprite_RAM	unknown	FUN_0003ad4c
0x03AD62	lea (0xd00170).l,A0	ref	0xD00170	PC090OJ_sprite_RAM	unknown	FUN_0003ad4c
0x03AD62	lea (0xd00170).l,A0	scalar	0xD00170	PC090OJ_sprite_RAM	unknown	FUN_0003ad4c
0x03AD76	lea (0xd00000).l,A0	ref	0xD00000	PC090OJ_sprite_RAM	unknown	FUN_0003ad72
0x03AD76	lea (0xd00000).l,A0	scalar	0xD00000	PC090OJ_sprite_RAM	unknown	FUN_0003ad72
0x03AD86	lea (0xd00778).l,A0	ref	0xD00778	PC090OJ_sprite_RAM	unknown	FUN_0003ad72
0x03AD86	lea (0xd00778).l,A0	scalar	0xD00778	PC090OJ_sprite_RAM	unknown	FUN_0003ad72
0x03ADFE	move.w #0x0,(0x00c50000).l	ref	0xC50000	PC080SN_ctrl	write	FUN_0003add8
0x03ADFE	move.w #0x0,(0x00c50000).l	scalar	0xC50000	PC080SN_ctrl	unknown	FUN_0003add8
0x03AE06	move.w #0x1,(0x00d01bfe).l	ref	0xD01BFE	PC090OJ_sprite_RAM	write	FUN_0003add8
0x03AE06	move.w #0x1,(0x00d01bfe).l	scalar	0xD01BFE	PC090OJ_sprite_RAM	unknown	FUN_0003add8
0x03AE16	move.w #0x1,(0x00c50000).l	ref	0xC50000	PC080SN_ctrl	write	FUN_0003add8
0x03AE16	move.w #0x1,(0x00c50000).l	scalar	0xC50000	PC080SN_ctrl	unknown	FUN_0003add8
0x03AE1E	move.w #0x0,(0x00d01bfe).l	ref	0xD01BFE	PC090OJ_sprite_RAM	write	FUN_0003add8
0x03AE1E	move.w #0x0,(0x00d01bfe).l	scalar	0xD01BFE	PC090OJ_sprite_RAM	unknown	FUN_0003add8
0x03AE34	move.w D0w,(0x00380000).l	ref	0x380000	arcade_sprite_ctrl	write	FUN_0003ae28
0x03AE34	move.w D0w,(0x00380000).l	scalar	0x380000	arcade_sprite_ctrl	unknown	FUN_0003ae28
0x03AE64	lea (0xc00100).l,A0	ref	0xC00100	PC080SN_tilemap	unknown	FUN_0003ae64
0x03AE64	lea (0xc00100).l,A0	scalar	0xC00100	PC080SN_tilemap	unknown	FUN_0003ae64
0x03AE74	lea (0xc08100).l,A0	ref	0xC08100	PC080SN_tilemap	unknown	FUN_0003ae64
0x03AE74	lea (0xc08100).l,A0	scalar	0xC08100	PC080SN_tilemap	unknown	FUN_0003ae64
0x03AE86	move.w #0x0,(0x00c50000).l	ref	0xC50000	PC080SN_ctrl	write	startup_common_body
0x03AE86	move.w #0x0,(0x00c50000).l	scalar	0xC50000	PC080SN_ctrl	unknown	startup_common_body
0x03AE8E	move.w #0x0,(0x00d01bfe).l	ref	0xD01BFE	PC090OJ_sprite_RAM	write	startup_common_body
0x03AE8E	move.w #0x0,(0x00d01bfe).l	scalar	0xD01BFE	PC090OJ_sprite_RAM	unknown	startup_common_body
0x03AE96	clr.w (0x00350008).l	ref	0x350008	arcade_unknown_350008	write	startup_common_body
0x03AE96	clr.w (0x00350008).l	scalar	0x350008	arcade_unknown_350008	unknown	startup_common_body
0x03AE9C	clr.w (0x00380000).l	ref	0x380000	arcade_sprite_ctrl	write	startup_common_body
0x03AE9C	clr.w (0x00380000).l	scalar	0x380000	arcade_sprite_ctrl	unknown	startup_common_body
0x03AEA2	move.b #0x4,(0x003e0001).l	ref	0x3E0001	arcade_sound_comm	write	startup_common_body
0x03AEA2	move.b #0x4,(0x003e0001).l	scalar	0x3E0001	arcade_sound_comm	unknown	startup_common_body
0x03AEAA	move.b #0x1,(0x003e0003).l	ref	0x3E0003	arcade_sound_comm	write	startup_common_body
0x03AEAA	move.b #0x1,(0x003e0003).l	scalar	0x3E0003	arcade_sound_comm	unknown	startup_common_body
0x03AEB6	move.w (0x00200000).l,D1w	ref	0x200000	arcade_palette_RAM	read	startup_common_body
0x03AEB6	move.w (0x00200000).l,D1w	scalar	0x200000	arcade_palette_RAM	unknown	startup_common_body
0x03AEBC	move.w D1w,(0x00200000).l	ref	0x200000	arcade_palette_RAM	write	startup_common_body
0x03AEBC	move.w D1w,(0x00200000).l	scalar	0x200000	arcade_palette_RAM	unknown	startup_common_body
0x03AEC6	move.b #0x4,(0x003e0001).l	ref	0x3E0001	arcade_sound_comm	write	startup_common_body
0x03AEC6	move.b #0x4,(0x003e0001).l	scalar	0x3E0001	arcade_sound_comm	unknown	startup_common_body
0x03AECE	move.b #0x0,(0x003e0003).l	ref	0x3E0003	arcade_sound_comm	write	startup_common_body
0x03AECE	move.b #0x0,(0x003e0003).l	scalar	0x3E0003	arcade_sound_comm	unknown	startup_common_body
0x03AEDA	move.w (0x00200000).l,D1w	ref	0x200000	arcade_palette_RAM	read	startup_common_body
0x03AEDA	move.w (0x00200000).l,D1w	scalar	0x200000	arcade_palette_RAM	unknown	startup_common_body
0x03AEE0	move.w D1w,(0x00200000).l	ref	0x200000	arcade_palette_RAM	write	startup_common_body
0x03AEE0	move.w D1w,(0x00200000).l	scalar	0x200000	arcade_palette_RAM	unknown	startup_common_body
0x03AEEA	lea (0x10c000).l,A0	ref	0x10C000	arcade_WRAM	unknown	startup_common_body
0x03AEEA	lea (0x10c000).l,A0	scalar	0x10C000	arcade_WRAM	unknown	startup_common_body
0x03AEF0	lea (0x10c002).l,A1	ref	0x10C002	arcade_WRAM	unknown	startup_common_body
0x03AEF0	lea (0x10c002).l,A1	scalar	0x10C002	arcade_WRAM	unknown	startup_common_body
0x03AEF6	move.w #0x0,(A0)	ref	0x10C000	arcade_WRAM	write	startup_common_body
0x03AEFE	move.w (A0)+,(A1)+	ref	0x10C000	arcade_WRAM	read	startup_common_body
0x03AEFE	move.w (A0)+,(A1)+	ref	0x10C002	arcade_WRAM	write	startup_common_body
0x03AEFE	move.w (A0)+,(A1)+	ref	0x10C004	arcade_WRAM	write	startup_common_body
0x03AF04	lea (0x10c000).l,A5	ref	0x10C000	arcade_WRAM	unknown	startup_common_body
0x03AF04	lea (0x10c000).l,A5	scalar	0x10C000	arcade_WRAM	unknown	startup_common_body
0x03AF0A	move.w D0w,(0x003c0000).l	ref	0x3C0000	arcade_watchdog	write	startup_common_body
0x03AF0A	move.w D0w,(0x003c0000).l	scalar	0x3C0000	arcade_watchdog	unknown	startup_common_body
0x03AF14	move.w D0w,(0x003c0000).l	ref	0x3C0000	arcade_watchdog	write	startup_common_body
0x03AF14	move.w D0w,(0x003c0000).l	scalar	0x3C0000	arcade_watchdog	unknown	startup_common_body
0x03AF1E	move.w D0w,(0x00380000).l	ref	0x380000	arcade_sprite_ctrl	write	startup_common_body
0x03AF1E	move.w D0w,(0x00380000).l	scalar	0x380000	arcade_sprite_ctrl	unknown	startup_common_body
0x03AF24	move.w D0w,(0x14,A5)	ref	0x10C014	arcade_WRAM	write	startup_common_body
0x03AF2C	lea (0xc00000).l,A0	ref	0xC00000	PC080SN_tilemap	unknown	startup_common_body
0x03AF2C	lea (0xc00000).l,A0	scalar	0xC00000	PC080SN_tilemap	unknown	startup_common_body
0x03AF3C	lea (0xc08000).l,A0	ref	0xC08000	PC080SN_tilemap	unknown	startup_common_body
0x03AF3C	lea (0xc08000).l,A0	scalar	0xC08000	PC080SN_tilemap	unknown	startup_common_body
0x03AF4C	move.w D0w,(0x003c0000).l	ref	0x3C0000	arcade_watchdog	write	startup_common_body
0x03AF4C	move.w D0w,(0x003c0000).l	scalar	0x3C0000	arcade_watchdog	unknown	startup_common_body
0x03AF52	lea (0xc04000).l,A0	ref	0xC04000	PC080SN_tilemap	unknown	startup_common_body
0x03AF52	lea (0xc04000).l,A0	scalar	0xC04000	PC080SN_tilemap	unknown	startup_common_body
0x03AF62	lea (0xc0c000).l,A0	ref	0xC0C000	PC080SN_tilemap	unknown	startup_common_body
0x03AF62	lea (0xc0c000).l,A0	scalar	0xC0C000	PC080SN_tilemap	unknown	startup_common_body
0x03AF72	move.w D0w,(0x003c0000).l	ref	0x3C0000	arcade_watchdog	write	startup_common_body
0x03AF72	move.w D0w,(0x003c0000).l	scalar	0x3C0000	arcade_watchdog	unknown	startup_common_body
0x03AF7A	move.b (0x00390009).l,D0b	ref	0x390009	arcade_inputs	read	startup_common_body
0x03AF7A	move.b (0x00390009).l,D0b	scalar	0x390009	arcade_inputs	unknown	startup_common_body
0x03AF82	move.w D0w,(0x18,A5)	ref	0x10C018	arcade_WRAM	write	startup_common_body
0x03AF86	move.b (0x0039000b).l,D0b	ref	0x39000B	arcade_inputs	read	startup_common_body
0x03AF86	move.b (0x0039000b).l,D0b	scalar	0x39000B	arcade_inputs	unknown	startup_common_body
0x03AF8E	move.w D0w,(0x1c,A5)	ref	0x10C01C	arcade_WRAM	write	startup_common_body
0x03AF92	move.w (0x1c,A5),D0w	ref	0x10C01C	arcade_WRAM	read	startup_common_body
0x03AFA2	move.w (A0),(0x38,A5)	ref	0x10C038	arcade_WRAM	write	startup_common_body
0x03AFA6	move.w (0x1c,A5),D0w	ref	0x10C01C	arcade_WRAM	read	startup_common_body
0x03AFB6	move.w (A0),(0x36,A5)	ref	0x10C036	arcade_WRAM	write	startup_common_body
0x03AFBA	move.w (0x18,A5),D0w	ref	0x10C018	arcade_WRAM	read	startup_common_body
0x03AFC2	move.w D0w,(0x30,A5)	ref	0x10C030	arcade_WRAM	write	startup_common_body
0x03AFC6	move.w (0x18,A5),D0w	ref	0x10C018	arcade_WRAM	read	startup_common_body
0x03AFCE	move.w D0w,(0x32,A5)	ref	0x10C032	arcade_WRAM	write	startup_common_body
0x03AFD2	move.w (0x1c,A5),D0w	ref	0x10C01C	arcade_WRAM	read	startup_common_body
0x03AFEA	move.w D0w,(0x2e,A5)	ref	0x10C02E	arcade_WRAM	write	startup_common_body
0x03AFFA	move.w D0w,(0x40,A5)	ref	0x10C040	arcade_WRAM	write	startup_common_body
0x03B00A	move.w D0w,(0x44,A5)	ref	0x10C044	arcade_WRAM	write	startup_common_body
0x03B020	move.w #0x1,(0x26,A5)	ref	0x10C026	arcade_WRAM	write	startup_common_body
0x03B026	lea (0x8,A5),A0	ref	0x10C008	arcade_WRAM	unknown	startup_common_body
0x03B02A	move.w (0x18,A5),D0w	ref	0x10C018	arcade_WRAM	read	startup_common_body
0x03B038	lea (0xe,A5),A0	ref	0x10C00E	arcade_WRAM	unknown	startup_common_body
0x03B03C	move.w (0x18,A5),D0w	ref	0x10C018	arcade_WRAM	read	startup_common_body
0x03B04E	btst.b #0x2,(0x19,A5)	ref	0x10C019	arcade_WRAM	read	startup_common_body
0x03B064	move.w #0xaa,(0x4a,A5)	ref	0x10C04A	arcade_WRAM	write	startup_common_body
0x03B07E	move.w D0w,(0x003c0000).l	ref	0x3C0000	arcade_watchdog	write	startup_common_body
0x03B07E	move.w D0w,(0x003c0000).l	scalar	0x3C0000	arcade_watchdog	unknown	startup_common_body
0x03B098	clr.l (0x00c20000).l	ref	0xC20000	PC080SN_yscroll	write	FUN_0003b098
0x03B098	clr.l (0x00c20000).l	scalar	0xC20000	PC080SN_yscroll	unknown	FUN_0003b098
0x03B09E	clr.l (0x00c40000).l	ref	0xC40000	PC080SN_xscroll	write	FUN_0003b098
0x03B09E	clr.l (0x00c40000).l	scalar	0xC40000	PC080SN_xscroll	unknown	FUN_0003b098
0x03B8B4	lea (0xd00020).l,A1	ref	0xD00020	PC090OJ_sprite_RAM	unknown	FUN_0003b8b0
0x03B8B4	lea (0xd00020).l,A1	scalar	0xD00020	PC090OJ_sprite_RAM	unknown	FUN_0003b8b0
0x03B8CC	lea (0xd000e0).l,A1	ref	0xD000E0	PC090OJ_sprite_RAM	unknown	FUN_0003b8b0
0x03B8CC	lea (0xd000e0).l,A1	scalar	0xD000E0	PC090OJ_sprite_RAM	unknown	FUN_0003b8b0
0x03B8DC	lea (0xd00128).l,A1	ref	0xD00128	PC090OJ_sprite_RAM	unknown	FUN_0003b8b0
0x03B8DC	lea (0xd00128).l,A1	scalar	0xD00128	PC090OJ_sprite_RAM	unknown	FUN_0003b8b0
0x03B902	lea (0xd00088).l,A1	ref	0xD00088	PC090OJ_sprite_RAM	unknown	FUN_0003b902
0x03B902	lea (0xd00088).l,A1	scalar	0xD00088	PC090OJ_sprite_RAM	unknown	FUN_0003b902
0x03B91A	move.b D1b,(0x2,A1)	ref	0xD0008A	PC090OJ_sprite_RAM	write	FUN_0003b902
0x03B91A	move.b D1b,(0x2,A1)	ref	0xD00092	PC090OJ_sprite_RAM	write	FUN_0003b902
0x03B9FE	lea (0x200000).l,A0	ref	0x200000	arcade_palette_RAM	unknown	FUN_0003b9f8
0x03B9FE	lea (0x200000).l,A0	scalar	0x200000	arcade_palette_RAM	unknown	FUN_0003b9f8
0x03D04C	move.w D1w,(0x00c08c66).l	ref	0xC08C66	PC080SN_tilemap	write	FUN_0003d044
0x03D04C	move.w D1w,(0x00c08c66).l	scalar	0xC08C66	PC080SN_tilemap	unknown	FUN_0003d044
0x03EF28	move.w D0w,(0x00380000).l	ref	0x380000	arcade_sprite_ctrl	write	FUN_0003eefa
0x03EF28	move.w D0w,(0x00380000).l	scalar	0x380000	arcade_sprite_ctrl	unknown	FUN_0003eefa
0x03EF48	move.w D0w,(0x00380000).l	ref	0x380000	arcade_sprite_ctrl	write	FUN_0003eefa
0x03EF48	move.w D0w,(0x00380000).l	scalar	0x380000	arcade_sprite_ctrl	unknown	FUN_0003eefa
0x03EF8A	move.w D0w,(0x00380000).l	ref	0x380000	arcade_sprite_ctrl	write	FUN_0003ef5c
0x03EF8A	move.w D0w,(0x00380000).l	scalar	0x380000	arcade_sprite_ctrl	unknown	FUN_0003ef5c
0x03EFAA	move.w D0w,(0x00380000).l	ref	0x380000	arcade_sprite_ctrl	write	FUN_0003ef5c
0x03EFAA	move.w D0w,(0x00380000).l	scalar	0x380000	arcade_sprite_ctrl	unknown	FUN_0003ef5c
0x03F084	move.b #0x0,(0x003e0001).l	ref	0x3E0001	arcade_sound_comm	write	FUN_0003f084
0x03F084	move.b #0x0,(0x003e0001).l	scalar	0x3E0001	arcade_sound_comm	unknown	FUN_0003f084
0x03F08C	move.b D0b,(0x003e0003).l	ref	0x3E0003	arcade_sound_comm	write	FUN_0003f084
0x03F08C	move.b D0b,(0x003e0003).l	scalar	0x3E0003	arcade_sound_comm	unknown	FUN_0003f084
0x03F094	move.b D0b,(0x003e0003).l	ref	0x3E0003	arcade_sound_comm	write	FUN_0003f084
0x03F094	move.b D0b,(0x003e0003).l	scalar	0x3E0003	arcade_sound_comm	unknown	FUN_0003f084
0x03F09C	move.b #0x4,(0x003e0001).l	ref	0x3E0001	arcade_sound_comm	write	FUN_0003f09c
0x03F09C	move.b #0x4,(0x003e0001).l	scalar	0x3E0001	arcade_sound_comm	unknown	FUN_0003f09c
0x03F0A4	move.b (0x003e0003).l,D0b	ref	0x3E0003	arcade_sound_comm	read	FUN_0003f09c
0x03F0A4	move.b (0x003e0003).l,D0b	scalar	0x3E0003	arcade_sound_comm	unknown	FUN_0003f09c
0x040942	cmpa.l #0x10c508,A0	scalar	0x10C508	arcade_WRAM	unknown	FUN_0004092e
0x04094E	cmpa.l #0x10c748,A0	scalar	0x10C748	arcade_WRAM	unknown	FUN_0004092e
0x041DB2	lea (0xd001c8).l,A1	ref	0xD001C8	PC090OJ_sprite_RAM	unknown	FUN_00041dae
0x041DB2	lea (0xd001c8).l,A1	scalar	0xD001C8	PC090OJ_sprite_RAM	unknown	FUN_00041dae
0x041DEC	lea (0xd00300).l,A1	ref	0xD00300	PC090OJ_sprite_RAM	unknown	FUN_00041dae
0x041DEC	lea (0xd00300).l,A1	scalar	0xD00300	PC090OJ_sprite_RAM	unknown	FUN_00041dae
0x041E2A	lea (0xd00460).l,A1	ref	0xD00460	PC090OJ_sprite_RAM	unknown	FUN_00041dae
0x041E2A	lea (0xd00460).l,A1	scalar	0xD00460	PC090OJ_sprite_RAM	unknown	FUN_00041dae
0x041E7A	lea (0xd00170).l,A1	ref	0xD00170	PC090OJ_sprite_RAM	unknown	FUN_00041dae
0x041E7A	lea (0xd00170).l,A1	scalar	0xD00170	PC090OJ_sprite_RAM	unknown	FUN_00041dae
0x041F64	lea (0xd003c0).l,A1	ref	0xD003C0	PC090OJ_sprite_RAM	unknown	FUN_00041f5e
0x041F64	lea (0xd003c0).l,A1	scalar	0xD003C0	PC090OJ_sprite_RAM	unknown	FUN_00041f5e
0x041F74	lea (0xd002e0).l,A1	ref	0xD002E0	PC090OJ_sprite_RAM	unknown	FUN_00041f5e
0x041F74	lea (0xd002e0).l,A1	scalar	0xD002E0	PC090OJ_sprite_RAM	unknown	FUN_00041f5e
0x045D52	cmpa.l #0x10de00,A0	scalar	0x10DE00	arcade_WRAM	unknown	FUN_00045d10
0x045DAE	lea (0x200000).l,A1	ref	0x200000	arcade_palette_RAM	unknown	FUN_00045d7c
0x045DAE	lea (0x200000).l,A1	scalar	0x200000	arcade_palette_RAM	unknown	FUN_00045d7c
0x045DE4	lea (0x200600).l,A1	ref	0x200600	arcade_palette_RAM	unknown	FUN_00045dc4
0x045DE4	lea (0x200600).l,A1	scalar	0x200600	arcade_palette_RAM	unknown	FUN_00045dc4
0x045DFE	lea (0xd00460).l,A1	ref	0xD00460	PC090OJ_sprite_RAM	unknown	FUN_00045dfa
0x045DFE	lea (0xd00460).l,A1	scalar	0xD00460	PC090OJ_sprite_RAM	unknown	FUN_00045dfa
0x045E44	lea (0xd00170).l,A1	ref	0xD00170	PC090OJ_sprite_RAM	unknown	FUN_00045dfa
0x045E44	lea (0xd00170).l,A1	scalar	0xD00170	PC090OJ_sprite_RAM	unknown	FUN_00045dfa
0x045E80	lea (0xd00300).l,A1	ref	0xD00300	PC090OJ_sprite_RAM	unknown	FUN_00045dfa
0x045E80	lea (0xd00300).l,A1	scalar	0xD00300	PC090OJ_sprite_RAM	unknown	FUN_00045dfa
0x047030	lea (0x2009e2).l,A0	ref	0x2009E2	arcade_palette_RAM	unknown	FUN_00047004
0x047030	lea (0x2009e2).l,A0	scalar	0x2009E2	arcade_palette_RAM	unknown	FUN_00047004
0x0512D2	move.w (0x0010d0da).l,D6w	ref	0x10D0DA	arcade_WRAM	read	FUN_000512c8
0x0512D2	move.w (0x0010d0da).l,D6w	scalar	0x10D0DA	arcade_WRAM	unknown	FUN_000512c8
0x0512E8	move.w (0x0010d0da).l,D6w	ref	0x10D0DA	arcade_WRAM	read	FUN_000512c8
0x0512E8	move.w (0x0010d0da).l,D6w	scalar	0x10D0DA	arcade_WRAM	unknown	FUN_000512c8
0x0512FE	move.w (0x0010d0d8).l,D6w	ref	0x10D0D8	arcade_WRAM	read	FUN_000512c8
0x0512FE	move.w (0x0010d0d8).l,D6w	scalar	0x10D0D8	arcade_WRAM	unknown	FUN_000512c8
0x05131C	move.w (0x0010d0d8).l,D6w	ref	0x10D0D8	arcade_WRAM	read	FUN_000512c8
0x05131C	move.w (0x0010d0d8).l,D6w	scalar	0x10D0D8	arcade_WRAM	unknown	FUN_000512c8
0x051CA0	move.w (0x0010d37a).l,D0w	ref	0x10D37A	arcade_WRAM	read	player_attack_initialize_51ca0
0x051CA0	move.w (0x0010d37a).l,D0w	scalar	0x10D37A	arcade_WRAM	unknown	player_attack_initialize_51ca0
0x051CE0	move.w (0x0010d37a).l,D0w	ref	0x10D37A	arcade_WRAM	read	player_attack_initialize_51ca0
0x051CE0	move.w (0x0010d37a).l,D0w	scalar	0x10D37A	arcade_WRAM	unknown	player_attack_initialize_51ca0
0x051DB6	movea.l #0x10d338,A0	scalar	0x10D338	arcade_WRAM	unknown	FUN_00051dae
0x051DC0	move.w (0x0,A0),D1w	ref	0x10D338	arcade_WRAM	read	FUN_00051dae
0x051DC0	move.w (0x0,A0),D1w	ref	0x10D340	arcade_WRAM	read	FUN_00051dae
0x051DD2	move.w #0x1,(0x0,A0)	ref	0x10D338	arcade_WRAM	write	FUN_00051dae
0x051DD2	move.w #0x1,(0x0,A0)	ref	0x10D340	arcade_WRAM	write	FUN_00051dae
0x051DE2	move.w #0x0,(0x0,A0)	ref	0x10D338	arcade_WRAM	write	FUN_00051dae
0x051DF2	move.w #0x2,(0x0,A0)	ref	0x10D338	arcade_WRAM	write	FUN_00051dae
0x051DFA	move.w #0x3,(0x0,A0)	ref	0x10D338	arcade_WRAM	write	FUN_00051dae
0x051E00	movea.l #0x10d1b2,A1	scalar	0x10D1B2	arcade_WRAM	unknown	FUN_00051dae
0x051E08	move.w (A1),(0x4,A0)	ref	0x10D1B4	arcade_WRAM	read	FUN_00051dae
0x051E08	move.w (A1),(0x4,A0)	ref	0x10D33C	arcade_WRAM	write	FUN_00051dae
0x051E0E	move.w (A1),(0x2,A0)	ref	0x10D1B8	arcade_WRAM	read	FUN_00051dae
0x051E0E	move.w (A1),(0x2,A0)	ref	0x10D33A	arcade_WRAM	write	FUN_00051dae
0x051E12	move.w #0x0,(0x6,A0)	ref	0x10D33E	arcade_WRAM	write	FUN_00051dae
0x051E2E	move.w (0x0010d37a).l,D0w	ref	0x10D37A	arcade_WRAM	read	player_crouch_enter_51e24
0x051E2E	move.w (0x0010d37a).l,D0w	scalar	0x10D37A	arcade_WRAM	unknown	player_crouch_enter_51e24
0x05277A	move.w (0x0010c016).l,D0w	ref	0x10C016	arcade_WRAM	read	FUN_00052732
0x05277A	move.w (0x0010c016).l,D0w	scalar	0x10C016	arcade_WRAM	unknown	FUN_00052732
0x0527D4	move.w (0x0010c016).l,D0w	ref	0x10C016	arcade_WRAM	read	FUN_000527d4
0x0527D4	move.w (0x0010c016).l,D0w	scalar	0x10C016	arcade_WRAM	unknown	FUN_000527d4
0x0527E4	move.w (0x0010c016).l,D0w	ref	0x10C016	arcade_WRAM	read	FUN_000527d4
0x0527E4	move.w (0x0010c016).l,D0w	scalar	0x10C016	arcade_WRAM	unknown	FUN_000527d4
0x0527F4	move.w (0x0010c016).l,D0w	ref	0x10C016	arcade_WRAM	read	FUN_000527d4
0x0527F4	move.w (0x0010c016).l,D0w	scalar	0x10C016	arcade_WRAM	unknown	FUN_000527d4
0x052804	move.w (0x0010c016).l,D0w	ref	0x10C016	arcade_WRAM	read	FUN_000527d4
0x052804	move.w (0x0010c016).l,D0w	scalar	0x10C016	arcade_WRAM	unknown	FUN_000527d4
0x052858	movea.l #0xc08000,A0	scalar	0xC08000	PC080SN_tilemap	unknown	FUN_0005283e
0x05287A	subi.l #0xc08000,D0	scalar	0xC08000	PC080SN_tilemap	unknown	FUN_0005283e
0x052882	addi.l #0x10de00,D0	scalar	0x10DE00	arcade_WRAM	unknown	FUN_0005283e
0x05288C	movea.l #0x10d1b2,A0	scalar	0x10D1B2	arcade_WRAM	unknown	FUN_0005288c
0x05289A	move.w #0x5,(A0)+	ref	0x10D1B2	arcade_WRAM	write	FUN_0005288c
0x0528A0	move.w #0x1,(A0)+	ref	0x10D1B2	arcade_WRAM	write	FUN_0005288c
0x0528AA	move.w D0w,(A0)+	ref	0x10D1B4	arcade_WRAM	write	FUN_0005288c
0x0528B6	move.w #0x6e1,(A0)+	ref	0x10D1B6	arcade_WRAM	write	FUN_0005288c
0x0528BC	move.w #0x0,(A0)+	ref	0x10D1B6	arcade_WRAM	write	FUN_0005288c
0x0528C6	move.w D0w,(A0)	ref	0x10D1B8	arcade_WRAM	write	FUN_0005288c
0x0528CA	move.w (0x0010c016).l,D0w	ref	0x10C016	arcade_WRAM	read	FUN_000528ca
0x0528CA	move.w (0x0010c016).l,D0w	scalar	0x10C016	arcade_WRAM	unknown	FUN_000528ca
0x0528DA	move.w (0x0010c016).l,D0w	ref	0x10C016	arcade_WRAM	read	FUN_000528ca
0x0528DA	move.w (0x0010c016).l,D0w	scalar	0x10C016	arcade_WRAM	unknown	FUN_000528ca
0x0528EA	move.w (0x0010c016).l,D0w	ref	0x10C016	arcade_WRAM	read	FUN_000528ca
0x0528EA	move.w (0x0010c016).l,D0w	scalar	0x10C016	arcade_WRAM	unknown	FUN_000528ca
0x0528FA	move.w (0x0010c016).l,D0w	ref	0x10C016	arcade_WRAM	read	FUN_000528ca
0x0528FA	move.w (0x0010c016).l,D0w	scalar	0x10C016	arcade_WRAM	unknown	FUN_000528ca
0x052974	movea.l #0xc08000,A0	scalar	0xC08000	PC080SN_tilemap	unknown	FUN_00052974
0x05297A	movea.l #0x10d420,A2	scalar	0x10D420	arcade_WRAM	unknown	FUN_00052974
0x052986	move.w (A0)+,D0w	ref	0xC08002	PC080SN_tilemap	read	FUN_00052974
0x052986	move.w (A0)+,D0w	ref	0xC08006	PC080SN_tilemap	read	FUN_00052974
0x05299E	move.l D1,(A2)+	ref	0x10D420	arcade_WRAM	write	FUN_00052974
0x0529A0	move.l A0,(A2)+	ref	0x10D424	arcade_WRAM	write	FUN_00052974
0x0529A0	move.l A0,(A2)+	ref	0xC08004	PC080SN_tilemap	unknown	FUN_00052974
0x052A1A	move.w (0x0010d37a).l,D0w	ref	0x10D37A	arcade_WRAM	read	FUN_00052a1a
0x052A1A	move.w (0x0010d37a).l,D0w	scalar	0x10D37A	arcade_WRAM	unknown	FUN_00052a1a
0x052A6C	movea.l #0x10d1b2,A0	scalar	0x10D1B2	arcade_WRAM	unknown	FUN_00052a64
0x052A74	move.w (A0),(0x129c,A5)	ref	0x10D1B4	arcade_WRAM	read	FUN_00052a64
0x052A7A	move.w (A0),(0x129a,A5)	ref	0x10D1B8	arcade_WRAM	read	FUN_00052a64
0x052AA2	movea.l #0xd00000,A1	scalar	0xD00000	PC090OJ_sprite_RAM	unknown	FUN_00052aa2
0x052ABE	move.w D0w,(A1)+	ref	0xD00000	PC090OJ_sprite_RAM	write	FUN_00052aa2
0x052ABE	move.w D0w,(A1)+	ref	0xD00008	PC090OJ_sprite_RAM	write	FUN_00052aa2
0x052AD0	move.w D0w,(A1)+	ref	0xD00002	PC090OJ_sprite_RAM	write	FUN_00052aa2
0x052AD0	move.w D0w,(A1)+	ref	0xD0000A	PC090OJ_sprite_RAM	write	FUN_00052aa2
0x052AD4	move.w (0x0,A0),(A1)+	ref	0xD00004	PC090OJ_sprite_RAM	write	FUN_00052aa2
0x052AD4	move.w (0x0,A0),(A1)+	ref	0xD0000C	PC090OJ_sprite_RAM	write	FUN_00052aa2
0x052AEA	move.w D0w,(A1)+	ref	0xD00006	PC090OJ_sprite_RAM	write	FUN_00052aa2
0x052AEA	move.w D0w,(A1)+	ref	0xD0000E	PC090OJ_sprite_RAM	write	FUN_00052aa2
0x052B0E	move.w #0xff,(0x0010d296).l	ref	0x10D296	arcade_WRAM	write	FUN_00052af6
0x052B0E	move.w #0xff,(0x0010d296).l	scalar	0x10D296	arcade_WRAM	unknown	FUN_00052af6
0x052B2A	move.w #0xff,(0x0010d296).l	ref	0x10D296	arcade_WRAM	write	FUN_00052af6
0x052B2A	move.w #0xff,(0x0010d296).l	scalar	0x10D296	arcade_WRAM	unknown	FUN_00052af6
0x053A64	movea.l #0x10de00,A0	scalar	0x10DE00	arcade_WRAM	unknown	FUN_00053a2e
0x054052	movea.l #0x10d1d2,A1	scalar	0x10D1D2	arcade_WRAM	unknown	player_sprite_slot_init_54052
0x05405C	move.w #0x3,(A1)+	ref	0x10D1D2	arcade_WRAM	write	player_sprite_slot_init_54052
0x05405C	move.w #0x3,(A1)+	ref	0x10D1DA	arcade_WRAM	write	player_sprite_slot_init_54052
0x054060	move.w #0x0,(A1)+	ref	0x10D1D4	arcade_WRAM	write	player_sprite_slot_init_54052
0x054060	move.w #0x0,(A1)+	ref	0x10D1DC	arcade_WRAM	write	player_sprite_slot_init_54052
0x054064	move.w #0x0,(A1)+	ref	0x10D1D6	arcade_WRAM	write	player_sprite_slot_init_54052
0x054064	move.w #0x0,(A1)+	ref	0x10D1DE	arcade_WRAM	write	player_sprite_slot_init_54052
0x054068	move.w #0x0,(A1)+	ref	0x10D1D8	arcade_WRAM	write	player_sprite_slot_init_54052
0x054068	move.w #0x0,(A1)+	ref	0x10D1E0	arcade_WRAM	write	player_sprite_slot_init_54052
0x054074	movea.l #0x10d1b2,A1	scalar	0x10D1B2	arcade_WRAM	unknown	player_sprite_slot_init_54052
0x05407A	move.w #0x3,(A1)+	ref	0x10D1B2	arcade_WRAM	write	player_sprite_slot_init_54052
0x05407A	move.w #0x3,(A1)+	ref	0x10D1BA	arcade_WRAM	write	player_sprite_slot_init_54052
0x05407E	move.w #0x0,(A1)+	ref	0x10D1B4	arcade_WRAM	write	player_sprite_slot_init_54052
0x05407E	move.w #0x0,(A1)+	ref	0x10D1BC	arcade_WRAM	write	player_sprite_slot_init_54052
0x054082	move.w #0x0,(A1)+	ref	0x10D1B6	arcade_WRAM	write	player_sprite_slot_init_54052
0x054082	move.w #0x0,(A1)+	ref	0x10D1BE	arcade_WRAM	write	player_sprite_slot_init_54052
0x054086	move.w #0x0,(A1)+	ref	0x10D1B8	arcade_WRAM	write	player_sprite_slot_init_54052
0x054086	move.w #0x0,(A1)+	ref	0x10D1C0	arcade_WRAM	write	player_sprite_slot_init_54052
0x05408E	movea.l #0x10d1f2,A1	scalar	0x10D1F2	arcade_WRAM	unknown	player_sprite_slot_init_54052
0x054098	move.w #0x3,(A1)+	ref	0x10D1F2	arcade_WRAM	write	player_sprite_slot_init_54052
0x054098	move.w #0x3,(A1)+	ref	0x10D1FA	arcade_WRAM	write	player_sprite_slot_init_54052
0x05409C	move.w #0x0,(A1)+	ref	0x10D1F4	arcade_WRAM	write	player_sprite_slot_init_54052
0x05409C	move.w #0x0,(A1)+	ref	0x10D1FC	arcade_WRAM	write	player_sprite_slot_init_54052
0x0540A0	move.w #0x0,(A1)+	ref	0x10D1F6	arcade_WRAM	write	player_sprite_slot_init_54052
0x0540A0	move.w #0x0,(A1)+	ref	0x10D1FE	arcade_WRAM	write	player_sprite_slot_init_54052
0x0540A4	move.w #0x0,(A1)+	ref	0x10D1F8	arcade_WRAM	write	player_sprite_slot_init_54052
0x0540A4	move.w #0x0,(A1)+	ref	0x10D200	arcade_WRAM	write	player_sprite_slot_init_54052
0x0540AC	movea.l #0xd00000,A1	scalar	0xD00000	PC090OJ_sprite_RAM	unknown	FUN_000540ac
0x0540B6	move.w #0x3,(A1)+	ref	0xD00000	PC090OJ_sprite_RAM	write	FUN_000540ac
0x0540B6	move.w #0x3,(A1)+	ref	0xD00008	PC090OJ_sprite_RAM	write	FUN_000540ac
0x0540BA	move.w #0x0,(A1)+	ref	0xD00002	PC090OJ_sprite_RAM	write	FUN_000540ac
0x0540BA	move.w #0x0,(A1)+	ref	0xD0000A	PC090OJ_sprite_RAM	write	FUN_000540ac
0x0540BE	move.w #0x0,(A1)+	ref	0xD00004	PC090OJ_sprite_RAM	write	FUN_000540ac
0x0540BE	move.w #0x0,(A1)+	ref	0xD0000C	PC090OJ_sprite_RAM	write	FUN_000540ac
0x0540C2	move.w #0x0,(A1)+	ref	0xD00006	PC090OJ_sprite_RAM	write	FUN_000540ac
0x0540C2	move.w #0x0,(A1)+	ref	0xD0000E	PC090OJ_sprite_RAM	write	FUN_000540ac
0x0542E8	movea.l #0x10d1d2,A1	scalar	0x10D1D2	arcade_WRAM	unknown	player_body_constructor_540cc
0x0542F2	move.w #0x0,(A1)+	ref	0x10D1D2	arcade_WRAM	write	player_body_constructor_540cc
0x0542F2	move.w #0x0,(A1)+	ref	0x10D1D4	arcade_WRAM	write	player_body_constructor_540cc
0x0542FA	movea.l #0x10d1f2,A1	scalar	0x10D1F2	arcade_WRAM	unknown	player_body_constructor_540cc
0x054304	move.w #0x0,(A1)+	ref	0x10D1F2	arcade_WRAM	write	player_body_constructor_540cc
0x054304	move.w #0x0,(A1)+	ref	0x10D1F4	arcade_WRAM	write	player_body_constructor_540cc
0x05430C	movea.l #0x10d1b2,A1	scalar	0x10D1B2	arcade_WRAM	unknown	player_body_constructor_540cc
0x054316	move.w #0x0,(A1)+	ref	0x10D1B2	arcade_WRAM	write	player_body_constructor_540cc
0x054316	move.w #0x0,(A1)+	ref	0x10D1B4	arcade_WRAM	write	player_body_constructor_540cc
0x054492	movea.l #0x10d1d2,A1	scalar	0x10D1D2	arcade_WRAM	unknown	FUN_00054492
0x0544D0	move.w #0x3,(A1)+	ref	0x10D1D2	arcade_WRAM	write	FUN_00054492
0x0544D0	move.w #0x3,(A1)+	ref	0x10D1DA	arcade_WRAM	write	FUN_00054492
0x0544D4	move.w #0x0,(A1)+	ref	0x10D1D4	arcade_WRAM	write	FUN_00054492
0x0544D4	move.w #0x0,(A1)+	ref	0x10D1DC	arcade_WRAM	write	FUN_00054492
0x0544D8	move.w #0x0,(A1)+	ref	0x10D1D6	arcade_WRAM	write	FUN_00054492
0x0544D8	move.w #0x0,(A1)+	ref	0x10D1DE	arcade_WRAM	write	FUN_00054492
0x0544DC	move.w #0x0,(A1)+	ref	0x10D1D8	arcade_WRAM	write	FUN_00054492
0x0544DC	move.w #0x0,(A1)+	ref	0x10D1E0	arcade_WRAM	write	FUN_00054492
0x0544F2	move.w D0w,(A1)+	ref	0x10D1DA	arcade_WRAM	write	FUN_00054492
0x054504	move.w D0w,(A1)+	ref	0x10D1DC	arcade_WRAM	write	FUN_00054492
0x054508	move.w (0x0,A0),(A1)+	ref	0x10D1DE	arcade_WRAM	write	FUN_00054492
0x05452C	move.w D0w,(A1)+	ref	0x10D1E0	arcade_WRAM	write	FUN_00054492
0x05457A	movea.l #0x10d1b2,A1	scalar	0x10D1B2	arcade_WRAM	unknown	FUN_00054492
0x054580	move.w #0x3,(A1)+	ref	0x10D1B2	arcade_WRAM	write	FUN_00054492
0x054580	move.w #0x3,(A1)+	ref	0x10D1BA	arcade_WRAM	write	FUN_00054492
0x054584	move.w #0x0,(A1)+	ref	0x10D1B4	arcade_WRAM	write	FUN_00054492
0x054584	move.w #0x0,(A1)+	ref	0x10D1BC	arcade_WRAM	write	FUN_00054492
0x054588	move.w #0x0,(A1)+	ref	0x10D1B6	arcade_WRAM	write	FUN_00054492
0x054588	move.w #0x0,(A1)+	ref	0x10D1BE	arcade_WRAM	write	FUN_00054492
0x05458C	move.w #0x0,(A1)+	ref	0x10D1B8	arcade_WRAM	write	FUN_00054492
0x05458C	move.w #0x0,(A1)+	ref	0x10D1C0	arcade_WRAM	write	FUN_00054492
0x0545BA	movea.l #0x10d1b2,A1	scalar	0x10D1B2	arcade_WRAM	unknown	FUN_00054492
0x0545CC	move.w #0x3,(A1)+	ref	0x10D1B2	arcade_WRAM	write	FUN_00054492
0x0545CC	move.w #0x3,(A1)+	ref	0x10D1BA	arcade_WRAM	write	FUN_00054492
0x0545D0	move.w #0x0,(A1)+	ref	0x10D1B4	arcade_WRAM	write	FUN_00054492
0x0545D0	move.w #0x0,(A1)+	ref	0x10D1BC	arcade_WRAM	write	FUN_00054492
0x0545D4	move.w #0x0,(A1)+	ref	0x10D1B6	arcade_WRAM	write	FUN_00054492
0x0545D4	move.w #0x0,(A1)+	ref	0x10D1BE	arcade_WRAM	write	FUN_00054492
0x0545D8	move.w #0x0,(A1)+	ref	0x10D1B8	arcade_WRAM	write	FUN_00054492
0x0545D8	move.w #0x0,(A1)+	ref	0x10D1C0	arcade_WRAM	write	FUN_00054492
0x0545EE	move.w D0w,(A1)+	ref	0x10D1BA	arcade_WRAM	write	FUN_00054492
0x054600	move.w D0w,(A1)+	ref	0x10D1BC	arcade_WRAM	write	FUN_00054492
0x054628	move.w D0w,(A1)+	ref	0x10D1BE	arcade_WRAM	write	FUN_00054492
0x05464A	move.w D0w,(A1)+	ref	0x10D1C0	arcade_WRAM	write	FUN_00054492
0x0546A8	movea.l #0x10d1f2,A1	scalar	0x10D1F2	arcade_WRAM	unknown	FUN_000546a8
0x0546E6	move.w #0x3,(A1)+	ref	0x10D1F2	arcade_WRAM	write	FUN_000546a8
0x0546E6	move.w #0x3,(A1)+	ref	0x10D1FA	arcade_WRAM	write	FUN_000546a8
0x0546EA	move.w #0x0,(A1)+	ref	0x10D1F4	arcade_WRAM	write	FUN_000546a8
0x0546EA	move.w #0x0,(A1)+	ref	0x10D1FC	arcade_WRAM	write	FUN_000546a8
0x0546EE	move.w #0x0,(A1)+	ref	0x10D1F6	arcade_WRAM	write	FUN_000546a8
0x0546EE	move.w #0x0,(A1)+	ref	0x10D1FE	arcade_WRAM	write	FUN_000546a8
0x0546F2	move.w #0x0,(A1)+	ref	0x10D1F8	arcade_WRAM	write	FUN_000546a8
0x0546F2	move.w #0x0,(A1)+	ref	0x10D200	arcade_WRAM	write	FUN_000546a8
0x054708	move.w D0w,(A1)+	ref	0x10D1FA	arcade_WRAM	write	FUN_000546a8
0x05471A	move.w D0w,(A1)+	ref	0x10D1FC	arcade_WRAM	write	FUN_000546a8
0x05471E	move.w (0x0,A0),(A1)+	ref	0x10D1FE	arcade_WRAM	write	FUN_000546a8
0x054742	move.w D0w,(A1)+	ref	0x10D200	arcade_WRAM	write	FUN_000546a8
0x0547C8	movea.l #0x10d1b2,A0	scalar	0x10D1B2	arcade_WRAM	unknown	player_aux_update_547c0
0x0547D0	move.w (A0),(0x129c,A5)	ref	0x10D1B4	arcade_WRAM	read	player_aux_update_547c0
0x0547D6	move.w (A0),(0x129a,A5)	ref	0x10D1B8	arcade_WRAM	read	player_aux_update_547c0
0x054810	movea.l #0xd00000,A1	scalar	0xD00000	PC090OJ_sprite_RAM	unknown	player_aux_sprite_constructor_54810
0x05482C	move.w D0w,(A1)+	ref	0xD00000	PC090OJ_sprite_RAM	write	player_aux_sprite_constructor_54810
0x05482C	move.w D0w,(A1)+	ref	0xD00008	PC090OJ_sprite_RAM	write	player_aux_sprite_constructor_54810
0x05483E	move.w D0w,(A1)+	ref	0xD00002	PC090OJ_sprite_RAM	write	player_aux_sprite_constructor_54810
0x05483E	move.w D0w,(A1)+	ref	0xD0000A	PC090OJ_sprite_RAM	write	player_aux_sprite_constructor_54810
0x054842	move.w (0x0,A0),(A1)+	ref	0xD00004	PC090OJ_sprite_RAM	write	player_aux_sprite_constructor_54810
0x054842	move.w (0x0,A0),(A1)+	ref	0xD0000C	PC090OJ_sprite_RAM	write	player_aux_sprite_constructor_54810
0x054858	move.w D0w,(A1)+	ref	0xD00006	PC090OJ_sprite_RAM	write	player_aux_sprite_constructor_54810
0x054858	move.w D0w,(A1)+	ref	0xD0000E	PC090OJ_sprite_RAM	write	player_aux_sprite_constructor_54810
0x0556F2	addi.l #0xc08000,D1	scalar	0xC08000	PC080SN_tilemap	unknown	FUN_00055696
0x05577E	addi.l #0xc08000,D0	scalar	0xC08000	PC080SN_tilemap	unknown	FUN_0005572e
0x055818	addi.l #0xc08000,D0	scalar	0xC08000	PC080SN_tilemap	unknown	FUN_000557ba
0x0558C8	movea.l #0x10d000,A0	scalar	0x10D000	arcade_WRAM	unknown	FUN_000558c6
0x0558CE	addq.l #0x4,(A0)	ref	0x10D000	arcade_WRAM	write	FUN_000558c6
0x0558CE	addq.l #0x4,(A0)	ref	0x10D004	arcade_WRAM	write	FUN_000558c6
0x0558F8	move.w D0w,(0x0010d0a8).l	ref	0x10D0A8	arcade_WRAM	write	FUN_000558e0
0x0558F8	move.w D0w,(0x0010d0a8).l	scalar	0x10D0A8	arcade_WRAM	unknown	FUN_000558e0
0x055904	movea.l #0x10d000,A0	scalar	0x10D000	arcade_WRAM	unknown	FUN_00055904
0x05590A	movea.l #0x10d040,A1	scalar	0x10D040	arcade_WRAM	unknown	FUN_00055904
0x055910	movea.l #0x10d080,A2	scalar	0x10D080	arcade_WRAM	unknown	FUN_00055904
0x055918	movea.l (A0),A4	ref	0x10D000	arcade_WRAM	read	FUN_00055904
0x055918	movea.l (A0),A4	ref	0x10D004	arcade_WRAM	read	FUN_00055904
0x05591A	move.w (A4),(A2)+	ref	0x10D080	arcade_WRAM	write	FUN_00055904
0x05591A	move.w (A4),(A2)+	ref	0x10D082	arcade_WRAM	write	FUN_00055904
0x05592C	move.l A4,(A1)+	ref	0x10D040	arcade_WRAM	write	FUN_00055904
0x05592C	move.l A4,(A1)+	ref	0x10D044	arcade_WRAM	write	FUN_00055904
0x055940	move.w D0w,(0x0010d0a8).l	ref	0x10D0A8	arcade_WRAM	write	FUN_00055904
0x055940	move.w D0w,(0x0010d0a8).l	scalar	0x10D0A8	arcade_WRAM	unknown	FUN_00055904
0x055970	movea.l #0x10d080,A1	scalar	0x10D080	arcade_WRAM	unknown	FUN_00055968
0x055976	movea.l #0x10d040,A3	scalar	0x10D040	arcade_WRAM	unknown	FUN_00055968
0x05597C	movea.l (A3),A2	ref	0x10D040	arcade_WRAM	read	FUN_00055968
0x05597C	movea.l (A3),A2	ref	0x10D044	arcade_WRAM	read	FUN_00055968
0x055996	movea.l #0x10d080,A1	scalar	0x10D080	arcade_WRAM	unknown	FUN_00055990
0x05599C	movea.l #0x10d040,A3	scalar	0x10D040	arcade_WRAM	unknown	FUN_00055990
0x0559A2	movea.l (A3),A2	ref	0x10D040	arcade_WRAM	read	FUN_00055990
0x0559A2	movea.l (A3),A2	ref	0x10D044	arcade_WRAM	read	FUN_00055990
0x0559DC	subi.l #0xc08000,D7	scalar	0xC08000	PC080SN_tilemap	unknown	FUN_000559b2
0x0559E4	addi.l #0x10de00,D7	scalar	0x10DE00	arcade_WRAM	unknown	FUN_000559b2
0x0559EC	move.w D0w,(A6)	ref	0x10DE00	arcade_WRAM	unknown	FUN_000559b2
0x055A52	subi.l #0xc08000,D7	scalar	0xC08000	PC080SN_tilemap	unknown	FUN_00055a14
0x055A5A	addi.l #0x10de00,D7	scalar	0x10DE00	arcade_WRAM	unknown	FUN_00055a14
0x055A62	move.w D0w,(A6)	ref	0x10DE00	arcade_WRAM	unknown	FUN_00055a14
0x055A6A	subi.l #0xc08000,D7	scalar	0xC08000	PC080SN_tilemap	unknown	FUN_00055a14
0x055A7A	addi.l #0x10de00,D7	scalar	0x10DE00	arcade_WRAM	unknown	FUN_00055a14
0x055AB4	move.w (0x10ee,A5),(0x00c20000).l	ref	0xC20000	PC080SN_yscroll	write	FUN_00055ab4
0x055AB4	move.w (0x10ee,A5),(0x00c20000).l	scalar	0xC20000	PC080SN_yscroll	unknown	FUN_00055ab4
0x055ABC	move.w (0x10ec,A5),(0x00c40000).l	ref	0xC40000	PC080SN_xscroll	write	FUN_00055ab4
0x055ABC	move.w (0x10ec,A5),(0x00c40000).l	scalar	0xC40000	PC080SN_xscroll	unknown	FUN_00055ab4
0x055AC4	move.w (0x10b0,A5),(0x00c20002).l	ref	0xC20002	PC080SN_yscroll	write	FUN_00055ab4
0x055AC4	move.w (0x10b0,A5),(0x00c20002).l	scalar	0xC20002	PC080SN_yscroll	unknown	FUN_00055ab4
0x055ACC	move.w (0x10ae,A5),(0x00c40002).l	ref	0xC40002	PC080SN_xscroll	write	FUN_00055ab4
0x055ACC	move.w (0x10ae,A5),(0x00c40002).l	scalar	0xC40002	PC080SN_xscroll	unknown	FUN_00055ab4
0x055B84	addi.l #0xc00000,D0	scalar	0xC00000	PC080SN_tilemap	unknown	FUN_00055b3c
0x055C14	movea.l #0x10d0fc,A0	scalar	0x10D0FC	arcade_WRAM	unknown	FUN_00055c14
0x055C1A	addq.l #0x6,(A0)	ref	0x10D0FC	arcade_WRAM	write	FUN_00055c14
0x055C2E	movea.l #0x10d0fc,A0	scalar	0x10D0FC	arcade_WRAM	unknown	FUN_00055c2e
0x055C34	movea.l #0x10d100,A1	scalar	0x10D100	arcade_WRAM	unknown	FUN_00055c2e
0x055C3A	movea.l #0x10d104,A2	scalar	0x10D104	arcade_WRAM	unknown	FUN_00055c2e
0x055C40	movea.l (A0),A4	ref	0x10D0FC	arcade_WRAM	read	FUN_00055c2e
0x055C42	move.w (A4),(A2)+	ref	0x10D104	arcade_WRAM	write	FUN_00055c2e
0x055C44	move.l (0x2,A4),(A1)+	ref	0x10D100	arcade_WRAM	write	FUN_00055c2e
0x055C62	movea.l #0x10d104,A1	scalar	0x10D104	arcade_WRAM	unknown	FUN_00055c5e
0x055C68	movea.l #0x10d100,A3	scalar	0x10D100	arcade_WRAM	unknown	FUN_00055c5e
0x055C6E	movea.l (A3),A2	ref	0x10D100	arcade_WRAM	read	FUN_00055c5e
0x055CBC	move.b #-0x56,(0x0010ffff).l	ref	0x10FFFF	arcade_WRAM	write	FUN_00055ca2
0x055CBC	move.b #-0x56,(0x0010ffff).l	scalar	0x10FFFF	arcade_WRAM	unknown	FUN_00055ca2
0x055CDE	move.b #0x1,(0x0010ffff).l	ref	0x10FFFF	arcade_WRAM	write	FUN_00055ca2
0x055CDE	move.b #0x1,(0x0010ffff).l	scalar	0x10FFFF	arcade_WRAM	unknown	FUN_00055ca2
0x055CF8	move.b #0x2,(0x0010ffff).l	ref	0x10FFFF	arcade_WRAM	write	FUN_00055ca2
0x055CF8	move.b #0x2,(0x0010ffff).l	scalar	0x10FFFF	arcade_WRAM	unknown	FUN_00055ca2
0x055D12	move.b #0x3,(0x0010ffff).l	ref	0x10FFFF	arcade_WRAM	write	FUN_00055ca2
0x055D12	move.b #0x3,(0x0010ffff).l	scalar	0x10FFFF	arcade_WRAM	unknown	FUN_00055ca2
0x055D2C	move.b #0xe,(0x0010ffff).l	ref	0x10FFFF	arcade_WRAM	write	FUN_00055ca2
0x055D2C	move.b #0xe,(0x0010ffff).l	scalar	0x10FFFF	arcade_WRAM	unknown	FUN_00055ca2
0x055D46	move.b #0xf,(0x0010ffff).l	ref	0x10FFFF	arcade_WRAM	write	FUN_00055ca2
0x055D46	move.b #0xf,(0x0010ffff).l	scalar	0x10FFFF	arcade_WRAM	unknown	FUN_00055ca2
0x055D60	move.b #0x12,(0x0010ffff).l	ref	0x10FFFF	arcade_WRAM	write	FUN_00055ca2
0x055D60	move.b #0x12,(0x0010ffff).l	scalar	0x10FFFF	arcade_WRAM	unknown	FUN_00055ca2
0x055D7A	move.b #0x13,(0x0010ffff).l	ref	0x10FFFF	arcade_WRAM	write	FUN_00055ca2
0x055D7A	move.b #0x13,(0x0010ffff).l	scalar	0x10FFFF	arcade_WRAM	unknown	FUN_00055ca2
0x055D94	move.b #0x1f,(0x0010ffff).l	ref	0x10FFFF	arcade_WRAM	write	FUN_00055ca2
0x055D94	move.b #0x1f,(0x0010ffff).l	scalar	0x10FFFF	arcade_WRAM	unknown	FUN_00055ca2
0x055DB4	lea (0x10c04c).l,A0	ref	0x10C04C	arcade_WRAM	unknown	FUN_00055ca2
0x055DB4	lea (0x10c04c).l,A0	scalar	0x10C04C	arcade_WRAM	unknown	FUN_00055ca2
0x055DBE	move.b (0x0,A0,D0w*0x1),D1b	ref	0x10C04C	arcade_WRAM	unknown	FUN_00055ca2
0x055DC2	move.b D1b,(0x0010ffff).l	ref	0x10FFFF	arcade_WRAM	write	FUN_00055ca2
0x055DC2	move.b D1b,(0x0010ffff).l	scalar	0x10FFFF	arcade_WRAM	unknown	FUN_00055ca2
0x059704	move.b (0x0010c118).l,D0b	ref	0x10C118	arcade_WRAM	read	FUN_000596f4
0x059704	move.b (0x0010c118).l,D0b	scalar	0x10C118	arcade_WRAM	unknown	FUN_000596f4
0x059ADE	movea.l #0x200000,A1	scalar	0x200000	arcade_palette_RAM	unknown	FUN_00059ad4
0x059B0A	move.w D3w,(A1)	ref	0x200000	arcade_palette_RAM	unknown	FUN_00059ad4
0x059B0A	move.w D3w,(A1)	ref	0x200002	arcade_palette_RAM	unknown	FUN_00059ad4
0x059F62	movea.l #0xd00048,A0	scalar	0xD00048	PC090OJ_sprite_RAM	unknown	FUN_00059f5e
0x059F6A	move.l D0,(A0)+	ref	0xD00048	PC090OJ_sprite_RAM	write	FUN_00059f5e
0x059F6A	move.l D0,(A0)+	ref	0xD00050	PC090OJ_sprite_RAM	write	FUN_00059f5e
0x059F6C	move.l D0,(A0)+	ref	0xD0004C	PC090OJ_sprite_RAM	write	FUN_00059f5e
0x059F6C	move.l D0,(A0)+	ref	0xD00054	PC090OJ_sprite_RAM	write	FUN_00059f5e
0x059F76	movea.l #0x10c170,A0	scalar	0x10C170	arcade_WRAM	unknown	FUN_00059f5e
0x059F7C	move.w #0x80,(A0)+	ref	0x10C170	arcade_WRAM	write	FUN_00059f5e
0x059F7C	move.w #0x80,(A0)+	ref	0x10C178	arcade_WRAM	write	FUN_00059f5e
0x059F80	move.w #0x0,(A0)+	ref	0x10C172	arcade_WRAM	write	FUN_00059f5e
0x059F80	move.w #0x0,(A0)+	ref	0x10C17A	arcade_WRAM	write	FUN_00059f5e
0x059F84	move.w #0x0,(A0)+	ref	0x10C174	arcade_WRAM	write	FUN_00059f5e
0x059F84	move.w #0x0,(A0)+	ref	0x10C17C	arcade_WRAM	write	FUN_00059f5e
0x059F88	move.w #0x0,(A0)+	ref	0x10C176	arcade_WRAM	write	FUN_00059f5e
0x059F88	move.w #0x0,(A0)+	ref	0x10C17E	arcade_WRAM	write	FUN_00059f5e
0x05A2CE	addi.l #0x10de00,D0	scalar	0x10DE00	arcade_WRAM	unknown	FUN_0005a29c
0x05A2DA	move.w (A0),D0w	ref	0x10DE00	arcade_WRAM	unknown	FUN_0005a29c
0x05A336	subi.l #0x10de00,D0	scalar	0x10DE00	arcade_WRAM	unknown	FUN_0005a2ee
0x05A33E	addi.l #0xc08000,D0	scalar	0xC08000	PC080SN_tilemap	unknown	FUN_0005a2ee
0x05A34C	move.l D0,(A1)+	ref	0xC08000	PC080SN_tilemap	unknown	FUN_0005a2ee
0x05A34E	move.l D0,(A1)+	ref	0xC08004	PC080SN_tilemap	unknown	FUN_0005a2ee
0x05A350	move.l D0,(A1)+	ref	0xC08008	PC080SN_tilemap	unknown	FUN_0005a2ee
0x05A352	move.l D0,(A1)+	ref	0xC0800C	PC080SN_tilemap	unknown	FUN_0005a2ee
0x05A3C0	movea.l #0xc01240,A1	scalar	0xC01240	PC080SN_tilemap	unknown	FUN_0005a3ac
0x05A456	movea.l #0xc00c38,A1	scalar	0xC00C38	PC080SN_tilemap	unknown	FUN_0005a442
