arcade_code,physical_hash,rom_offset,palette_bank
0x04A6,1e19d2ad020d,pc080sn+0x94C0,"0x002 (PROVEN, all 854 BG single vocab)"
0x04A7,d85428366d30,pc080sn+0x94E0,"0x002 (PROVEN, all 854 BG single vocab)"
0x04A8,37f809908425,pc080sn+0x9500,"0x002 (PROVEN, all 854 BG single vocab)"
0x04A9,66d36f79ac30,pc080sn+0x9520,"0x002 (PROVEN, all 854 BG single vocab)"
0x04AA,9ade423aab63,pc080sn+0x9540,"0x002 (PROVEN, all 854 BG single vocab)"
0x04AB,e0132d87eef9,pc080sn+0x9560,"0x002 (PROVEN, all 854 BG single vocab)"
0x04AC,798c2cb3eeaf,pc080sn+0x9580,"0x002 (PROVEN, all 854 BG single vocab)"
0x04AD,3f973df097c5,pc080sn+0x95A0,"0x002 (PROVEN, all 854 BG single vocab)"
0x04AE,aa1a4574f7e0,pc080sn+0x95C0,"0x002 (PROVEN, all 854 BG single vocab)"
0x04AF,42a7253e268f,pc080sn+0x95E0,"0x002 (PROVEN, all 854 BG single vocab)"
0x04B0,2c6402caa1bb,pc080sn+0x9600,"0x002 (PROVEN, all 854 BG single vocab)"
0x04B1,191dd9feb321,pc080sn+0x9620,"0x002 (PROVEN, all 854 BG single vocab)"
0x04B2,ee263924e35c,pc080sn+0x9640,"0x002 (PROVEN, all 854 BG single vocab)"
0x04B3,48740abe9796,pc080sn+0x9660,"0x002 (PROVEN, all 854 BG single vocab)"
0x04B4,9b1c6da095e4,pc080sn+0x9680,"0x002 (PROVEN, all 854 BG single vocab)"
0x04B5,d1f0350e7394,pc080sn+0x96A0,"0x002 (PROVEN, all 854 BG single vocab)"
0x04B6,fd5d6800098e,pc080sn+0x96C0,"0x002 (PROVEN, all 854 BG single vocab)"
0x04B7,d7a485590ac9,pc080sn+0x96E0,"0x002 (PROVEN, all 854 BG single vocab)"
0x04B8,c57a8edced76,pc080sn+0x9700,"0x002 (PROVEN, all 854 BG single vocab)"
0x04B9,9fa757f863c8,pc080sn+0x9720,"0x002 (PROVEN, all 854 BG single vocab)"
0x04BA,0ec2c09070b6,pc080sn+0x9740,"0x002 (PROVEN, all 854 BG single vocab)"
0x04BB,a0bb8cf669ae,pc080sn+0x9760,"0x002 (PROVEN, all 854 BG single vocab)"
0x04BC,80bcf65c9d8a,pc080sn+0x9780,"0x002 (PROVEN, all 854 BG single vocab)"
0x04BD,62d614e55036,pc080sn+0x97A0,"0x002 (PROVEN, all 854 BG single vocab)"
0x04BE,441babbfdd45,pc080sn+0x97C0,"0x002 (PROVEN, all 854 BG single vocab)"
0x04BF,8ee2b992b075,pc080sn+0x97E0,"0x002 (PROVEN, all 854 BG single vocab)"
0x04C0,5c1e564d06d2,pc080sn+0x9800,"0x002 (PROVEN, all 854 BG single vocab)"
0x04C1,2c88eb28025d,pc080sn+0x9820,"0x002 (PROVEN, all 854 BG single vocab)"
0x04C2,95218eeaafc2,pc080sn+0x9840,"0x002 (PROVEN, all 854 BG single vocab)"
0x04C3,2652fcbfa2c3,pc080sn+0x9860,"0x002 (PROVEN, all 854 BG single vocab)"
0x04C4,3d9494de606b,pc080sn+0x9880,"0x002 (PROVEN, all 854 BG single vocab)"
0x04C5,ae0069cee619,pc080sn+0x98A0,"0x002 (PROVEN, all 854 BG single vocab)"
0x04C6,e789e80f9cd9,pc080sn+0x98C0,"0x002 (PROVEN, all 854 BG single vocab)"
0x04C7,c7e6308154e7,pc080sn+0x98E0,"0x002 (PROVEN, all 854 BG single vocab)"
0x04C8,66fff5521441,pc080sn+0x9900,"0x002 (PROVEN, all 854 BG single vocab)"
0x04C9,4ffd81db68a2,pc080sn+0x9920,"0x002 (PROVEN, all 854 BG single vocab)"
0x04CA,f3ded4ecbc0d,pc080sn+0x9940,"0x002 (PROVEN, all 854 BG single vocab)"
0x04CB,8e6100c523fd,pc080sn+0x9960,"0x002 (PROVEN, all 854 BG single vocab)"
0x04CC,9a86afe0a6b0,pc080sn+0x9980,"0x002 (PROVEN, all 854 BG single vocab)"
0x04CD,76c52c5665ca,pc080sn+0x99A0,"0x002 (PROVEN, all 854 BG single vocab)"
0x04CE,d73ce16bbaf7,pc080sn+0x99C0,"0x002 (PROVEN, all 854 BG single vocab)"
0x04CF,a7a9bd1e72e7,pc080sn+0x99E0,"0x002 (PROVEN, all 854 BG single vocab)"
0x04D0,4ac124734dad,pc080sn+0x9A00,"0x002 (PROVEN, all 854 BG single vocab)"
0x04D1,a69b2f29917d,pc080sn+0x9A20,"0x002 (PROVEN, all 854 BG single vocab)"
0x04D2,31e9e0d30534,pc080sn+0x9A40,"0x002 (PROVEN, all 854 BG single vocab)"
0x04D3,4d8a2ccbb5c9,pc080sn+0x9A60,"0x002 (PROVEN, all 854 BG single vocab)"
0x04D4,df3313abaf9f,pc080sn+0x9A80,"0x002 (PROVEN, all 854 BG single vocab)"
0x04D5,0c9310a7a285,pc080sn+0x9AA0,"0x002 (PROVEN, all 854 BG single vocab)"
0x04D6,deeac92f24b7,pc080sn+0x9AC0,"0x002 (PROVEN, all 854 BG single vocab)"
0x04D7,0ac82dcda981,pc080sn+0x9AE0,"0x002 (PROVEN, all 854 BG single vocab)"
0x04D8,f2b3c7bacb2d,pc080sn+0x9B00,"0x002 (PROVEN, all 854 BG single vocab)"
0x04D9,a9ef8fc6d2ad,pc080sn+0x9B20,"0x002 (PROVEN, all 854 BG single vocab)"
0x04DA,eef52c6c0a90,pc080sn+0x9B40,"0x002 (PROVEN, all 854 BG single vocab)"
0x04DB,6452e33503c0,pc080sn+0x9B60,"0x002 (PROVEN, all 854 BG single vocab)"
0x04DC,74f423485d52,pc080sn+0x9B80,"0x002 (PROVEN, all 854 BG single vocab)"
0x04DD,476427e4891b,pc080sn+0x9BA0,"0x002 (PROVEN, all 854 BG single vocab)"
0x04DE,94ce1e52e3c1,pc080sn+0x9BC0,"0x002 (PROVEN, all 854 BG single vocab)"
0x04DF,4ab568de0fb0,pc080sn+0x9BE0,"0x002 (PROVEN, all 854 BG single vocab)"
0x04E0,dccfbcf7b94d,pc080sn+0x9C00,"0x002 (PROVEN, all 854 BG single vocab)"
0x04E1,1b44ae1a0141,pc080sn+0x9C20,"0x002 (PROVEN, all 854 BG single vocab)"
0x04E2,8466ac95be4c,pc080sn+0x9C40,"0x002 (PROVEN, all 854 BG single vocab)"
0x04E3,558469e71693,pc080sn+0x9C60,"0x002 (PROVEN, all 854 BG single vocab)"
0x04E4,ca32d6318dc0,pc080sn+0x9C80,"0x002 (PROVEN, all 854 BG single vocab)"
0x04E5,35123db3aff8,pc080sn+0x9CA0,"0x002 (PROVEN, all 854 BG single vocab)"
0x04E6,2dbdedda5c8d,pc080sn+0x9CC0,"0x002 (PROVEN, all 854 BG single vocab)"
0x04E7,35a6d44f0de5,pc080sn+0x9CE0,"0x002 (PROVEN, all 854 BG single vocab)"
0x04E8,a01868ca7667,pc080sn+0x9D00,"0x002 (PROVEN, all 854 BG single vocab)"
0x04E9,47f5ce5158ad,pc080sn+0x9D20,"0x002 (PROVEN, all 854 BG single vocab)"
0x04EA,aa9788c53c72,pc080sn+0x9D40,"0x002 (PROVEN, all 854 BG single vocab)"
0x04EB,3f7d1ab70da0,pc080sn+0x9D60,"0x002 (PROVEN, all 854 BG single vocab)"
0x04EC,f88638ae7189,pc080sn+0x9D80,"0x002 (PROVEN, all 854 BG single vocab)"
0x04ED,7e3065e62d7b,pc080sn+0x9DA0,"0x002 (PROVEN, all 854 BG single vocab)"
0x04EE,f28e815ddb1f,pc080sn+0x9DC0,"0x002 (PROVEN, all 854 BG single vocab)"
0x04EF,5f7ae4104ae4,pc080sn+0x9DE0,"0x002 (PROVEN, all 854 BG single vocab)"
0x04F0,0c39198befd8,pc080sn+0x9E00,"0x002 (PROVEN, all 854 BG single vocab)"
0x04F1,916a934840b5,pc080sn+0x9E20,"0x002 (PROVEN, all 854 BG single vocab)"
0x04F2,e20b7d413578,pc080sn+0x9E40,"0x002 (PROVEN, all 854 BG single vocab)"
0x04F3,9a950a375efa,pc080sn+0x9E60,"0x002 (PROVEN, all 854 BG single vocab)"
0x04F4,a09d888c9724,pc080sn+0x9E80,"0x002 (PROVEN, all 854 BG single vocab)"
0x04F5,5a67b2e60a5e,pc080sn+0x9EA0,"0x002 (PROVEN, all 854 BG single vocab)"
0x04F6,577c566af506,pc080sn+0x9EC0,"0x002 (PROVEN, all 854 BG single vocab)"
0x04F7,af0ac8142272,pc080sn+0x9EE0,"0x002 (PROVEN, all 854 BG single vocab)"
0x04F8,846393d0b78c,pc080sn+0x9F00,"0x002 (PROVEN, all 854 BG single vocab)"
0x04F9,1747f1f1929a,pc080sn+0x9F20,"0x002 (PROVEN, all 854 BG single vocab)"
0x04FA,9a236a6e79fc,pc080sn+0x9F40,"0x002 (PROVEN, all 854 BG single vocab)"
0x04FB,96acbbcdf2ba,pc080sn+0x9F60,"0x002 (PROVEN, all 854 BG single vocab)"
0x04FC,25b15bea4c16,pc080sn+0x9F80,"0x002 (PROVEN, all 854 BG single vocab)"
0x04FD,7198c6da3605,pc080sn+0x9FA0,"0x002 (PROVEN, all 854 BG single vocab)"
0x04FE,a1f9be24daa1,pc080sn+0x9FC0,"0x002 (PROVEN, all 854 BG single vocab)"
0x04FF,a116cd483c1f,pc080sn+0x9FE0,"0x002 (PROVEN, all 854 BG single vocab)"
0x0500,06e1f9a4b807,pc080sn+0xA000,"0x002 (PROVEN, all 854 BG single vocab)"
0x0501,b3302296a9ae,pc080sn+0xA020,"0x002 (PROVEN, all 854 BG single vocab)"
0x0502,c6ecaaa4e429,pc080sn+0xA040,"0x002 (PROVEN, all 854 BG single vocab)"
0x0503,6ca9c49f7527,pc080sn+0xA060,"0x002 (PROVEN, all 854 BG single vocab)"
0x0504,97fe81fc8c79,pc080sn+0xA080,"0x002 (PROVEN, all 854 BG single vocab)"
0x0505,c5271514886d,pc080sn+0xA0A0,"0x002 (PROVEN, all 854 BG single vocab)"
0x0506,993da30dfe92,pc080sn+0xA0C0,"0x002 (PROVEN, all 854 BG single vocab)"
0x0507,6a292d8ba129,pc080sn+0xA0E0,"0x002 (PROVEN, all 854 BG single vocab)"
0x0508,e128c61655fd,pc080sn+0xA100,"0x002 (PROVEN, all 854 BG single vocab)"
0x0509,b618ed1799f8,pc080sn+0xA120,"0x002 (PROVEN, all 854 BG single vocab)"
0x050A,1ea1b7f082f3,pc080sn+0xA140,"0x002 (PROVEN, all 854 BG single vocab)"
0x050B,b3c935e98b12,pc080sn+0xA160,"0x002 (PROVEN, all 854 BG single vocab)"
0x050C,b4667a8f882b,pc080sn+0xA180,"0x002 (PROVEN, all 854 BG single vocab)"
0x050D,712742110030,pc080sn+0xA1A0,"0x002 (PROVEN, all 854 BG single vocab)"
0x050E,65e6d8cf76c6,pc080sn+0xA1C0,"0x002 (PROVEN, all 854 BG single vocab)"
0x050F,0de0ce2558c5,pc080sn+0xA1E0,"0x002 (PROVEN, all 854 BG single vocab)"
0x0510,ba2a29d850f8,pc080sn+0xA200,"0x002 (PROVEN, all 854 BG single vocab)"
0x0511,36e8032507c6,pc080sn+0xA220,"0x002 (PROVEN, all 854 BG single vocab)"
0x0512,1d9607f4d971,pc080sn+0xA240,"0x002 (PROVEN, all 854 BG single vocab)"
0x0513,2b767080814c,pc080sn+0xA260,"0x002 (PROVEN, all 854 BG single vocab)"
0x0514,998cfaa15ced,pc080sn+0xA280,"0x002 (PROVEN, all 854 BG single vocab)"
0x0515,fe51fa7459fd,pc080sn+0xA2A0,"0x002 (PROVEN, all 854 BG single vocab)"
0x0516,d1d9fca8856f,pc080sn+0xA2C0,"0x002 (PROVEN, all 854 BG single vocab)"
0x0517,12ac80579524,pc080sn+0xA2E0,"0x002 (PROVEN, all 854 BG single vocab)"
0x0518,de282d543a7a,pc080sn+0xA300,"0x002 (PROVEN, all 854 BG single vocab)"
0x0519,c85948312318,pc080sn+0xA320,"0x002 (PROVEN, all 854 BG single vocab)"
0x051A,5d0e2ac1cd5f,pc080sn+0xA340,"0x002 (PROVEN, all 854 BG single vocab)"
0x051B,dcf050055305,pc080sn+0xA360,"0x002 (PROVEN, all 854 BG single vocab)"
0x051C,9e5175008751,pc080sn+0xA380,"0x002 (PROVEN, all 854 BG single vocab)"
0x051D,812cb7e4e866,pc080sn+0xA3A0,"0x002 (PROVEN, all 854 BG single vocab)"
0x051E,2ff0e807920e,pc080sn+0xA3C0,"0x002 (PROVEN, all 854 BG single vocab)"
0x051F,1eb4f06961f7,pc080sn+0xA3E0,"0x002 (PROVEN, all 854 BG single vocab)"
0x0520,2b26dcfcbbf1,pc080sn+0xA400,"0x002 (PROVEN, all 854 BG single vocab)"
0x0521,47e3ce7e82af,pc080sn+0xA420,"0x002 (PROVEN, all 854 BG single vocab)"
0x0522,26e3c0d46c85,pc080sn+0xA440,"0x002 (PROVEN, all 854 BG single vocab)"
0x0523,e7711ac90d40,pc080sn+0xA460,"0x002 (PROVEN, all 854 BG single vocab)"
0x0524,3105dfeaa059,pc080sn+0xA480,"0x002 (PROVEN, all 854 BG single vocab)"
0x0525,463f3e69a00d,pc080sn+0xA4A0,"0x002 (PROVEN, all 854 BG single vocab)"
0x0526,cabb8c87a314,pc080sn+0xA4C0,"0x002 (PROVEN, all 854 BG single vocab)"
0x0527,0b97259075f9,pc080sn+0xA4E0,"0x002 (PROVEN, all 854 BG single vocab)"
0x0528,881842964de0,pc080sn+0xA500,"0x002 (PROVEN, all 854 BG single vocab)"
0x0529,5ce056898422,pc080sn+0xA520,"0x002 (PROVEN, all 854 BG single vocab)"
0x052A,ce4bf930c5a3,pc080sn+0xA540,"0x002 (PROVEN, all 854 BG single vocab)"
0x052B,2de085add239,pc080sn+0xA560,"0x002 (PROVEN, all 854 BG single vocab)"
0x052C,f1e3dc5795c7,pc080sn+0xA580,"0x002 (PROVEN, all 854 BG single vocab)"
0x052D,e0fcff6b6616,pc080sn+0xA5A0,"0x002 (PROVEN, all 854 BG single vocab)"
0x052E,45e4acbf7192,pc080sn+0xA5C0,"0x002 (PROVEN, all 854 BG single vocab)"
0x052F,4cf15e130ef2,pc080sn+0xA5E0,"0x002 (PROVEN, all 854 BG single vocab)"
0x0530,2a0b7fd2220e,pc080sn+0xA600,"0x002 (PROVEN, all 854 BG single vocab)"
0x0531,af5368b19db5,pc080sn+0xA620,"0x002 (PROVEN, all 854 BG single vocab)"
0x0532,19d072afbbb1,pc080sn+0xA640,"0x002 (PROVEN, all 854 BG single vocab)"
0x0533,260a2aaca985,pc080sn+0xA660,"0x002 (PROVEN, all 854 BG single vocab)"
0x0534,e8f5609a488e,pc080sn+0xA680,"0x002 (PROVEN, all 854 BG single vocab)"
0x0535,a493f6ce9cb7,pc080sn+0xA6A0,"0x002 (PROVEN, all 854 BG single vocab)"
0x0536,0ec92517c4d2,pc080sn+0xA6C0,"0x002 (PROVEN, all 854 BG single vocab)"
0x0537,88ca2f225d93,pc080sn+0xA6E0,"0x002 (PROVEN, all 854 BG single vocab)"
0x0538,585a4c0f13bb,pc080sn+0xA700,"0x002 (PROVEN, all 854 BG single vocab)"
0x0539,cbde8630566d,pc080sn+0xA720,"0x002 (PROVEN, all 854 BG single vocab)"
0x053A,a66b9a7cf21e,pc080sn+0xA740,"0x002 (PROVEN, all 854 BG single vocab)"
0x053B,083d46758691,pc080sn+0xA760,"0x002 (PROVEN, all 854 BG single vocab)"
0x053C,c3017e20879f,pc080sn+0xA780,"0x002 (PROVEN, all 854 BG single vocab)"
0x053D,fb9f347ed571,pc080sn+0xA7A0,"0x002 (PROVEN, all 854 BG single vocab)"
0x053E,1987c9454273,pc080sn+0xA7C0,"0x002 (PROVEN, all 854 BG single vocab)"
0x053F,beb9f861ebcf,pc080sn+0xA7E0,"0x002 (PROVEN, all 854 BG single vocab)"
0x0540,1d9b29390034,pc080sn+0xA800,"0x002 (PROVEN, all 854 BG single vocab)"
0x0541,5de3a3fd93eb,pc080sn+0xA820,"0x002 (PROVEN, all 854 BG single vocab)"
0x0542,9d37927dee8c,pc080sn+0xA840,"0x002 (PROVEN, all 854 BG single vocab)"
0x0543,65d682bfd219,pc080sn+0xA860,"0x002 (PROVEN, all 854 BG single vocab)"
0x0544,8cae450b44a8,pc080sn+0xA880,"0x002 (PROVEN, all 854 BG single vocab)"
0x0545,39d43d30547d,pc080sn+0xA8A0,"0x002 (PROVEN, all 854 BG single vocab)"
0x0546,d0de18218921,pc080sn+0xA8C0,"0x002 (PROVEN, all 854 BG single vocab)"
0x0547,33a52e192cf1,pc080sn+0xA8E0,"0x002 (PROVEN, all 854 BG single vocab)"
0x0548,ee4140ef174f,pc080sn+0xA900,"0x002 (PROVEN, all 854 BG single vocab)"
0x0549,9887ced8b9a7,pc080sn+0xA920,"0x002 (PROVEN, all 854 BG single vocab)"
0x054A,d6cb4c8a7a6c,pc080sn+0xA940,"0x002 (PROVEN, all 854 BG single vocab)"
0x054B,1763d882a6f1,pc080sn+0xA960,"0x002 (PROVEN, all 854 BG single vocab)"
0x054C,67cd627b5002,pc080sn+0xA980,"0x002 (PROVEN, all 854 BG single vocab)"
0x054D,8d0c71f5edc2,pc080sn+0xA9A0,"0x002 (PROVEN, all 854 BG single vocab)"
0x054E,b34a2979c309,pc080sn+0xA9C0,"0x002 (PROVEN, all 854 BG single vocab)"
0x054F,7ac4d24dff6a,pc080sn+0xA9E0,"0x002 (PROVEN, all 854 BG single vocab)"
0x0550,464f145fde29,pc080sn+0xAA00,"0x002 (PROVEN, all 854 BG single vocab)"
0x0551,0a6e18b43d50,pc080sn+0xAA20,"0x002 (PROVEN, all 854 BG single vocab)"
0x0552,06a3ae9d777e,pc080sn+0xAA40,"0x002 (PROVEN, all 854 BG single vocab)"
0x0553,f5021c95fb64,pc080sn+0xAA60,"0x002 (PROVEN, all 854 BG single vocab)"
0x0554,87c36605c663,pc080sn+0xAA80,"0x002 (PROVEN, all 854 BG single vocab)"
0x0555,6a4d4e194684,pc080sn+0xAAA0,"0x002 (PROVEN, all 854 BG single vocab)"
0x0556,3945be9e7fa8,pc080sn+0xAAC0,"0x002 (PROVEN, all 854 BG single vocab)"
0x0557,fbcf29741291,pc080sn+0xAAE0,"0x002 (PROVEN, all 854 BG single vocab)"
0x0558,d6c727efe1a6,pc080sn+0xAB00,"0x002 (PROVEN, all 854 BG single vocab)"
0x0559,fb5b03870926,pc080sn+0xAB20,"0x002 (PROVEN, all 854 BG single vocab)"
0x055A,8970cf4d0cc1,pc080sn+0xAB40,"0x002 (PROVEN, all 854 BG single vocab)"
0x055B,eaf2b2f9e60f,pc080sn+0xAB60,"0x002 (PROVEN, all 854 BG single vocab)"
0x055C,d0d9833c036d,pc080sn+0xAB80,"0x002 (PROVEN, all 854 BG single vocab)"
0x055D,4bc6f0c91c3a,pc080sn+0xABA0,"0x002 (PROVEN, all 854 BG single vocab)"
0x055E,13d589ce23f0,pc080sn+0xABC0,"0x002 (PROVEN, all 854 BG single vocab)"
0x055F,09e10c3d4989,pc080sn+0xABE0,"0x002 (PROVEN, all 854 BG single vocab)"
0x0560,bc019e7c30ff,pc080sn+0xAC00,"0x002 (PROVEN, all 854 BG single vocab)"
0x0561,47c4c72b7dff,pc080sn+0xAC20,"0x002 (PROVEN, all 854 BG single vocab)"
0x0562,b9bf059ff6bf,pc080sn+0xAC40,"0x002 (PROVEN, all 854 BG single vocab)"
0x0563,b34404311a07,pc080sn+0xAC60,"0x002 (PROVEN, all 854 BG single vocab)"
0x0564,b98afb8ff7af,pc080sn+0xAC80,"0x002 (PROVEN, all 854 BG single vocab)"
0x0565,9a9062829855,pc080sn+0xACA0,"0x002 (PROVEN, all 854 BG single vocab)"
0x0566,ff008ef42880,pc080sn+0xACC0,"0x002 (PROVEN, all 854 BG single vocab)"
0x0567,97d61d0a1be8,pc080sn+0xACE0,"0x002 (PROVEN, all 854 BG single vocab)"
0x0568,d4b2baf2e86f,pc080sn+0xAD00,"0x002 (PROVEN, all 854 BG single vocab)"
0x0569,6729c3c7e7bb,pc080sn+0xAD20,"0x002 (PROVEN, all 854 BG single vocab)"
0x056A,f72ccc06af02,pc080sn+0xAD40,"0x002 (PROVEN, all 854 BG single vocab)"
0x056B,c8803feb6d5e,pc080sn+0xAD60,"0x002 (PROVEN, all 854 BG single vocab)"
0x056C,3c3e52cbb4b3,pc080sn+0xAD80,"0x002 (PROVEN, all 854 BG single vocab)"
0x056D,b2713d18e9b9,pc080sn+0xADA0,"0x002 (PROVEN, all 854 BG single vocab)"
0x056E,686b19ad61e6,pc080sn+0xADC0,"0x002 (PROVEN, all 854 BG single vocab)"
0x056F,4cc39ca4cfca,pc080sn+0xADE0,"0x002 (PROVEN, all 854 BG single vocab)"
0x0570,972ac9fe2ebb,pc080sn+0xAE00,"0x002 (PROVEN, all 854 BG single vocab)"
0x0571,bb3649429b33,pc080sn+0xAE20,"0x002 (PROVEN, all 854 BG single vocab)"
0x0572,b1831affe83c,pc080sn+0xAE40,"0x002 (PROVEN, all 854 BG single vocab)"
0x0573,39566e468c71,pc080sn+0xAE60,"0x002 (PROVEN, all 854 BG single vocab)"
0x0574,ede6959b9543,pc080sn+0xAE80,"0x002 (PROVEN, all 854 BG single vocab)"
0x0575,d0d6c8507175,pc080sn+0xAEA0,"0x002 (PROVEN, all 854 BG single vocab)"
0x0576,a8f4a16708db,pc080sn+0xAEC0,"0x002 (PROVEN, all 854 BG single vocab)"
0x0577,8138aee8704c,pc080sn+0xAEE0,"0x002 (PROVEN, all 854 BG single vocab)"
0x0578,43875a06978b,pc080sn+0xAF00,"0x002 (PROVEN, all 854 BG single vocab)"
0x0579,81c7de7a4e2f,pc080sn+0xAF20,"0x002 (PROVEN, all 854 BG single vocab)"
0x057A,979998f2f21a,pc080sn+0xAF40,"0x002 (PROVEN, all 854 BG single vocab)"
0x057B,e251e7f920cc,pc080sn+0xAF60,"0x002 (PROVEN, all 854 BG single vocab)"
0x057C,017f807a733f,pc080sn+0xAF80,"0x002 (PROVEN, all 854 BG single vocab)"
0x057D,f34d89260481,pc080sn+0xAFA0,"0x002 (PROVEN, all 854 BG single vocab)"
0x057E,78bbc1e2645a,pc080sn+0xAFC0,"0x002 (PROVEN, all 854 BG single vocab)"
0x057F,821e5632bbb9,pc080sn+0xAFE0,"0x002 (PROVEN, all 854 BG single vocab)"
0x0580,b503b09f0a9b,pc080sn+0xB000,"0x002 (PROVEN, all 854 BG single vocab)"
0x0581,0fa69421dafc,pc080sn+0xB020,"0x002 (PROVEN, all 854 BG single vocab)"
0x0582,7e03b46d95ac,pc080sn+0xB040,"0x002 (PROVEN, all 854 BG single vocab)"
0x0583,6b49737daf25,pc080sn+0xB060,"0x002 (PROVEN, all 854 BG single vocab)"
0x0584,b171cc0452d4,pc080sn+0xB080,"0x002 (PROVEN, all 854 BG single vocab)"
0x0585,cf62c37a202b,pc080sn+0xB0A0,"0x002 (PROVEN, all 854 BG single vocab)"
0x0586,cec2601c1dfd,pc080sn+0xB0C0,"0x002 (PROVEN, all 854 BG single vocab)"
0x0587,48dfb1a846e5,pc080sn+0xB0E0,"0x002 (PROVEN, all 854 BG single vocab)"
0x0588,e4c35df91cc0,pc080sn+0xB100,"0x002 (PROVEN, all 854 BG single vocab)"
0x0589,fa3df5418b97,pc080sn+0xB120,"0x002 (PROVEN, all 854 BG single vocab)"
0x058A,0fb713f89d5d,pc080sn+0xB140,"0x002 (PROVEN, all 854 BG single vocab)"
0x058B,457bf1cfd784,pc080sn+0xB160,"0x002 (PROVEN, all 854 BG single vocab)"
0x058C,d9d189df2cab,pc080sn+0xB180,"0x002 (PROVEN, all 854 BG single vocab)"
0x058D,58683ca499c9,pc080sn+0xB1A0,"0x002 (PROVEN, all 854 BG single vocab)"
0x058E,a6d760289341,pc080sn+0xB1C0,"0x002 (PROVEN, all 854 BG single vocab)"
0x058F,e13a1c116225,pc080sn+0xB1E0,"0x002 (PROVEN, all 854 BG single vocab)"
0x0590,067bec62318b,pc080sn+0xB200,"0x002 (PROVEN, all 854 BG single vocab)"
0x0591,71f13d71e26e,pc080sn+0xB220,"0x002 (PROVEN, all 854 BG single vocab)"
0x0592,8b7f609cfe29,pc080sn+0xB240,"0x002 (PROVEN, all 854 BG single vocab)"
0x0593,648f05358f6e,pc080sn+0xB260,"0x002 (PROVEN, all 854 BG single vocab)"
0x0594,141c8480a59d,pc080sn+0xB280,"0x002 (PROVEN, all 854 BG single vocab)"
0x0595,3eb0802a8950,pc080sn+0xB2A0,"0x002 (PROVEN, all 854 BG single vocab)"
0x0596,3fb51695e5a0,pc080sn+0xB2C0,"0x002 (PROVEN, all 854 BG single vocab)"
0x0597,9953443dc579,pc080sn+0xB2E0,"0x002 (PROVEN, all 854 BG single vocab)"
0x0598,c1c817a8da3b,pc080sn+0xB300,"0x002 (PROVEN, all 854 BG single vocab)"
0x0599,1c504089740f,pc080sn+0xB320,"0x002 (PROVEN, all 854 BG single vocab)"
0x059A,44aeebbdb681,pc080sn+0xB340,"0x002 (PROVEN, all 854 BG single vocab)"
0x059B,2fb8a241c8c4,pc080sn+0xB360,"0x002 (PROVEN, all 854 BG single vocab)"
0x059C,94111d885937,pc080sn+0xB380,"0x002 (PROVEN, all 854 BG single vocab)"
0x059D,d7e0e2166e89,pc080sn+0xB3A0,"0x002 (PROVEN, all 854 BG single vocab)"
0x059E,fc767260cfe4,pc080sn+0xB3C0,"0x002 (PROVEN, all 854 BG single vocab)"
0x059F,1191786de12f,pc080sn+0xB3E0,"0x002 (PROVEN, all 854 BG single vocab)"
0x05A0,35063cf89a7e,pc080sn+0xB400,"0x002 (PROVEN, all 854 BG single vocab)"
0x05A1,a742994260ee,pc080sn+0xB420,"0x002 (PROVEN, all 854 BG single vocab)"
0x05A2,d460af762332,pc080sn+0xB440,"0x002 (PROVEN, all 854 BG single vocab)"
0x05A3,98af527422a3,pc080sn+0xB460,"0x002 (PROVEN, all 854 BG single vocab)"
0x05A4,acb9e2b7aacd,pc080sn+0xB480,"0x002 (PROVEN, all 854 BG single vocab)"
0x05A5,edf2161ee74f,pc080sn+0xB4A0,"0x002 (PROVEN, all 854 BG single vocab)"
0x05A6,00ac2c835b02,pc080sn+0xB4C0,"0x002 (PROVEN, all 854 BG single vocab)"
0x05A7,36779edd5eaf,pc080sn+0xB4E0,"0x002 (PROVEN, all 854 BG single vocab)"
0x05A8,850bfec3f2e9,pc080sn+0xB500,"0x002 (PROVEN, all 854 BG single vocab)"
0x05A9,bae07d094141,pc080sn+0xB520,"0x002 (PROVEN, all 854 BG single vocab)"
0x05AA,dc124d24ba37,pc080sn+0xB540,"0x002 (PROVEN, all 854 BG single vocab)"
0x05AB,8bf6aa6af73e,pc080sn+0xB560,"0x002 (PROVEN, all 854 BG single vocab)"
0x05AC,026f68bcdcc6,pc080sn+0xB580,"0x002 (PROVEN, all 854 BG single vocab)"
0x05AD,fea42a3bda26,pc080sn+0xB5A0,"0x002 (PROVEN, all 854 BG single vocab)"
0x05AE,98082a644256,pc080sn+0xB5C0,"0x002 (PROVEN, all 854 BG single vocab)"
0x05AF,161f5561fa34,pc080sn+0xB5E0,"0x002 (PROVEN, all 854 BG single vocab)"
0x05B0,96e1c7a35b23,pc080sn+0xB600,"0x002 (PROVEN, all 854 BG single vocab)"
0x05B1,b1ab0bce9155,pc080sn+0xB620,"0x002 (PROVEN, all 854 BG single vocab)"
0x05B2,60d01bab82ff,pc080sn+0xB640,"0x002 (PROVEN, all 854 BG single vocab)"
0x05B3,e184abe4620b,pc080sn+0xB660,"0x002 (PROVEN, all 854 BG single vocab)"
0x05B4,84334ac4f6b6,pc080sn+0xB680,"0x002 (PROVEN, all 854 BG single vocab)"
0x05B5,6be760e64a6a,pc080sn+0xB6A0,"0x002 (PROVEN, all 854 BG single vocab)"
0x05B6,9f2917faca40,pc080sn+0xB6C0,"0x002 (PROVEN, all 854 BG single vocab)"
0x05B7,dffefdf6e1a5,pc080sn+0xB6E0,"0x002 (PROVEN, all 854 BG single vocab)"
0x05B8,6cd19e449cb3,pc080sn+0xB700,"0x002 (PROVEN, all 854 BG single vocab)"
0x05B9,0459d213fbcb,pc080sn+0xB720,"0x002 (PROVEN, all 854 BG single vocab)"
0x05BA,57f03061ede0,pc080sn+0xB740,"0x002 (PROVEN, all 854 BG single vocab)"
0x05BB,ca6dc3b8a08d,pc080sn+0xB760,"0x002 (PROVEN, all 854 BG single vocab)"
0x05BC,3e1f907c300c,pc080sn+0xB780,"0x002 (PROVEN, all 854 BG single vocab)"
0x05BD,99bf12c9fc3b,pc080sn+0xB7A0,"0x002 (PROVEN, all 854 BG single vocab)"
0x05BE,c9556c502c57,pc080sn+0xB7C0,"0x002 (PROVEN, all 854 BG single vocab)"
0x05BF,f849b55da004,pc080sn+0xB7E0,"0x002 (PROVEN, all 854 BG single vocab)"
0x05C0,75d9ed503286,pc080sn+0xB800,"0x002 (PROVEN, all 854 BG single vocab)"
0x05C1,729a5f481220,pc080sn+0xB820,"0x002 (PROVEN, all 854 BG single vocab)"
0x05C2,37c6bfb99d32,pc080sn+0xB840,"0x002 (PROVEN, all 854 BG single vocab)"
0x05C3,2c6c5b5527c1,pc080sn+0xB860,"0x002 (PROVEN, all 854 BG single vocab)"
0x05C4,ea044a46eff5,pc080sn+0xB880,"0x002 (PROVEN, all 854 BG single vocab)"
0x05C5,2e85f7cf364e,pc080sn+0xB8A0,"0x002 (PROVEN, all 854 BG single vocab)"
0x05C6,652681fcc9d1,pc080sn+0xB8C0,"0x002 (PROVEN, all 854 BG single vocab)"
0x05C7,89dcc8cb37fb,pc080sn+0xB8E0,"0x002 (PROVEN, all 854 BG single vocab)"
0x05C8,f432da0a9e01,pc080sn+0xB900,"0x002 (PROVEN, all 854 BG single vocab)"
0x05C9,6d5d57102330,pc080sn+0xB920,"0x002 (PROVEN, all 854 BG single vocab)"
0x05CA,d8565a592c8a,pc080sn+0xB940,"0x002 (PROVEN, all 854 BG single vocab)"
0x05CB,e6f8a1444cce,pc080sn+0xB960,"0x002 (PROVEN, all 854 BG single vocab)"
0x05CC,6f954c676f2d,pc080sn+0xB980,"0x002 (PROVEN, all 854 BG single vocab)"
0x05CD,cd8f11806b52,pc080sn+0xB9A0,"0x002 (PROVEN, all 854 BG single vocab)"
0x05CE,ec10529f2110,pc080sn+0xB9C0,"0x002 (PROVEN, all 854 BG single vocab)"
0x05CF,58e2e22a94db,pc080sn+0xB9E0,"0x002 (PROVEN, all 854 BG single vocab)"
0x05D0,2ef043300d16,pc080sn+0xBA00,"0x002 (PROVEN, all 854 BG single vocab)"
0x05D1,33e4afb188f2,pc080sn+0xBA20,"0x002 (PROVEN, all 854 BG single vocab)"
0x05D2,f84e70d733c8,pc080sn+0xBA40,"0x002 (PROVEN, all 854 BG single vocab)"
0x05D3,1d99575bf978,pc080sn+0xBA60,"0x002 (PROVEN, all 854 BG single vocab)"
0x05D4,5e00464435eb,pc080sn+0xBA80,"0x002 (PROVEN, all 854 BG single vocab)"
0x05D5,22f6c936ccde,pc080sn+0xBAA0,"0x002 (PROVEN, all 854 BG single vocab)"
0x05D6,ed61f242d37f,pc080sn+0xBAC0,"0x002 (PROVEN, all 854 BG single vocab)"
0x05D7,0a06a15152fc,pc080sn+0xBAE0,"0x002 (PROVEN, all 854 BG single vocab)"
0x05D8,59f59bfb97d3,pc080sn+0xBB00,"0x002 (PROVEN, all 854 BG single vocab)"
0x05D9,0f2e278b3959,pc080sn+0xBB20,"0x002 (PROVEN, all 854 BG single vocab)"
0x05DA,00a19b20f1a7,pc080sn+0xBB40,"0x002 (PROVEN, all 854 BG single vocab)"
0x05DB,65f702622282,pc080sn+0xBB60,"0x002 (PROVEN, all 854 BG single vocab)"
0x05DC,5dae744ef489,pc080sn+0xBB80,"0x002 (PROVEN, all 854 BG single vocab)"
0x05DD,2a1fba35bca9,pc080sn+0xBBA0,"0x002 (PROVEN, all 854 BG single vocab)"
0x05DE,0164e0c2c670,pc080sn+0xBBC0,"0x002 (PROVEN, all 854 BG single vocab)"
0x05DF,4a8c1aadf439,pc080sn+0xBBE0,"0x002 (PROVEN, all 854 BG single vocab)"
0x05E0,4b24b37be78c,pc080sn+0xBC00,"0x002 (PROVEN, all 854 BG single vocab)"
0x05E1,474416cffb12,pc080sn+0xBC20,"0x002 (PROVEN, all 854 BG single vocab)"
0x05E2,6407c028007d,pc080sn+0xBC40,"0x002 (PROVEN, all 854 BG single vocab)"
0x05E3,a5ee90513105,pc080sn+0xBC60,"0x002 (PROVEN, all 854 BG single vocab)"
0x05E4,af1d104c818b,pc080sn+0xBC80,"0x002 (PROVEN, all 854 BG single vocab)"
0x05E5,2931d972b8d0,pc080sn+0xBCA0,"0x002 (PROVEN, all 854 BG single vocab)"
0x05E6,b0fdceb445b7,pc080sn+0xBCC0,"0x002 (PROVEN, all 854 BG single vocab)"
0x05E7,c6103c98222e,pc080sn+0xBCE0,"0x002 (PROVEN, all 854 BG single vocab)"
0x05E8,a343c9e88367,pc080sn+0xBD00,"0x002 (PROVEN, all 854 BG single vocab)"
0x05E9,bb84657862ba,pc080sn+0xBD20,"0x002 (PROVEN, all 854 BG single vocab)"
0x05EA,df71ee64e359,pc080sn+0xBD40,"0x002 (PROVEN, all 854 BG single vocab)"
0x05EB,9d29d386bfa8,pc080sn+0xBD60,"0x002 (PROVEN, all 854 BG single vocab)"
0x05EC,a83c50536aa6,pc080sn+0xBD80,"0x002 (PROVEN, all 854 BG single vocab)"
0x05ED,e566767aff1a,pc080sn+0xBDA0,"0x002 (PROVEN, all 854 BG single vocab)"
0x05EE,6718b7296aac,pc080sn+0xBDC0,"0x002 (PROVEN, all 854 BG single vocab)"
0x05EF,f35461e47220,pc080sn+0xBDE0,"0x002 (PROVEN, all 854 BG single vocab)"
0x05F0,ba08820e3d08,pc080sn+0xBE00,"0x002 (PROVEN, all 854 BG single vocab)"
0x05F1,5f749c63542b,pc080sn+0xBE20,"0x002 (PROVEN, all 854 BG single vocab)"
0x05F2,fc28683470af,pc080sn+0xBE40,"0x002 (PROVEN, all 854 BG single vocab)"
0x05F3,a261f138a8a4,pc080sn+0xBE60,"0x002 (PROVEN, all 854 BG single vocab)"
0x05F4,568849f30a88,pc080sn+0xBE80,"0x002 (PROVEN, all 854 BG single vocab)"
0x05F5,5cfdd5c681bb,pc080sn+0xBEA0,"0x002 (PROVEN, all 854 BG single vocab)"
0x05F6,f97def81d373,pc080sn+0xBEC0,"0x002 (PROVEN, all 854 BG single vocab)"
0x05F7,b740ffd7c514,pc080sn+0xBEE0,"0x002 (PROVEN, all 854 BG single vocab)"
0x05F8,1f7de46838b9,pc080sn+0xBF00,"0x002 (PROVEN, all 854 BG single vocab)"
0x05F9,49939f54e4e5,pc080sn+0xBF20,"0x002 (PROVEN, all 854 BG single vocab)"
0x05FA,b55133a55908,pc080sn+0xBF40,"0x002 (PROVEN, all 854 BG single vocab)"
0x05FB,0da83325d9a3,pc080sn+0xBF60,"0x002 (PROVEN, all 854 BG single vocab)"
0x05FC,5010db48f9d0,pc080sn+0xBF80,"0x002 (PROVEN, all 854 BG single vocab)"
0x05FD,10a88e3c0ce1,pc080sn+0xBFA0,"0x002 (PROVEN, all 854 BG single vocab)"
0x05FE,c5eb2f83f0d5,pc080sn+0xBFC0,"0x002 (PROVEN, all 854 BG single vocab)"
0x05FF,8c133e9f6064,pc080sn+0xBFE0,"0x002 (PROVEN, all 854 BG single vocab)"
0x0600,4786c979f5dc,pc080sn+0xC000,"0x002 (PROVEN, all 854 BG single vocab)"
0x0601,6b48e0a6d219,pc080sn+0xC020,"0x002 (PROVEN, all 854 BG single vocab)"
0x0602,d21fd98b1149,pc080sn+0xC040,"0x002 (PROVEN, all 854 BG single vocab)"
0x0603,2fa6df9e58a4,pc080sn+0xC060,"0x002 (PROVEN, all 854 BG single vocab)"
0x0604,1015346758c4,pc080sn+0xC080,"0x002 (PROVEN, all 854 BG single vocab)"
0x0605,3e10d8f0c766,pc080sn+0xC0A0,"0x002 (PROVEN, all 854 BG single vocab)"
0x0606,3cfca327d75e,pc080sn+0xC0C0,"0x002 (PROVEN, all 854 BG single vocab)"
0x0607,ea3014fa9a81,pc080sn+0xC0E0,"0x002 (PROVEN, all 854 BG single vocab)"
0x0608,4fbc6b59e9da,pc080sn+0xC100,"0x002 (PROVEN, all 854 BG single vocab)"
0x0609,ae69ea3715bb,pc080sn+0xC120,"0x002 (PROVEN, all 854 BG single vocab)"
0x060A,3408401751af,pc080sn+0xC140,"0x002 (PROVEN, all 854 BG single vocab)"
0x060B,450b1251781d,pc080sn+0xC160,"0x002 (PROVEN, all 854 BG single vocab)"
0x060C,d3133a433277,pc080sn+0xC180,"0x002 (PROVEN, all 854 BG single vocab)"
0x060D,94d9e17e6e9a,pc080sn+0xC1A0,"0x002 (PROVEN, all 854 BG single vocab)"
0x060E,78ed0fbd81da,pc080sn+0xC1C0,"0x002 (PROVEN, all 854 BG single vocab)"
0x060F,2b79a5d339ba,pc080sn+0xC1E0,"0x002 (PROVEN, all 854 BG single vocab)"
0x0610,66987c3578e5,pc080sn+0xC200,"0x002 (PROVEN, all 854 BG single vocab)"
0x0611,95490106150a,pc080sn+0xC220,"0x002 (PROVEN, all 854 BG single vocab)"
0x0612,c0cefcf6d4db,pc080sn+0xC240,"0x002 (PROVEN, all 854 BG single vocab)"
0x0613,b8c7b09782cf,pc080sn+0xC260,"0x002 (PROVEN, all 854 BG single vocab)"
0x0614,df32ccc49d7b,pc080sn+0xC280,"0x002 (PROVEN, all 854 BG single vocab)"
0x0615,c75695920735,pc080sn+0xC2A0,"0x002 (PROVEN, all 854 BG single vocab)"
0x0616,e26ae48213a1,pc080sn+0xC2C0,"0x002 (PROVEN, all 854 BG single vocab)"
0x0617,7e3e4cbe20cb,pc080sn+0xC2E0,"0x002 (PROVEN, all 854 BG single vocab)"
0x0618,ea823612cffd,pc080sn+0xC300,"0x002 (PROVEN, all 854 BG single vocab)"
0x0619,edf154bc67e9,pc080sn+0xC320,"0x002 (PROVEN, all 854 BG single vocab)"
0x061A,99cfefd52b52,pc080sn+0xC340,"0x002 (PROVEN, all 854 BG single vocab)"
0x061B,8f9b36c0c43e,pc080sn+0xC360,"0x002 (PROVEN, all 854 BG single vocab)"
0x061C,d5a92d47a3f0,pc080sn+0xC380,"0x002 (PROVEN, all 854 BG single vocab)"
0x061D,27f934944965,pc080sn+0xC3A0,"0x002 (PROVEN, all 854 BG single vocab)"
0x061E,e9736c8f63b0,pc080sn+0xC3C0,"0x002 (PROVEN, all 854 BG single vocab)"
0x061F,06b6cffc17cf,pc080sn+0xC3E0,"0x002 (PROVEN, all 854 BG single vocab)"
0x0620,a892497d0cbb,pc080sn+0xC400,"0x002 (PROVEN, all 854 BG single vocab)"
0x0621,85258ee37ff7,pc080sn+0xC420,"0x002 (PROVEN, all 854 BG single vocab)"
0x0622,d5a39d0e5b3b,pc080sn+0xC440,"0x002 (PROVEN, all 854 BG single vocab)"
0x0623,f21174d44ed7,pc080sn+0xC460,"0x002 (PROVEN, all 854 BG single vocab)"
0x0624,d6ca70ad0ecf,pc080sn+0xC480,"0x002 (PROVEN, all 854 BG single vocab)"
0x0625,25333b23903d,pc080sn+0xC4A0,"0x002 (PROVEN, all 854 BG single vocab)"
0x0626,940f241ea932,pc080sn+0xC4C0,"0x002 (PROVEN, all 854 BG single vocab)"
0x0627,dd4c58bd9af2,pc080sn+0xC4E0,"0x002 (PROVEN, all 854 BG single vocab)"
0x0628,0cb621f14c30,pc080sn+0xC500,"0x002 (PROVEN, all 854 BG single vocab)"
0x0629,2bdc362a0669,pc080sn+0xC520,"0x002 (PROVEN, all 854 BG single vocab)"
0x062A,fa3fb57863c1,pc080sn+0xC540,"0x002 (PROVEN, all 854 BG single vocab)"
0x062B,b8f80121ceb4,pc080sn+0xC560,"0x002 (PROVEN, all 854 BG single vocab)"
0x062C,6aae072f4452,pc080sn+0xC580,"0x002 (PROVEN, all 854 BG single vocab)"
0x062D,eb761ad1815e,pc080sn+0xC5A0,"0x002 (PROVEN, all 854 BG single vocab)"
0x062E,0b80f9f6df9a,pc080sn+0xC5C0,"0x002 (PROVEN, all 854 BG single vocab)"
0x062F,0ba2e83f3894,pc080sn+0xC5E0,"0x002 (PROVEN, all 854 BG single vocab)"
0x0630,0cf1f2aa8132,pc080sn+0xC600,"0x002 (PROVEN, all 854 BG single vocab)"
0x0631,3c559bc4e9ab,pc080sn+0xC620,"0x002 (PROVEN, all 854 BG single vocab)"
0x0632,4790cf93152b,pc080sn+0xC640,"0x002 (PROVEN, all 854 BG single vocab)"
0x0633,6e1231f6fc25,pc080sn+0xC660,"0x002 (PROVEN, all 854 BG single vocab)"
0x0634,931ddaed1809,pc080sn+0xC680,"0x002 (PROVEN, all 854 BG single vocab)"
0x0635,c563553d78f9,pc080sn+0xC6A0,"0x002 (PROVEN, all 854 BG single vocab)"
0x0636,6b8425048ec6,pc080sn+0xC6C0,"0x002 (PROVEN, all 854 BG single vocab)"
0x0637,5d80c184b7c0,pc080sn+0xC6E0,"0x002 (PROVEN, all 854 BG single vocab)"
0x0638,38e6ae61c9ff,pc080sn+0xC700,"0x002 (PROVEN, all 854 BG single vocab)"
0x0639,7055cec529e8,pc080sn+0xC720,"0x002 (PROVEN, all 854 BG single vocab)"
0x063A,4ec1e62c20e9,pc080sn+0xC740,"0x002 (PROVEN, all 854 BG single vocab)"
0x063B,cbf0d94957fa,pc080sn+0xC760,"0x002 (PROVEN, all 854 BG single vocab)"
0x063C,18b3eedd8c9e,pc080sn+0xC780,"0x002 (PROVEN, all 854 BG single vocab)"
0x063D,65ecdb868ce3,pc080sn+0xC7A0,"0x002 (PROVEN, all 854 BG single vocab)"
0x063E,c77c22c99914,pc080sn+0xC7C0,"0x002 (PROVEN, all 854 BG single vocab)"
0x063F,a0d5b330d7b9,pc080sn+0xC7E0,"0x002 (PROVEN, all 854 BG single vocab)"
0x0640,c2a53e4151f7,pc080sn+0xC800,"0x002 (PROVEN, all 854 BG single vocab)"
0x0641,723e3e5ec9bf,pc080sn+0xC820,"0x002 (PROVEN, all 854 BG single vocab)"
0x0642,3c8d56512da0,pc080sn+0xC840,"0x002 (PROVEN, all 854 BG single vocab)"
0x0643,d9ddfa3c9038,pc080sn+0xC860,"0x002 (PROVEN, all 854 BG single vocab)"
0x0644,60d1abacd02f,pc080sn+0xC880,"0x002 (PROVEN, all 854 BG single vocab)"
0x0645,595f9440d32a,pc080sn+0xC8A0,"0x002 (PROVEN, all 854 BG single vocab)"
0x0646,2db37bf6bc5c,pc080sn+0xC8C0,"0x002 (PROVEN, all 854 BG single vocab)"
0x0647,a39d92ebacd6,pc080sn+0xC8E0,"0x002 (PROVEN, all 854 BG single vocab)"
0x0648,3cd5b6968328,pc080sn+0xC900,"0x002 (PROVEN, all 854 BG single vocab)"
0x0649,b8970f4f41e1,pc080sn+0xC920,"0x002 (PROVEN, all 854 BG single vocab)"
0x064A,54f61f42ddcf,pc080sn+0xC940,"0x002 (PROVEN, all 854 BG single vocab)"
0x064B,993f889d8f15,pc080sn+0xC960,"0x002 (PROVEN, all 854 BG single vocab)"
0x064C,92069c23fa97,pc080sn+0xC980,"0x002 (PROVEN, all 854 BG single vocab)"
0x064D,7b152cf02567,pc080sn+0xC9A0,"0x002 (PROVEN, all 854 BG single vocab)"
0x064E,993b9556305f,pc080sn+0xC9C0,"0x002 (PROVEN, all 854 BG single vocab)"
0x064F,7a424d679745,pc080sn+0xC9E0,"0x002 (PROVEN, all 854 BG single vocab)"
0x0650,fa137a842319,pc080sn+0xCA00,"0x002 (PROVEN, all 854 BG single vocab)"
0x0651,3a662ddaa5ef,pc080sn+0xCA20,"0x002 (PROVEN, all 854 BG single vocab)"
0x0652,1e89e04235ff,pc080sn+0xCA40,"0x002 (PROVEN, all 854 BG single vocab)"
0x0653,49a38af46a5f,pc080sn+0xCA60,"0x002 (PROVEN, all 854 BG single vocab)"
0x0654,63cb26082d79,pc080sn+0xCA80,"0x002 (PROVEN, all 854 BG single vocab)"
0x0655,d34e04ec5ed1,pc080sn+0xCAA0,"0x002 (PROVEN, all 854 BG single vocab)"
0x0656,fbce345c86e2,pc080sn+0xCAC0,"0x002 (PROVEN, all 854 BG single vocab)"
0x0657,bcf728040207,pc080sn+0xCAE0,"0x002 (PROVEN, all 854 BG single vocab)"
0x0658,38c492188844,pc080sn+0xCB00,"0x002 (PROVEN, all 854 BG single vocab)"
0x0659,95055215bca0,pc080sn+0xCB20,"0x002 (PROVEN, all 854 BG single vocab)"
0x065A,f755e389a181,pc080sn+0xCB40,"0x002 (PROVEN, all 854 BG single vocab)"
0x065B,b75673f9f1a7,pc080sn+0xCB60,"0x002 (PROVEN, all 854 BG single vocab)"
0x065C,3174468f9921,pc080sn+0xCB80,"0x002 (PROVEN, all 854 BG single vocab)"
0x065D,cc9ecfcde4b2,pc080sn+0xCBA0,"0x002 (PROVEN, all 854 BG single vocab)"
0x065E,14380f15830b,pc080sn+0xCBC0,"0x002 (PROVEN, all 854 BG single vocab)"
0x065F,7f42ed3f996a,pc080sn+0xCBE0,"0x002 (PROVEN, all 854 BG single vocab)"
0x0660,ed0156e0e800,pc080sn+0xCC00,"0x002 (PROVEN, all 854 BG single vocab)"
0x0661,f15fbe182a05,pc080sn+0xCC20,"0x002 (PROVEN, all 854 BG single vocab)"
0x0662,d89daa3fa8e7,pc080sn+0xCC40,"0x002 (PROVEN, all 854 BG single vocab)"
0x0663,7a65c8d332ff,pc080sn+0xCC60,"0x002 (PROVEN, all 854 BG single vocab)"
0x0664,d11a88913835,pc080sn+0xCC80,"0x002 (PROVEN, all 854 BG single vocab)"
0x0665,996e39a1b057,pc080sn+0xCCA0,"0x002 (PROVEN, all 854 BG single vocab)"
0x0666,7eadb8640bed,pc080sn+0xCCC0,"0x002 (PROVEN, all 854 BG single vocab)"
0x0667,13de7e8c3445,pc080sn+0xCCE0,"0x002 (PROVEN, all 854 BG single vocab)"
0x0668,4b25209f9438,pc080sn+0xCD00,"0x002 (PROVEN, all 854 BG single vocab)"
0x0669,100d5cc913c9,pc080sn+0xCD20,"0x002 (PROVEN, all 854 BG single vocab)"
0x066A,5305363b922b,pc080sn+0xCD40,"0x002 (PROVEN, all 854 BG single vocab)"
0x066B,e1e87550b7e5,pc080sn+0xCD60,"0x002 (PROVEN, all 854 BG single vocab)"
0x066C,41742b371b22,pc080sn+0xCD80,"0x002 (PROVEN, all 854 BG single vocab)"
0x066D,a41149a149e2,pc080sn+0xCDA0,"0x002 (PROVEN, all 854 BG single vocab)"
0x066E,adb00ad2bd29,pc080sn+0xCDC0,"0x002 (PROVEN, all 854 BG single vocab)"
0x066F,79d2ebc15485,pc080sn+0xCDE0,"0x002 (PROVEN, all 854 BG single vocab)"
0x0670,768b756161c8,pc080sn+0xCE00,"0x002 (PROVEN, all 854 BG single vocab)"
0x0671,9b26ece510ab,pc080sn+0xCE20,"0x002 (PROVEN, all 854 BG single vocab)"
0x0672,18b88f5edfc4,pc080sn+0xCE40,"0x002 (PROVEN, all 854 BG single vocab)"
0x0673,b73538080012,pc080sn+0xCE60,"0x002 (PROVEN, all 854 BG single vocab)"
0x0674,36e72c5be8af,pc080sn+0xCE80,"0x002 (PROVEN, all 854 BG single vocab)"
0x0675,8d4702776e12,pc080sn+0xCEA0,"0x002 (PROVEN, all 854 BG single vocab)"
0x0676,01023f5e368c,pc080sn+0xCEC0,"0x002 (PROVEN, all 854 BG single vocab)"
0x0677,8b4a025d9e5f,pc080sn+0xCEE0,"0x002 (PROVEN, all 854 BG single vocab)"
0x0678,4b4432426fb3,pc080sn+0xCF00,"0x002 (PROVEN, all 854 BG single vocab)"
0x0679,4c282f2dcb2b,pc080sn+0xCF20,"0x002 (PROVEN, all 854 BG single vocab)"
0x067A,6f825e68cc69,pc080sn+0xCF40,"0x002 (PROVEN, all 854 BG single vocab)"
0x067B,a44fba58febd,pc080sn+0xCF60,"0x002 (PROVEN, all 854 BG single vocab)"
0x067C,2b22ee011c24,pc080sn+0xCF80,"0x002 (PROVEN, all 854 BG single vocab)"
0x067D,ba9bfe32f1fd,pc080sn+0xCFA0,"0x002 (PROVEN, all 854 BG single vocab)"
0x067E,c643cf794ced,pc080sn+0xCFC0,"0x002 (PROVEN, all 854 BG single vocab)"
0x067F,9da8242dd96b,pc080sn+0xCFE0,"0x002 (PROVEN, all 854 BG single vocab)"
0x0680,e170832eea86,pc080sn+0xD000,"0x002 (PROVEN, all 854 BG single vocab)"
0x0681,654ba277d4bf,pc080sn+0xD020,"0x002 (PROVEN, all 854 BG single vocab)"
0x0682,56394ef764bc,pc080sn+0xD040,"0x002 (PROVEN, all 854 BG single vocab)"
0x0683,acf89f3ce337,pc080sn+0xD060,"0x002 (PROVEN, all 854 BG single vocab)"
0x0684,ea7aab91af9e,pc080sn+0xD080,"0x002 (PROVEN, all 854 BG single vocab)"
0x0685,92bcd3181131,pc080sn+0xD0A0,"0x002 (PROVEN, all 854 BG single vocab)"
0x0686,79fe50b05927,pc080sn+0xD0C0,"0x002 (PROVEN, all 854 BG single vocab)"
0x0687,7513d3375472,pc080sn+0xD0E0,"0x002 (PROVEN, all 854 BG single vocab)"
0x0688,a183f62be069,pc080sn+0xD100,"0x002 (PROVEN, all 854 BG single vocab)"
0x0689,b1da4055683d,pc080sn+0xD120,"0x002 (PROVEN, all 854 BG single vocab)"
0x068A,88186d0a46d7,pc080sn+0xD140,"0x002 (PROVEN, all 854 BG single vocab)"
0x068B,364b15e765a4,pc080sn+0xD160,"0x002 (PROVEN, all 854 BG single vocab)"
0x068C,f1bcf88ed6ad,pc080sn+0xD180,"0x002 (PROVEN, all 854 BG single vocab)"
0x068D,26c1de24e18d,pc080sn+0xD1A0,"0x002 (PROVEN, all 854 BG single vocab)"
0x068E,d237b3299309,pc080sn+0xD1C0,"0x002 (PROVEN, all 854 BG single vocab)"
0x068F,e8eacda53bf8,pc080sn+0xD1E0,"0x002 (PROVEN, all 854 BG single vocab)"
0x0690,1d70c288beaf,pc080sn+0xD200,"0x002 (PROVEN, all 854 BG single vocab)"
0x0691,0c206452848f,pc080sn+0xD220,"0x002 (PROVEN, all 854 BG single vocab)"
0x0692,6362a305ad7b,pc080sn+0xD240,"0x002 (PROVEN, all 854 BG single vocab)"
0x0693,66db28778da4,pc080sn+0xD260,"0x002 (PROVEN, all 854 BG single vocab)"
0x0694,93391593ff7f,pc080sn+0xD280,"0x002 (PROVEN, all 854 BG single vocab)"
0x0695,d31d6e96cab6,pc080sn+0xD2A0,"0x002 (PROVEN, all 854 BG single vocab)"
0x0696,e309c5613c2d,pc080sn+0xD2C0,"0x002 (PROVEN, all 854 BG single vocab)"
0x0697,2ff01a6f495d,pc080sn+0xD2E0,"0x002 (PROVEN, all 854 BG single vocab)"
0x0698,86829cbea651,pc080sn+0xD300,"0x002 (PROVEN, all 854 BG single vocab)"
0x0699,2b3948afdd37,pc080sn+0xD320,"0x002 (PROVEN, all 854 BG single vocab)"
0x069A,d0280eb055a7,pc080sn+0xD340,"0x002 (PROVEN, all 854 BG single vocab)"
0x069B,466de71ef1b2,pc080sn+0xD360,"0x002 (PROVEN, all 854 BG single vocab)"
0x069C,52fd762aeb48,pc080sn+0xD380,"0x002 (PROVEN, all 854 BG single vocab)"
0x069D,656a442e0adb,pc080sn+0xD3A0,"0x002 (PROVEN, all 854 BG single vocab)"
0x069E,e0831a2e7ed9,pc080sn+0xD3C0,"0x002 (PROVEN, all 854 BG single vocab)"
0x069F,2dfc07c52a22,pc080sn+0xD3E0,"0x002 (PROVEN, all 854 BG single vocab)"
0x06A0,0cd182df55fa,pc080sn+0xD400,"0x002 (PROVEN, all 854 BG single vocab)"
0x06A1,7e39c036fffb,pc080sn+0xD420,"0x002 (PROVEN, all 854 BG single vocab)"
0x06A2,be7df2bc04a7,pc080sn+0xD440,"0x002 (PROVEN, all 854 BG single vocab)"
0x06A3,95a0baef54cd,pc080sn+0xD460,"0x002 (PROVEN, all 854 BG single vocab)"
0x06A4,8f062e3e49c0,pc080sn+0xD480,"0x002 (PROVEN, all 854 BG single vocab)"
0x06A5,21218bd67800,pc080sn+0xD4A0,"0x002 (PROVEN, all 854 BG single vocab)"
0x06A6,f05ebd9703e1,pc080sn+0xD4C0,"0x002 (PROVEN, all 854 BG single vocab)"
0x06A7,6107e809318f,pc080sn+0xD4E0,"0x002 (PROVEN, all 854 BG single vocab)"
0x06A8,81dc0179082b,pc080sn+0xD500,"0x002 (PROVEN, all 854 BG single vocab)"
0x06A9,20ad0385f00f,pc080sn+0xD520,"0x002 (PROVEN, all 854 BG single vocab)"
0x06AA,14ece712960c,pc080sn+0xD540,"0x002 (PROVEN, all 854 BG single vocab)"
0x06AB,2af51e25f4e2,pc080sn+0xD560,"0x002 (PROVEN, all 854 BG single vocab)"
0x06AC,eba77a412326,pc080sn+0xD580,"0x002 (PROVEN, all 854 BG single vocab)"
0x06AD,d39477cf0c55,pc080sn+0xD5A0,"0x002 (PROVEN, all 854 BG single vocab)"
0x06AE,9926744bac58,pc080sn+0xD5C0,"0x002 (PROVEN, all 854 BG single vocab)"
0x06AF,358ba2f87cb3,pc080sn+0xD5E0,"0x002 (PROVEN, all 854 BG single vocab)"
0x06B0,02df3b35f0aa,pc080sn+0xD600,"0x002 (PROVEN, all 854 BG single vocab)"
0x06B1,0113eb45a6da,pc080sn+0xD620,"0x002 (PROVEN, all 854 BG single vocab)"
0x06B2,3fc059402e72,pc080sn+0xD640,"0x002 (PROVEN, all 854 BG single vocab)"
0x06B3,289826ee4b64,pc080sn+0xD660,"0x002 (PROVEN, all 854 BG single vocab)"
0x06B4,741087d56f26,pc080sn+0xD680,"0x002 (PROVEN, all 854 BG single vocab)"
0x06B5,125e88b338da,pc080sn+0xD6A0,"0x002 (PROVEN, all 854 BG single vocab)"
0x06B6,293c6d011c8c,pc080sn+0xD6C0,"0x002 (PROVEN, all 854 BG single vocab)"
0x06B7,b88750c3fac9,pc080sn+0xD6E0,"0x002 (PROVEN, all 854 BG single vocab)"
0x06B8,57a640d02d36,pc080sn+0xD700,"0x002 (PROVEN, all 854 BG single vocab)"
0x06B9,e16ce0b2e97c,pc080sn+0xD720,"0x002 (PROVEN, all 854 BG single vocab)"
0x06BA,de0e7daace56,pc080sn+0xD740,"0x002 (PROVEN, all 854 BG single vocab)"
0x06BB,8e3b3c679114,pc080sn+0xD760,"0x002 (PROVEN, all 854 BG single vocab)"
0x06BC,7759969bd52e,pc080sn+0xD780,"0x002 (PROVEN, all 854 BG single vocab)"
0x06BD,1497686e4c1a,pc080sn+0xD7A0,"0x002 (PROVEN, all 854 BG single vocab)"
0x06BE,fef8e13b0fa5,pc080sn+0xD7C0,"0x002 (PROVEN, all 854 BG single vocab)"
0x06BF,309073f6d669,pc080sn+0xD7E0,"0x002 (PROVEN, all 854 BG single vocab)"
0x06C0,5a9065594367,pc080sn+0xD800,"0x002 (PROVEN, all 854 BG single vocab)"
0x06C1,ac7adee55a80,pc080sn+0xD820,"0x002 (PROVEN, all 854 BG single vocab)"
0x06C2,c965f033d850,pc080sn+0xD840,"0x002 (PROVEN, all 854 BG single vocab)"
0x06C3,97c284ce1f71,pc080sn+0xD860,"0x002 (PROVEN, all 854 BG single vocab)"
0x06C4,1758dc6474ec,pc080sn+0xD880,"0x002 (PROVEN, all 854 BG single vocab)"
0x06C5,9ad2c80f8d70,pc080sn+0xD8A0,"0x002 (PROVEN, all 854 BG single vocab)"
0x06C6,6b7e3fee2dac,pc080sn+0xD8C0,"0x002 (PROVEN, all 854 BG single vocab)"
0x06C7,af41d3d7dec6,pc080sn+0xD8E0,"0x002 (PROVEN, all 854 BG single vocab)"
0x06C8,721866c8f577,pc080sn+0xD900,"0x002 (PROVEN, all 854 BG single vocab)"
0x06C9,279417a732b9,pc080sn+0xD920,"0x002 (PROVEN, all 854 BG single vocab)"
0x06CA,6cec25362627,pc080sn+0xD940,"0x002 (PROVEN, all 854 BG single vocab)"
0x06CB,4bf52f25ed9e,pc080sn+0xD960,"0x002 (PROVEN, all 854 BG single vocab)"
0x06CC,d33e03b1a4b1,pc080sn+0xD980,"0x002 (PROVEN, all 854 BG single vocab)"
0x06CD,8edb2d777919,pc080sn+0xD9A0,"0x002 (PROVEN, all 854 BG single vocab)"
0x06CE,d2b3ab627582,pc080sn+0xD9C0,"0x002 (PROVEN, all 854 BG single vocab)"
0x06CF,bd30048d0d9e,pc080sn+0xD9E0,"0x002 (PROVEN, all 854 BG single vocab)"
0x06D0,86463119c29e,pc080sn+0xDA00,"0x002 (PROVEN, all 854 BG single vocab)"
0x06D1,dcc4bc62694d,pc080sn+0xDA20,"0x002 (PROVEN, all 854 BG single vocab)"
0x06D2,22336d5e529b,pc080sn+0xDA40,"0x002 (PROVEN, all 854 BG single vocab)"
0x06D3,927ba48bb630,pc080sn+0xDA60,"0x002 (PROVEN, all 854 BG single vocab)"
0x06D4,64e5a5a2622c,pc080sn+0xDA80,"0x002 (PROVEN, all 854 BG single vocab)"
0x06D5,a7f417e57044,pc080sn+0xDAA0,"0x002 (PROVEN, all 854 BG single vocab)"
0x06D6,1208e9460727,pc080sn+0xDAC0,"0x002 (PROVEN, all 854 BG single vocab)"
0x06D7,e21f3f1655dc,pc080sn+0xDAE0,"0x002 (PROVEN, all 854 BG single vocab)"
0x06D8,0b904b402120,pc080sn+0xDB00,"0x002 (PROVEN, all 854 BG single vocab)"
0x06D9,4dcc96d9ecad,pc080sn+0xDB20,"0x002 (PROVEN, all 854 BG single vocab)"
0x06DA,1a331515df98,pc080sn+0xDB40,"0x002 (PROVEN, all 854 BG single vocab)"
0x06DB,059b642468d8,pc080sn+0xDB60,"0x002 (PROVEN, all 854 BG single vocab)"
0x06DC,e3c3939db542,pc080sn+0xDB80,"0x002 (PROVEN, all 854 BG single vocab)"
0x06DD,7772f9c5f182,pc080sn+0xDBA0,"0x002 (PROVEN, all 854 BG single vocab)"
0x06DE,1344e3d7e230,pc080sn+0xDBC0,"0x002 (PROVEN, all 854 BG single vocab)"
0x06DF,672817a5837e,pc080sn+0xDBE0,"0x002 (PROVEN, all 854 BG single vocab)"
0x06E0,2c235dab4b85,pc080sn+0xDC00,"0x002 (PROVEN, all 854 BG single vocab)"
0x06E1,c17c4e31b2ee,pc080sn+0xDC20,"0x002 (PROVEN, all 854 BG single vocab)"
0x06E2,608b718ce194,pc080sn+0xDC40,"0x002 (PROVEN, all 854 BG single vocab)"
0x06E3,e32f35b1ba1a,pc080sn+0xDC60,"0x002 (PROVEN, all 854 BG single vocab)"
0x06E4,2b8fdeb6b03f,pc080sn+0xDC80,"0x002 (PROVEN, all 854 BG single vocab)"
0x06E5,dcdc989f61ea,pc080sn+0xDCA0,"0x002 (PROVEN, all 854 BG single vocab)"
0x06E6,69e958db9ebb,pc080sn+0xDCC0,"0x002 (PROVEN, all 854 BG single vocab)"
0x06E7,2e23e88a7a9c,pc080sn+0xDCE0,"0x002 (PROVEN, all 854 BG single vocab)"
0x06E8,19d4e96a6d99,pc080sn+0xDD00,"0x002 (PROVEN, all 854 BG single vocab)"
0x06E9,8b9c62c65792,pc080sn+0xDD20,"0x002 (PROVEN, all 854 BG single vocab)"
0x06EA,3aed7b0362cf,pc080sn+0xDD40,"0x002 (PROVEN, all 854 BG single vocab)"
0x06EB,f5b6abd0910d,pc080sn+0xDD60,"0x002 (PROVEN, all 854 BG single vocab)"
0x06EC,4145b071fcb7,pc080sn+0xDD80,"0x002 (PROVEN, all 854 BG single vocab)"
0x06ED,893a1276a1b6,pc080sn+0xDDA0,"0x002 (PROVEN, all 854 BG single vocab)"
0x06EE,0467a8c5cc5f,pc080sn+0xDDC0,"0x002 (PROVEN, all 854 BG single vocab)"
0x06EF,b8d49b6322c0,pc080sn+0xDDE0,"0x002 (PROVEN, all 854 BG single vocab)"
0x06F0,9af1d61456ea,pc080sn+0xDE00,"0x002 (PROVEN, all 854 BG single vocab)"
0x06F1,222f5ceffac3,pc080sn+0xDE20,"0x002 (PROVEN, all 854 BG single vocab)"
0x06F2,e02f0c703b69,pc080sn+0xDE40,"0x002 (PROVEN, all 854 BG single vocab)"
0x06F3,131322e8c720,pc080sn+0xDE60,"0x002 (PROVEN, all 854 BG single vocab)"
0x06F4,7b3157957ad2,pc080sn+0xDE80,"0x002 (PROVEN, all 854 BG single vocab)"
0x06F5,bfae8144d899,pc080sn+0xDEA0,"0x002 (PROVEN, all 854 BG single vocab)"
0x06F6,1a5c62e5b49e,pc080sn+0xDEC0,"0x002 (PROVEN, all 854 BG single vocab)"
0x06F7,b886ed0f8735,pc080sn+0xDEE0,"0x002 (PROVEN, all 854 BG single vocab)"
0x06F8,d52f75d81071,pc080sn+0xDF00,"0x002 (PROVEN, all 854 BG single vocab)"
0x06F9,db32ddf3d95c,pc080sn+0xDF20,"0x002 (PROVEN, all 854 BG single vocab)"
0x06FA,48e882a4b49b,pc080sn+0xDF40,"0x002 (PROVEN, all 854 BG single vocab)"
0x06FB,b9eaa580dafb,pc080sn+0xDF60,"0x002 (PROVEN, all 854 BG single vocab)"
0x06FC,590c4e6f0dc9,pc080sn+0xDF80,"0x002 (PROVEN, all 854 BG single vocab)"
0x06FD,b2dbfdfaf57e,pc080sn+0xDFA0,"0x002 (PROVEN, all 854 BG single vocab)"
0x06FE,8ea6a3db0b90,pc080sn+0xDFC0,"0x002 (PROVEN, all 854 BG single vocab)"
0x06FF,787f9ab34875,pc080sn+0xDFE0,"0x002 (PROVEN, all 854 BG single vocab)"
0x0700,cd22693afdef,pc080sn+0xE000,"0x002 (PROVEN, all 854 BG single vocab)"
0x0701,110227cef2e3,pc080sn+0xE020,"0x002 (PROVEN, all 854 BG single vocab)"
0x0702,172a0afab744,pc080sn+0xE040,"0x002 (PROVEN, all 854 BG single vocab)"
0x0703,f43d8bb438f3,pc080sn+0xE060,"0x002 (PROVEN, all 854 BG single vocab)"
0x0704,f017c46f4bff,pc080sn+0xE080,"0x002 (PROVEN, all 854 BG single vocab)"
0x0705,2a7457683794,pc080sn+0xE0A0,"0x002 (PROVEN, all 854 BG single vocab)"
0x0706,14f998c03fea,pc080sn+0xE0C0,"0x002 (PROVEN, all 854 BG single vocab)"
0x0707,60f59a48ba1d,pc080sn+0xE0E0,"0x002 (PROVEN, all 854 BG single vocab)"
0x0708,059a446050a3,pc080sn+0xE100,"0x002 (PROVEN, all 854 BG single vocab)"
0x0709,62e16bf095fc,pc080sn+0xE120,"0x002 (PROVEN, all 854 BG single vocab)"
0x070A,30caa9ac3ca0,pc080sn+0xE140,"0x002 (PROVEN, all 854 BG single vocab)"
0x070B,5e9b40201a08,pc080sn+0xE160,"0x002 (PROVEN, all 854 BG single vocab)"
0x070C,af106b07f720,pc080sn+0xE180,"0x002 (PROVEN, all 854 BG single vocab)"
0x070D,300ddded1d5e,pc080sn+0xE1A0,"0x002 (PROVEN, all 854 BG single vocab)"
0x070E,4a49ce123451,pc080sn+0xE1C0,"0x002 (PROVEN, all 854 BG single vocab)"
0x070F,55ff3b160404,pc080sn+0xE1E0,"0x002 (PROVEN, all 854 BG single vocab)"
0x0710,27634e5124ed,pc080sn+0xE200,"0x002 (PROVEN, all 854 BG single vocab)"
0x0711,5dff6b136df8,pc080sn+0xE220,"0x002 (PROVEN, all 854 BG single vocab)"
0x0712,3cf2f06c66c0,pc080sn+0xE240,"0x002 (PROVEN, all 854 BG single vocab)"
0x0713,272a1b54ce01,pc080sn+0xE260,"0x002 (PROVEN, all 854 BG single vocab)"
0x0714,22c85d1d49f1,pc080sn+0xE280,"0x002 (PROVEN, all 854 BG single vocab)"
0x0715,5d1cff9f5180,pc080sn+0xE2A0,"0x002 (PROVEN, all 854 BG single vocab)"
0x0716,70dc893084e0,pc080sn+0xE2C0,"0x002 (PROVEN, all 854 BG single vocab)"
0x0717,6866f935b1b3,pc080sn+0xE2E0,"0x002 (PROVEN, all 854 BG single vocab)"
0x0718,e1f1fe26dd8c,pc080sn+0xE300,"0x002 (PROVEN, all 854 BG single vocab)"
0x0719,76052aaa9a0e,pc080sn+0xE320,"0x002 (PROVEN, all 854 BG single vocab)"
0x071A,2d6a13e1453f,pc080sn+0xE340,"0x002 (PROVEN, all 854 BG single vocab)"
0x071B,e157f693392e,pc080sn+0xE360,"0x002 (PROVEN, all 854 BG single vocab)"
0x071C,3fb3308e9cb4,pc080sn+0xE380,"0x002 (PROVEN, all 854 BG single vocab)"
0x071D,2f1193e998d8,pc080sn+0xE3A0,"0x002 (PROVEN, all 854 BG single vocab)"
0x071E,01d6ba6cbbf3,pc080sn+0xE3C0,"0x002 (PROVEN, all 854 BG single vocab)"
0x071F,1298b2aada26,pc080sn+0xE3E0,"0x002 (PROVEN, all 854 BG single vocab)"
0x0720,416dd7cd6be4,pc080sn+0xE400,"0x002 (PROVEN, all 854 BG single vocab)"
0x0721,f02345ce654a,pc080sn+0xE420,"0x002 (PROVEN, all 854 BG single vocab)"
0x0722,350f1378499b,pc080sn+0xE440,"0x002 (PROVEN, all 854 BG single vocab)"
0x0723,dfc07eb3dafb,pc080sn+0xE460,"0x002 (PROVEN, all 854 BG single vocab)"
0x0724,e1cd1ec9fbc0,pc080sn+0xE480,"0x002 (PROVEN, all 854 BG single vocab)"
0x0725,cc6da24c3f07,pc080sn+0xE4A0,"0x002 (PROVEN, all 854 BG single vocab)"
0x0726,3a4652a5be8f,pc080sn+0xE4C0,"0x002 (PROVEN, all 854 BG single vocab)"
0x0727,70267ba0c009,pc080sn+0xE4E0,"0x002 (PROVEN, all 854 BG single vocab)"
0x0728,699d90e9d0fa,pc080sn+0xE500,"0x002 (PROVEN, all 854 BG single vocab)"
0x0729,831ca31d0f7c,pc080sn+0xE520,"0x002 (PROVEN, all 854 BG single vocab)"
0x072A,9bf9147b15e3,pc080sn+0xE540,"0x002 (PROVEN, all 854 BG single vocab)"
0x072B,a78c4df0ec9c,pc080sn+0xE560,"0x002 (PROVEN, all 854 BG single vocab)"
0x072C,27909a55e5a0,pc080sn+0xE580,"0x002 (PROVEN, all 854 BG single vocab)"
0x072D,8019cdc6d8a3,pc080sn+0xE5A0,"0x002 (PROVEN, all 854 BG single vocab)"
0x072E,a58efd28d7f4,pc080sn+0xE5C0,"0x002 (PROVEN, all 854 BG single vocab)"
0x072F,3158e4ca11f0,pc080sn+0xE5E0,"0x002 (PROVEN, all 854 BG single vocab)"
0x0730,a5338e2cd5c9,pc080sn+0xE600,"0x002 (PROVEN, all 854 BG single vocab)"
0x0731,c4270cde15a8,pc080sn+0xE620,"0x002 (PROVEN, all 854 BG single vocab)"
0x0732,af1b3b8d32f0,pc080sn+0xE640,"0x002 (PROVEN, all 854 BG single vocab)"
0x0733,188ffb3085d4,pc080sn+0xE660,"0x002 (PROVEN, all 854 BG single vocab)"
0x0734,35e0b6b08ff8,pc080sn+0xE680,"0x002 (PROVEN, all 854 BG single vocab)"
0x0735,280f3766f2b5,pc080sn+0xE6A0,"0x002 (PROVEN, all 854 BG single vocab)"
0x0736,7076ffb3d1a6,pc080sn+0xE6C0,"0x002 (PROVEN, all 854 BG single vocab)"
0x0737,aa908826f4a6,pc080sn+0xE6E0,"0x002 (PROVEN, all 854 BG single vocab)"
0x0738,c30d74d9e5e6,pc080sn+0xE700,"0x002 (PROVEN, all 854 BG single vocab)"
0x0739,a8cb591452ed,pc080sn+0xE720,"0x002 (PROVEN, all 854 BG single vocab)"
0x073A,47ef6ffd343f,pc080sn+0xE740,"0x002 (PROVEN, all 854 BG single vocab)"
0x073B,a0215ffc2500,pc080sn+0xE760,"0x002 (PROVEN, all 854 BG single vocab)"
0x073C,c2c720e770eb,pc080sn+0xE780,"0x002 (PROVEN, all 854 BG single vocab)"
0x073D,16187bc27ae3,pc080sn+0xE7A0,"0x002 (PROVEN, all 854 BG single vocab)"
0x073E,011bc53d4252,pc080sn+0xE7C0,"0x002 (PROVEN, all 854 BG single vocab)"
0x073F,0734b4715120,pc080sn+0xE7E0,"0x002 (PROVEN, all 854 BG single vocab)"
0x0740,b569950be34f,pc080sn+0xE800,"0x002 (PROVEN, all 854 BG single vocab)"
0x0741,0ddb3163f096,pc080sn+0xE820,"0x002 (PROVEN, all 854 BG single vocab)"
0x0742,ff9b9750e400,pc080sn+0xE840,"0x002 (PROVEN, all 854 BG single vocab)"
0x0743,a586c8e8ef5d,pc080sn+0xE860,"0x002 (PROVEN, all 854 BG single vocab)"
0x0744,941e50915d86,pc080sn+0xE880,"0x002 (PROVEN, all 854 BG single vocab)"
0x0745,045b2ee7cbaa,pc080sn+0xE8A0,"0x002 (PROVEN, all 854 BG single vocab)"
0x0746,40e9a27e65c0,pc080sn+0xE8C0,"0x002 (PROVEN, all 854 BG single vocab)"
0x0747,818090265248,pc080sn+0xE8E0,"0x002 (PROVEN, all 854 BG single vocab)"
0x0748,56b015030010,pc080sn+0xE900,"0x002 (PROVEN, all 854 BG single vocab)"
0x0749,4350fb068de3,pc080sn+0xE920,"0x002 (PROVEN, all 854 BG single vocab)"
0x074A,91d0885d4a67,pc080sn+0xE940,"0x002 (PROVEN, all 854 BG single vocab)"
0x074B,395e7b61636c,pc080sn+0xE960,"0x002 (PROVEN, all 854 BG single vocab)"
0x074C,0ebbcd3e1803,pc080sn+0xE980,"0x002 (PROVEN, all 854 BG single vocab)"
0x074D,e6cd3adfc6a9,pc080sn+0xE9A0,"0x002 (PROVEN, all 854 BG single vocab)"
0x074E,573364395f36,pc080sn+0xE9C0,"0x002 (PROVEN, all 854 BG single vocab)"
0x074F,2fa6763bcdf5,pc080sn+0xE9E0,"0x002 (PROVEN, all 854 BG single vocab)"
0x0750,49b3970757bb,pc080sn+0xEA00,"0x002 (PROVEN, all 854 BG single vocab)"
0x0751,9a767c36b851,pc080sn+0xEA20,"0x002 (PROVEN, all 854 BG single vocab)"
0x0752,0683b3ea2003,pc080sn+0xEA40,"0x002 (PROVEN, all 854 BG single vocab)"
0x0753,bf28bd2b1e78,pc080sn+0xEA60,"0x002 (PROVEN, all 854 BG single vocab)"
0x0754,2f3eaa787b32,pc080sn+0xEA80,"0x002 (PROVEN, all 854 BG single vocab)"
0x0755,7857caa5f6af,pc080sn+0xEAA0,"0x002 (PROVEN, all 854 BG single vocab)"
0x0756,e45a1c38d3e3,pc080sn+0xEAC0,"0x002 (PROVEN, all 854 BG single vocab)"
0x0757,20f32c1c386f,pc080sn+0xEAE0,"0x002 (PROVEN, all 854 BG single vocab)"
0x0758,597037ff7dd8,pc080sn+0xEB00,"0x002 (PROVEN, all 854 BG single vocab)"
0x0759,48cec1d858c0,pc080sn+0xEB20,"0x002 (PROVEN, all 854 BG single vocab)"
0x075A,7e5339d9e824,pc080sn+0xEB40,"0x002 (PROVEN, all 854 BG single vocab)"
0x075B,cb12df2b3f3a,pc080sn+0xEB60,"0x002 (PROVEN, all 854 BG single vocab)"
0x075C,2cebb376c5f8,pc080sn+0xEB80,"0x002 (PROVEN, all 854 BG single vocab)"
0x075D,da5826f47fa1,pc080sn+0xEBA0,"0x002 (PROVEN, all 854 BG single vocab)"
0x075E,e2f61c5a6f5d,pc080sn+0xEBC0,"0x002 (PROVEN, all 854 BG single vocab)"
0x075F,55b2fb941e53,pc080sn+0xEBE0,"0x002 (PROVEN, all 854 BG single vocab)"
0x0760,2b65bbefd5e9,pc080sn+0xEC00,"0x002 (PROVEN, all 854 BG single vocab)"
0x0761,e70d8f8c6e58,pc080sn+0xEC20,"0x002 (PROVEN, all 854 BG single vocab)"
0x0762,ffedd4d47538,pc080sn+0xEC40,"0x002 (PROVEN, all 854 BG single vocab)"
0x0763,f8a3608d2a02,pc080sn+0xEC60,"0x002 (PROVEN, all 854 BG single vocab)"
0x0764,44d7ce5984ec,pc080sn+0xEC80,"0x002 (PROVEN, all 854 BG single vocab)"
0x0765,33efec4522e9,pc080sn+0xECA0,"0x002 (PROVEN, all 854 BG single vocab)"
0x0766,bff3a5b5fbee,pc080sn+0xECC0,"0x002 (PROVEN, all 854 BG single vocab)"
0x0767,9992dc1b6cf2,pc080sn+0xECE0,"0x002 (PROVEN, all 854 BG single vocab)"
0x0768,d940848f3f23,pc080sn+0xED00,"0x002 (PROVEN, all 854 BG single vocab)"
0x0769,5c47b20a5bab,pc080sn+0xED20,"0x002 (PROVEN, all 854 BG single vocab)"
0x076A,b293d369436f,pc080sn+0xED40,"0x002 (PROVEN, all 854 BG single vocab)"
0x076B,6aced878bade,pc080sn+0xED60,"0x002 (PROVEN, all 854 BG single vocab)"
0x076C,cec84f7c2176,pc080sn+0xED80,"0x002 (PROVEN, all 854 BG single vocab)"
0x076D,38bf4604820c,pc080sn+0xEDA0,"0x002 (PROVEN, all 854 BG single vocab)"
0x076E,ba3c6f1fd869,pc080sn+0xEDC0,"0x002 (PROVEN, all 854 BG single vocab)"
0x076F,c671dc40634b,pc080sn+0xEDE0,"0x002 (PROVEN, all 854 BG single vocab)"
0x0770,4a5c7bb8ca0d,pc080sn+0xEE00,"0x002 (PROVEN, all 854 BG single vocab)"
0x0771,582e5519dbbd,pc080sn+0xEE20,"0x002 (PROVEN, all 854 BG single vocab)"
0x0772,d1c0bfc7d025,pc080sn+0xEE40,"0x002 (PROVEN, all 854 BG single vocab)"
0x0773,7547721eeb46,pc080sn+0xEE60,"0x002 (PROVEN, all 854 BG single vocab)"
0x0774,9c299e7b1570,pc080sn+0xEE80,"0x002 (PROVEN, all 854 BG single vocab)"
0x0775,bf763d7b6f47,pc080sn+0xEEA0,"0x002 (PROVEN, all 854 BG single vocab)"
0x0776,297218906082,pc080sn+0xEEC0,"0x002 (PROVEN, all 854 BG single vocab)"
0x0777,d69725f7a8c2,pc080sn+0xEEE0,"0x002 (PROVEN, all 854 BG single vocab)"
0x0778,c27d3e1c3943,pc080sn+0xEF00,"0x002 (PROVEN, all 854 BG single vocab)"
0x0779,201dc5ef1064,pc080sn+0xEF20,"0x002 (PROVEN, all 854 BG single vocab)"
0x077A,49e14ce1bcf3,pc080sn+0xEF40,"0x002 (PROVEN, all 854 BG single vocab)"
0x077B,586154c96d71,pc080sn+0xEF60,"0x002 (PROVEN, all 854 BG single vocab)"
0x077C,0a04c86db14b,pc080sn+0xEF80,"0x002 (PROVEN, all 854 BG single vocab)"
0x077D,331a796571cb,pc080sn+0xEFA0,"0x002 (PROVEN, all 854 BG single vocab)"
0x077E,dd0036aeeb78,pc080sn+0xEFC0,"0x002 (PROVEN, all 854 BG single vocab)"
0x077F,76cdd2285e6c,pc080sn+0xEFE0,"0x002 (PROVEN, all 854 BG single vocab)"
0x0780,af9e250244a0,pc080sn+0xF000,"0x002 (PROVEN, all 854 BG single vocab)"
0x0781,e9c9655ad435,pc080sn+0xF020,"0x002 (PROVEN, all 854 BG single vocab)"
0x0782,0082c22bed27,pc080sn+0xF040,"0x002 (PROVEN, all 854 BG single vocab)"
0x0783,8e0487f5372f,pc080sn+0xF060,"0x002 (PROVEN, all 854 BG single vocab)"
0x0784,11127fe1ed11,pc080sn+0xF080,"0x002 (PROVEN, all 854 BG single vocab)"
0x0785,416790be58e4,pc080sn+0xF0A0,"0x002 (PROVEN, all 854 BG single vocab)"
0x0786,13fe3fa4081b,pc080sn+0xF0C0,"0x002 (PROVEN, all 854 BG single vocab)"
0x0787,3700fdeb286f,pc080sn+0xF0E0,"0x002 (PROVEN, all 854 BG single vocab)"
0x0788,473fa2e3913a,pc080sn+0xF100,"0x002 (PROVEN, all 854 BG single vocab)"
0x0789,69457c9ce5c1,pc080sn+0xF120,"0x002 (PROVEN, all 854 BG single vocab)"
0x078A,f570c12aff86,pc080sn+0xF140,"0x002 (PROVEN, all 854 BG single vocab)"
0x078B,2db0777f043b,pc080sn+0xF160,"0x002 (PROVEN, all 854 BG single vocab)"
0x078C,32c29fedc22c,pc080sn+0xF180,"0x002 (PROVEN, all 854 BG single vocab)"
0x078D,688fb57415c9,pc080sn+0xF1A0,"0x002 (PROVEN, all 854 BG single vocab)"
0x078E,c702ecec5670,pc080sn+0xF1C0,"0x002 (PROVEN, all 854 BG single vocab)"
0x078F,695d5dff9145,pc080sn+0xF1E0,"0x002 (PROVEN, all 854 BG single vocab)"
0x0790,0a696a30756c,pc080sn+0xF200,"0x002 (PROVEN, all 854 BG single vocab)"
0x0791,2be7adaeb0e1,pc080sn+0xF220,"0x002 (PROVEN, all 854 BG single vocab)"
0x0792,8daae66910a6,pc080sn+0xF240,"0x002 (PROVEN, all 854 BG single vocab)"
0x0793,0bf0bd8add30,pc080sn+0xF260,"0x002 (PROVEN, all 854 BG single vocab)"
0x0794,6ac4acfd6512,pc080sn+0xF280,"0x002 (PROVEN, all 854 BG single vocab)"
0x0795,e1490f2fc30c,pc080sn+0xF2A0,"0x002 (PROVEN, all 854 BG single vocab)"
0x0796,b3c33b62bd86,pc080sn+0xF2C0,"0x002 (PROVEN, all 854 BG single vocab)"
0x0797,0b45a6b06da8,pc080sn+0xF2E0,"0x002 (PROVEN, all 854 BG single vocab)"
0x0798,b317dede10d7,pc080sn+0xF300,"0x002 (PROVEN, all 854 BG single vocab)"
0x0799,5b2ac8bbce4a,pc080sn+0xF320,"0x002 (PROVEN, all 854 BG single vocab)"
0x079A,27658aa06406,pc080sn+0xF340,"0x002 (PROVEN, all 854 BG single vocab)"
0x079B,1c7d42e22af3,pc080sn+0xF360,"0x002 (PROVEN, all 854 BG single vocab)"
0x079C,f55a500495b1,pc080sn+0xF380,"0x002 (PROVEN, all 854 BG single vocab)"
0x079D,3faea72f278f,pc080sn+0xF3A0,"0x002 (PROVEN, all 854 BG single vocab)"
0x079E,46dd82d472be,pc080sn+0xF3C0,"0x002 (PROVEN, all 854 BG single vocab)"
0x079F,996072804be9,pc080sn+0xF3E0,"0x002 (PROVEN, all 854 BG single vocab)"
0x07A0,f96707181413,pc080sn+0xF400,"0x002 (PROVEN, all 854 BG single vocab)"
0x07A1,420a158cdbd5,pc080sn+0xF420,"0x002 (PROVEN, all 854 BG single vocab)"
0x07A2,1f454eedea78,pc080sn+0xF440,"0x002 (PROVEN, all 854 BG single vocab)"
0x07A3,7b4185205d56,pc080sn+0xF460,"0x002 (PROVEN, all 854 BG single vocab)"
0x07A4,c94c91e3806c,pc080sn+0xF480,"0x002 (PROVEN, all 854 BG single vocab)"
0x07A5,6a855a808784,pc080sn+0xF4A0,"0x002 (PROVEN, all 854 BG single vocab)"
0x07A6,6f9d5f4175c4,pc080sn+0xF4C0,"0x002 (PROVEN, all 854 BG single vocab)"
0x07A7,089c9666e580,pc080sn+0xF4E0,"0x002 (PROVEN, all 854 BG single vocab)"
0x07A8,2bd5840d4540,pc080sn+0xF500,"0x002 (PROVEN, all 854 BG single vocab)"
0x07A9,12b48bdc4126,pc080sn+0xF520,"0x002 (PROVEN, all 854 BG single vocab)"
0x07AA,ebbfe5cf9826,pc080sn+0xF540,"0x002 (PROVEN, all 854 BG single vocab)"
0x07AB,4a5175d9a1e9,pc080sn+0xF560,"0x002 (PROVEN, all 854 BG single vocab)"
0x07AC,9567d30126bb,pc080sn+0xF580,"0x002 (PROVEN, all 854 BG single vocab)"
0x07AD,81cb2da19a2e,pc080sn+0xF5A0,"0x002 (PROVEN, all 854 BG single vocab)"
0x07AE,7713bad5fc07,pc080sn+0xF5C0,"0x002 (PROVEN, all 854 BG single vocab)"
0x07AF,c1efa373e9b7,pc080sn+0xF5E0,"0x002 (PROVEN, all 854 BG single vocab)"
0x07B0,3fd24e2fc9d3,pc080sn+0xF600,"0x002 (PROVEN, all 854 BG single vocab)"
0x07B1,079ea699a91f,pc080sn+0xF620,"0x002 (PROVEN, all 854 BG single vocab)"
0x07B2,a0cc46d97e88,pc080sn+0xF640,"0x002 (PROVEN, all 854 BG single vocab)"
0x07B3,67f60054e96a,pc080sn+0xF660,"0x002 (PROVEN, all 854 BG single vocab)"
0x07B4,5f245e1c7d72,pc080sn+0xF680,"0x002 (PROVEN, all 854 BG single vocab)"
0x07B5,dad53c51c2b2,pc080sn+0xF6A0,"0x002 (PROVEN, all 854 BG single vocab)"
0x07B6,a86c7fc88c8a,pc080sn+0xF6C0,"0x002 (PROVEN, all 854 BG single vocab)"
0x07B7,5c8c3ffc3c94,pc080sn+0xF6E0,"0x002 (PROVEN, all 854 BG single vocab)"
0x07B8,04f36771efaf,pc080sn+0xF700,"0x002 (PROVEN, all 854 BG single vocab)"
0x07B9,041968cce8dd,pc080sn+0xF720,"0x002 (PROVEN, all 854 BG single vocab)"
0x07BA,85c174062864,pc080sn+0xF740,"0x002 (PROVEN, all 854 BG single vocab)"
0x07BB,42ac7ac2d67b,pc080sn+0xF760,"0x002 (PROVEN, all 854 BG single vocab)"
0x07BC,c298c47555d4,pc080sn+0xF780,"0x002 (PROVEN, all 854 BG single vocab)"
0x07BD,79ab904f8893,pc080sn+0xF7A0,"0x002 (PROVEN, all 854 BG single vocab)"
0x07BE,ca0e7915367c,pc080sn+0xF7C0,"0x002 (PROVEN, all 854 BG single vocab)"
0x07BF,fa5ed58b166b,pc080sn+0xF7E0,"0x002 (PROVEN, all 854 BG single vocab)"
0x07C0,ea02f1adc854,pc080sn+0xF800,"0x002 (PROVEN, all 854 BG single vocab)"
0x07C1,ac6d8282a8f6,pc080sn+0xF820,"0x002 (PROVEN, all 854 BG single vocab)"
0x07C2,32160794ac3d,pc080sn+0xF840,"0x002 (PROVEN, all 854 BG single vocab)"
0x07C3,ac298b8aef6f,pc080sn+0xF860,"0x002 (PROVEN, all 854 BG single vocab)"
0x07C4,585d5d6a69b3,pc080sn+0xF880,"0x002 (PROVEN, all 854 BG single vocab)"
0x07C5,4defbe8d6799,pc080sn+0xF8A0,"0x002 (PROVEN, all 854 BG single vocab)"
0x07C6,d3cf27a4ede6,pc080sn+0xF8C0,"0x002 (PROVEN, all 854 BG single vocab)"
0x07C7,c8c03209eaa2,pc080sn+0xF8E0,"0x002 (PROVEN, all 854 BG single vocab)"
0x07C8,55dcb5a326d4,pc080sn+0xF900,"0x002 (PROVEN, all 854 BG single vocab)"
0x07C9,462f70b39fa0,pc080sn+0xF920,"0x002 (PROVEN, all 854 BG single vocab)"
0x07CA,35a5dc09870b,pc080sn+0xF940,"0x002 (PROVEN, all 854 BG single vocab)"
0x07CB,f9b13efb2d64,pc080sn+0xF960,"0x002 (PROVEN, all 854 BG single vocab)"
0x07CC,07ccf18062bc,pc080sn+0xF980,"0x002 (PROVEN, all 854 BG single vocab)"
0x07CD,47d62403a695,pc080sn+0xF9A0,"0x002 (PROVEN, all 854 BG single vocab)"
0x07CE,3399a3ce6480,pc080sn+0xF9C0,"0x002 (PROVEN, all 854 BG single vocab)"
0x07CF,43dc8ca1006f,pc080sn+0xF9E0,"0x002 (PROVEN, all 854 BG single vocab)"
0x07D0,b7a4cb058b22,pc080sn+0xFA00,"0x002 (PROVEN, all 854 BG single vocab)"
0x07D1,4b88cf681fa8,pc080sn+0xFA20,"0x002 (PROVEN, all 854 BG single vocab)"
0x07D2,e7a1d271ae9c,pc080sn+0xFA40,"0x002 (PROVEN, all 854 BG single vocab)"
0x07D3,ed42bea20270,pc080sn+0xFA60,"0x002 (PROVEN, all 854 BG single vocab)"
0x07D4,0ac8449cc3e6,pc080sn+0xFA80,"0x002 (PROVEN, all 854 BG single vocab)"
0x07D5,1b313aeb8785,pc080sn+0xFAA0,"0x002 (PROVEN, all 854 BG single vocab)"
0x07D6,3d6ff8bb5e30,pc080sn+0xFAC0,"0x002 (PROVEN, all 854 BG single vocab)"
0x07D7,63481ac439c6,pc080sn+0xFAE0,"0x002 (PROVEN, all 854 BG single vocab)"
0x07D8,877ec6f2525c,pc080sn+0xFB00,"0x002 (PROVEN, all 854 BG single vocab)"
0x07D9,e26b9e3c5d65,pc080sn+0xFB20,"0x002 (PROVEN, all 854 BG single vocab)"
0x07DA,f4c4267f9bff,pc080sn+0xFB40,"0x002 (PROVEN, all 854 BG single vocab)"
0x07DB,eb5569c1a00d,pc080sn+0xFB60,"0x002 (PROVEN, all 854 BG single vocab)"
0x07DC,7dd0280acd1f,pc080sn+0xFB80,"0x002 (PROVEN, all 854 BG single vocab)"
0x07DD,d9050f526fec,pc080sn+0xFBA0,"0x002 (PROVEN, all 854 BG single vocab)"
0x07DE,f063701eeb4d,pc080sn+0xFBC0,"0x002 (PROVEN, all 854 BG single vocab)"
0x07DF,323b191ae0c1,pc080sn+0xFBE0,"0x002 (PROVEN, all 854 BG single vocab)"
0x07E0,4c06d39e5fc6,pc080sn+0xFC00,"0x002 (PROVEN, all 854 BG single vocab)"
0x07E1,12880b46a1c4,pc080sn+0xFC20,"0x002 (PROVEN, all 854 BG single vocab)"
0x07E2,a6dd2ccfada8,pc080sn+0xFC40,"0x002 (PROVEN, all 854 BG single vocab)"
0x07E3,62859a936ee8,pc080sn+0xFC60,"0x002 (PROVEN, all 854 BG single vocab)"
0x07E4,3f10e06067c9,pc080sn+0xFC80,"0x002 (PROVEN, all 854 BG single vocab)"
0x07E5,5e16de20c61c,pc080sn+0xFCA0,"0x002 (PROVEN, all 854 BG single vocab)"
0x07E6,5cf6e7ed244a,pc080sn+0xFCC0,"0x002 (PROVEN, all 854 BG single vocab)"
0x07E7,2425b7056041,pc080sn+0xFCE0,"0x002 (PROVEN, all 854 BG single vocab)"
0x07E8,6858ea2d3db5,pc080sn+0xFD00,"0x002 (PROVEN, all 854 BG single vocab)"
0x07E9,97a92885d924,pc080sn+0xFD20,"0x002 (PROVEN, all 854 BG single vocab)"
0x07EA,dfac0d31633a,pc080sn+0xFD40,"0x002 (PROVEN, all 854 BG single vocab)"
0x07EB,794e4aeed45c,pc080sn+0xFD60,"0x002 (PROVEN, all 854 BG single vocab)"
0x07EC,940c5f4e1516,pc080sn+0xFD80,"0x002 (PROVEN, all 854 BG single vocab)"
0x07ED,44f5e32f794d,pc080sn+0xFDA0,"0x002 (PROVEN, all 854 BG single vocab)"
0x07EE,7eb62bbf10ef,pc080sn+0xFDC0,"0x002 (PROVEN, all 854 BG single vocab)"
0x07EF,6e6786153572,pc080sn+0xFDE0,"0x002 (PROVEN, all 854 BG single vocab)"
0x07F0,dc452a77547b,pc080sn+0xFE00,"0x002 (PROVEN, all 854 BG single vocab)"
0x07F1,1b84a653b13c,pc080sn+0xFE20,"0x002 (PROVEN, all 854 BG single vocab)"
0x07F2,05d61df023fa,pc080sn+0xFE40,"0x002 (PROVEN, all 854 BG single vocab)"
0x07F3,fa25bca5eaed,pc080sn+0xFE60,"0x002 (PROVEN, all 854 BG single vocab)"
0x07F4,d08638d983dc,pc080sn+0xFE80,"0x002 (PROVEN, all 854 BG single vocab)"
0x07F5,c069704a6e54,pc080sn+0xFEA0,"0x002 (PROVEN, all 854 BG single vocab)"
0x07F6,f41108690f70,pc080sn+0xFEC0,"0x002 (PROVEN, all 854 BG single vocab)"
0x07F7,51498041145b,pc080sn+0xFEE0,"0x002 (PROVEN, all 854 BG single vocab)"
0x07F8,51f1068a5154,pc080sn+0xFF00,"0x002 (PROVEN, all 854 BG single vocab)"
0x07F9,f2f60e496f3f,pc080sn+0xFF20,"0x002 (PROVEN, all 854 BG single vocab)"
0x07FA,06c37c8cadc5,pc080sn+0xFF40,"0x002 (PROVEN, all 854 BG single vocab)"
0x07FB,caf5caa5f593,pc080sn+0xFF60,"0x002 (PROVEN, all 854 BG single vocab)"
