arcade_code,physical_hash,rom_offset,palette_banks
0x0020,de8a847bff8c,pc080sn+0x400,0x003
0x0070,a7d2af7c900f,pc080sn+0xE00,0x004;0x007
0x0071,6d331b73e77b,pc080sn+0xE20,0x004;0x007
0x0072,7bfc95c8f54f,pc080sn+0xE40,0x004;0x007
0x0073,d77925883289,pc080sn+0xE60,0x004;0x007
0x0074,c62e36487b76,pc080sn+0xE80,0x004;0x007
0x0075,ace84498d1d4,pc080sn+0xEA0,0x004;0x007
0x0076,e62e91ed05d9,pc080sn+0xEC0,0x004;0x007
0x0077,7548d7e509f6,pc080sn+0xEE0,0x004;0x007
0x0078,f9d08eebdf07,pc080sn+0xF00,0x004;0x007
0x0079,b4ea6a8c14af,pc080sn+0xF20,0x004;0x007
0x007A,f78a9f928e25,pc080sn+0xF40,0x004;0x007
0x007B,5f317f083b71,pc080sn+0xF60,0x004;0x007
0x007C,d3c2c61e460e,pc080sn+0xF80,0x004;0x007
0x007D,2c2b4a920ee0,pc080sn+0xFA0,0x004;0x007
0x007E,9fec37d76fb8,pc080sn+0xFC0,0x004;0x007
0x007F,74ca2cec56e7,pc080sn+0xFE0,0x004;0x007
0x0080,d52f077a9093,pc080sn+0x1000,0x004
0x0081,12ad00d4f4b0,pc080sn+0x1020,0x004
0x0082,1cb64233e381,pc080sn+0x1040,0x004
0x0083,4e3741871667,pc080sn+0x1060,0x004
0x0084,568a9e7b50e5,pc080sn+0x1080,0x004
0x0085,5940dadf5d75,pc080sn+0x10A0,0x004
0x0086,100c3ba9b3dd,pc080sn+0x10C0,0x004
0x0087,4bd5493fc534,pc080sn+0x10E0,0x004
0x0088,4ca23113e3c5,pc080sn+0x1100,0x004
0x0089,9d9bae6e46a4,pc080sn+0x1120,0x004
0x008A,313237b16dfb,pc080sn+0x1140,0x004
0x008B,df2c8a6054c8,pc080sn+0x1160,0x004
0x008C,d24a99950286,pc080sn+0x1180,0x004
0x008D,29a3f68be2de,pc080sn+0x11A0,0x004
0x008E,c550a3865835,pc080sn+0x11C0,0x004
0x008F,0975d2eb2d6e,pc080sn+0x11E0,0x004
0x0091,13ef5dd5d0d0,pc080sn+0x1220,0x004
0x0092,1122d91dc699,pc080sn+0x1240,0x004
0x0093,1604b929eb73,pc080sn+0x1260,0x004
0x0095,27c21a3cda19,pc080sn+0x12A0,0x004
0x0096,c29edf2fbb0f,pc080sn+0x12C0,0x004;0x01A
0x0097,05ef351a8554,pc080sn+0x12E0,0x004;0x01A
0x0098,989ea4e87d89,pc080sn+0x1300,0x004
0x0099,850e3574afad,pc080sn+0x1320,0x004;0x01A
0x009A,9f68f3788bba,pc080sn+0x1340,0x01A
0x009B,5d46f607059e,pc080sn+0x1360,0x01A
0x009C,0b09af1e84c7,pc080sn+0x1380,0x004;0x01A
0x009D,0dfe10589c18,pc080sn+0x13A0,0x004;0x01A
0x009E,13e586b17463,pc080sn+0x13C0,0x01A
0x009F,5531cff5c634,pc080sn+0x13E0,0x01A
0x00A5,d9e82f9948c4,pc080sn+0x14A0,0x01A
0x00A7,c1ce49401d64,pc080sn+0x14E0,0x01A
0x00AD,de8a847bff8c,pc080sn+0x15A0,0x003;0x004;0x017;0x018
0x00AE,f12f7698a75f,pc080sn+0x15C0,0x004
0x00AF,36e53120b681,pc080sn+0x15E0,0x004
0x00B0,4c9166973d0b,pc080sn+0x1600,0x004
0x00B1,acbd736bfadd,pc080sn+0x1620,0x004
0x00B2,e5f0937d2a64,pc080sn+0x1640,0x004
0x00B3,b6fabf10e01a,pc080sn+0x1660,0x004
0x00B4,ecc6b55a18b2,pc080sn+0x1680,0x004
0x00B5,5454b90223d4,pc080sn+0x16A0,0x004
0x00B6,53ca8704b0d4,pc080sn+0x16C0,0x004
0x00B7,60dc7629acd1,pc080sn+0x16E0,0x004
0x00B8,6cace2ed34db,pc080sn+0x1700,0x004
0x00B9,133f19d73ee2,pc080sn+0x1720,0x004
0x00BA,184ce902cd83,pc080sn+0x1740,0x004
0x00BB,8a79dbb12d57,pc080sn+0x1760,0x004
0x00BC,bb865b86a8c6,pc080sn+0x1780,0x004
0x00BD,5b20a81123f0,pc080sn+0x17A0,0x003;0x018
0x00BE,92271e3df8ed,pc080sn+0x17C0,0x003;0x018
0x00BF,b326688b4561,pc080sn+0x17E0,0x003
0x00C0,8bade15a854f,pc080sn+0x1800,0x003
0x00C1,3b60a461f1fd,pc080sn+0x1820,0x003;0x018
0x00C2,b11e932b43c6,pc080sn+0x1840,0x003;0x018
0x00C3,9cb4b884c0b7,pc080sn+0x1860,0x003;0x018
0x00C4,1bc7a0cbf7c9,pc080sn+0x1880,0x003
0x00C5,082e5364243e,pc080sn+0x18A0,0x003;0x018
0x00C6,aa33fe51eafd,pc080sn+0x18C0,0x003;0x018
0x00C7,b021826ae510,pc080sn+0x18E0,0x003;0x018
0x00C8,07931e92d12b,pc080sn+0x1900,0x003
0x00C9,dcd46cf8e2e2,pc080sn+0x1920,0x003;0x018
0x00CA,f58f156cd09f,pc080sn+0x1940,0x003
0x00CB,8ff4f33af09a,pc080sn+0x1960,0x003
0x00CC,ebc132e379e3,pc080sn+0x1980,0x003
0x00CD,1b7f9021e921,pc080sn+0x19A0,0x003
0x00CE,82938b752b9f,pc080sn+0x19C0,0x003
0x00CF,51a628d9bb79,pc080sn+0x19E0,0x003
0x00D0,19b215049216,pc080sn+0x1A00,0x003
0x00D1,49f40fbd927c,pc080sn+0x1A20,0x003
0x00D2,4e9167a404e9,pc080sn+0x1A40,0x003
0x00D3,07ea74226ae2,pc080sn+0x1A60,0x003
0x00D4,e304ebd49fc4,pc080sn+0x1A80,0x003;0x018
0x00D5,cff862f10a89,pc080sn+0x1AA0,0x003;0x018
0x00D6,d47fbf19a403,pc080sn+0x1AC0,0x003;0x018
0x00D7,00a2829c7df9,pc080sn+0x1AE0,0x003
0x00D8,5f562882bd6d,pc080sn+0x1B00,0x003;0x018
0x00D9,ece6dca60550,pc080sn+0x1B20,0x003;0x018
0x00DA,7757bcf15198,pc080sn+0x1B40,0x003;0x018
0x00DB,4b7fc883176d,pc080sn+0x1B60,0x003
0x00DC,f8d6c9c98787,pc080sn+0x1B80,0x003;0x018
0x00DD,331c41fb5770,pc080sn+0x1BA0,0x003;0x018
0x00DE,700ef183c306,pc080sn+0x1BC0,0x003
0x00DF,483845d54f75,pc080sn+0x1BE0,0x003
0x00E0,c8d60ac658f0,pc080sn+0x1C00,0x003
0x00E1,4dd013fe84d7,pc080sn+0x1C20,0x003
0x00E2,7c6e4dd28a21,pc080sn+0x1C40,0x003
0x00E3,e9a351261253,pc080sn+0x1C60,0x003
0x00E4,22bf2773ccc0,pc080sn+0x1C80,0x003
0x00E5,9658dbfd0756,pc080sn+0x1CA0,0x003
0x00E6,de704a0c7c27,pc080sn+0x1CC0,0x003
0x00E7,7b1c87c4938d,pc080sn+0x1CE0,0x003
0x00E8,ab312e579d6e,pc080sn+0x1D00,0x003
0x00E9,0801f6b7fa2d,pc080sn+0x1D20,0x003
0x00EA,4330de990523,pc080sn+0x1D40,0x003
0x00EB,b82e6d9d7e27,pc080sn+0x1D60,0x003
0x00EC,f4a2db45c892,pc080sn+0x1D80,0x003
0x00ED,8ef323e65673,pc080sn+0x1DA0,0x003
0x00EE,5777cf01f166,pc080sn+0x1DC0,0x003
0x00EF,1e8a3604df16,pc080sn+0x1DE0,0x003
0x00F0,390e43d2d7f0,pc080sn+0x1E00,0x003
0x00F1,c3bd81d514bd,pc080sn+0x1E20,0x003
0x00F2,173f2d01efa4,pc080sn+0x1E40,0x003
0x00F3,db01a422add2,pc080sn+0x1E60,0x003
0x00F4,edc5628ad1c8,pc080sn+0x1E80,0x003
0x00F5,0a5478510366,pc080sn+0x1EA0,0x003
0x00F6,a541335e742a,pc080sn+0x1EC0,0x003
0x00F7,428f09e9417e,pc080sn+0x1EE0,0x003
0x00F8,d8efe8234727,pc080sn+0x1F00,0x003
0x00F9,9216433e5b32,pc080sn+0x1F20,0x003
0x00FA,569d5c8fe1cb,pc080sn+0x1F40,0x003
0x00FB,b9278b138b7b,pc080sn+0x1F60,0x003
0x00FC,f8838455e59f,pc080sn+0x1F80,0x003
0x00FD,fab85259c1bd,pc080sn+0x1FA0,0x003
0x00FE,217e93375787,pc080sn+0x1FC0,0x003
0x00FF,0ea2a326c35f,pc080sn+0x1FE0,0x003
0x0100,eec7ec1b5474,pc080sn+0x2000,0x003
0x0101,902d77c299b4,pc080sn+0x2020,0x003
0x0102,e7ad4ab00029,pc080sn+0x2040,0x003
0x0103,c355848b6bdf,pc080sn+0x2060,0x003
0x0104,39b9f9bd3cf3,pc080sn+0x2080,0x003;0x005
0x0105,36903b701c66,pc080sn+0x20A0,0x003
0x0106,0d37681dba67,pc080sn+0x20C0,0x003
0x0107,e06e5755179c,pc080sn+0x20E0,0x003;0x005
0x0108,45f581e02732,pc080sn+0x2100,0x003
0x0109,f740fbc85ffd,pc080sn+0x2120,0x003
0x010A,37ba7558b3d6,pc080sn+0x2140,0x003
0x010B,2992c66397d9,pc080sn+0x2160,0x003;0x018
0x010C,c6c29cbffd57,pc080sn+0x2180,0x003
0x010D,c03589a78bfa,pc080sn+0x21A0,0x003;0x018
0x010E,f2d74cf8f819,pc080sn+0x21C0,0x003;0x018
0x010F,47ade75a6c03,pc080sn+0x21E0,0x003;0x018
0x0110,53b90a35e18f,pc080sn+0x2200,0x003;0x005
0x0111,f819ce3dcf6f,pc080sn+0x2220,0x003
0x0112,a9a3ee926156,pc080sn+0x2240,0x003
0x0113,47ffe2e34061,pc080sn+0x2260,0x003;0x005
0x0114,d2a663651c18,pc080sn+0x2280,0x003;0x005
0x0115,ee2ad70b0bd8,pc080sn+0x22A0,0x003
0x0116,0093b646e942,pc080sn+0x22C0,0x003
0x0117,f5fc062f908b,pc080sn+0x22E0,0x003;0x005
0x0118,9d74d742d44c,pc080sn+0x2300,0x003;0x005
0x0119,bab4bf39cd59,pc080sn+0x2320,0x003
0x011A,3e1127f3705a,pc080sn+0x2340,0x003
0x011B,ce451bf9a57a,pc080sn+0x2360,0x003;0x005
0x011C,e09c4c4220de,pc080sn+0x2380,0x003;0x005
0x011D,e6dc76bbae7c,pc080sn+0x23A0,0x003
0x011E,a32f373c7ee5,pc080sn+0x23C0,0x003
0x011F,830bf6126012,pc080sn+0x23E0,0x003
0x0120,916a40a967dd,pc080sn+0x2400,0x003
0x0121,5f8da3a22404,pc080sn+0x2420,0x003
0x0122,d6ffd0b84257,pc080sn+0x2440,0x003
0x0123,a254b0fe4118,pc080sn+0x2460,0x003
0x0124,3dc4ffeede0c,pc080sn+0x2480,0x003
0x0125,9a333fb9da35,pc080sn+0x24A0,0x003
0x0126,3d9fac33f859,pc080sn+0x24C0,0x003
0x0127,2df57a3094b4,pc080sn+0x24E0,0x003
0x0128,e60cb44a0e07,pc080sn+0x2500,0x003
0x0129,e7bb39721a95,pc080sn+0x2520,0x003
0x012A,b6bf4428cbda,pc080sn+0x2540,0x003
0x012B,db8a58b12339,pc080sn+0x2560,0x003
0x012C,2ea06a476c80,pc080sn+0x2580,0x003
0x012D,f841ba540c71,pc080sn+0x25A0,0x003
0x012E,b19179debfd8,pc080sn+0x25C0,0x003
0x012F,d2bcef609b05,pc080sn+0x25E0,0x003
0x0130,4dc3c830d310,pc080sn+0x2600,0x003
0x0131,ef8441e14c03,pc080sn+0x2620,0x003
0x0132,b5fd04f6ee81,pc080sn+0x2640,0x003;0x005
0x0133,6fa2bd579c77,pc080sn+0x2660,0x003
0x0134,3d8c3d1467a2,pc080sn+0x2680,0x003
0x0135,fa8e433d86e8,pc080sn+0x26A0,0x003
0x0136,fce6b9083fca,pc080sn+0x26C0,0x003
0x0137,e5a5339ec959,pc080sn+0x26E0,0x003
0x0138,1831662650ff,pc080sn+0x2700,0x003
0x0139,75ccbecdf05a,pc080sn+0x2720,0x003
0x013A,03a3aab425d5,pc080sn+0x2740,0x003
0x013B,c9a40bf90bdc,pc080sn+0x2760,0x003
0x013C,8017060bd85c,pc080sn+0x2780,0x003
0x013D,5f799eb4f29b,pc080sn+0x27A0,0x003
0x013E,526d3a8468ef,pc080sn+0x27C0,0x003
0x013F,7fab19f54e67,pc080sn+0x27E0,0x003
0x0140,d24e9896ca00,pc080sn+0x2800,0x003
0x0141,190df198283c,pc080sn+0x2820,0x003
0x0142,c4511bc7b867,pc080sn+0x2840,0x003
0x0143,d211ab28192c,pc080sn+0x2860,0x003
0x0144,6a5cf8cfed1f,pc080sn+0x2880,0x003
0x0145,e852ef5c63e2,pc080sn+0x28A0,0x003
0x0146,ff509dcb365f,pc080sn+0x28C0,0x003
0x0147,8b75a94e0c93,pc080sn+0x28E0,0x003
0x0148,aabee48b2ffa,pc080sn+0x2900,0x003
0x0149,f4163f601c21,pc080sn+0x2920,0x003
0x014A,568b9f60910a,pc080sn+0x2940,0x003
0x014B,96632f82b73a,pc080sn+0x2960,0x003
0x014C,d61925d01176,pc080sn+0x2980,0x003;0x005
0x014D,8888c08524c2,pc080sn+0x29A0,0x003
0x014E,ff2c310cfb25,pc080sn+0x29C0,0x003
0x014F,77fef4e0f1b5,pc080sn+0x29E0,0x003
0x0150,27906f30a898,pc080sn+0x2A00,0x003;0x005
0x0151,bd073a068d1d,pc080sn+0x2A20,0x003
0x0152,f3ff898ba362,pc080sn+0x2A40,0x003
0x0153,efc9937cc71a,pc080sn+0x2A60,0x003
0x0154,441a455db2af,pc080sn+0x2A80,0x003
0x0155,8022da873872,pc080sn+0x2AA0,0x003
0x0156,e499d5114842,pc080sn+0x2AC0,0x003
0x0157,757762248b2b,pc080sn+0x2AE0,0x003
0x0158,34809197fbab,pc080sn+0x2B00,0x003
0x0159,1643d09a800e,pc080sn+0x2B20,0x003
0x015A,a63840a98e50,pc080sn+0x2B40,0x003
0x015B,2af48072c9d8,pc080sn+0x2B60,0x003
0x015C,3c665010b113,pc080sn+0x2B80,0x003
0x015D,3fd6f253fdec,pc080sn+0x2BA0,0x003
0x015E,a734d4b3087c,pc080sn+0x2BC0,0x003
0x015F,359c2dba5bdc,pc080sn+0x2BE0,0x003
0x0160,6737347a7599,pc080sn+0x2C00,0x003
0x0161,bef13798b53b,pc080sn+0x2C20,0x003
0x0162,fc150f1e0858,pc080sn+0x2C40,0x003
0x0163,a5895a029c2b,pc080sn+0x2C60,0x003
0x0164,f0414d9545fa,pc080sn+0x2C80,0x003;0x005
0x0165,ad126a7dd94b,pc080sn+0x2CA0,0x003;0x005
0x0166,b90ad2649e16,pc080sn+0x2CC0,0x003
0x0167,bbeae7452274,pc080sn+0x2CE0,0x003;0x005
0x0168,7320344916b5,pc080sn+0x2D00,0x003;0x005
0x0169,0efffb7c581d,pc080sn+0x2D20,0x003
0x016A,bf825d17a478,pc080sn+0x2D40,0x003
0x016B,b23d2cb8a7d0,pc080sn+0x2D60,0x003;0x005
0x016C,73e60c878949,pc080sn+0x2D80,0x003;0x005
0x016D,c090df8866b2,pc080sn+0x2DA0,0x003;0x005
0x016E,8a3149094159,pc080sn+0x2DC0,0x003
0x016F,f7946eea6cba,pc080sn+0x2DE0,0x003;0x005
0x0170,3856b8f72ce3,pc080sn+0x2E00,0x003;0x005
0x0171,273180fd1daf,pc080sn+0x2E20,0x003;0x005
0x0172,1635d0b0009b,pc080sn+0x2E40,0x003
0x0173,edf9faff49ae,pc080sn+0x2E60,0x003;0x005
0x017B,46674c915e35,pc080sn+0x2F60,0x003
0x017E,de363ba22254,pc080sn+0x2FC0,0x003
0x017F,85b6949fd8c9,pc080sn+0x2FE0,0x003
0x018C,232ab981926a,pc080sn+0x3180,0x003
0x0196,f44fc621a298,pc080sn+0x32C0,0x003
0x019B,13145fa8b84d,pc080sn+0x3360,0x003;0x005
0x019C,6640c9598730,pc080sn+0x3380,0x003;0x005
0x019D,04b6434bd21f,pc080sn+0x33A0,0x003;0x005
0x019E,b2ccc1f8b3b2,pc080sn+0x33C0,0x003;0x005
0x019F,9d9ec536878c,pc080sn+0x33E0,0x003;0x005
0x01A0,e81f1e82f67f,pc080sn+0x3400,0x003;0x005
0x01A1,6c36efb9752c,pc080sn+0x3420,0x003;0x005
0x01A2,161dfd031cbf,pc080sn+0x3440,0x003;0x005
0x01A3,31d33b701ea8,pc080sn+0x3460,0x003;0x005
0x01A4,4931f2e78cdf,pc080sn+0x3480,0x003;0x005
0x01A5,2fc826cce9c9,pc080sn+0x34A0,0x003;0x005
0x01A6,6c693fce7c70,pc080sn+0x34C0,0x003;0x005
0x01A7,a078f25b4af4,pc080sn+0x34E0,0x003;0x005
0x01A8,b4cb9e97fb61,pc080sn+0x3500,0x003
0x01A9,f2ff61f577b1,pc080sn+0x3520,0x003
0x01AA,bfd892d87fc3,pc080sn+0x3540,0x003
0x01AB,0ab351ef4f84,pc080sn+0x3560,0x003
0x01AC,1a9a4f509b97,pc080sn+0x3580,0x003
0x01AD,3fb491687713,pc080sn+0x35A0,0x003
0x01AE,eed2718254cb,pc080sn+0x35C0,0x003
0x01AF,a1fc10bd9724,pc080sn+0x35E0,0x003
0x01B0,17f0144fe2e0,pc080sn+0x3600,0x003
0x01B1,0fde238dfec2,pc080sn+0x3620,0x003
0x01B2,8ff32173e14e,pc080sn+0x3640,0x003
0x01B3,63ae1d6762c7,pc080sn+0x3660,0x003
0x01B4,2bba8492c40c,pc080sn+0x3680,0x003
0x01B5,ca106e59f9b4,pc080sn+0x36A0,0x003
0x01B6,7ec59dbd5675,pc080sn+0x36C0,0x003
0x01B7,c293315871ae,pc080sn+0x36E0,0x003
0x01B8,72f9a042fe77,pc080sn+0x3700,0x003
0x01B9,a7b432ea129d,pc080sn+0x3720,0x003
0x01BA,366d09d30bc3,pc080sn+0x3740,0x003
0x01BB,3d5cfb15d96d,pc080sn+0x3760,0x003
0x01BC,ae1f04e7439b,pc080sn+0x3780,0x003
0x01BD,6749f55fae28,pc080sn+0x37A0,0x003
0x01BE,cc5d02b85f16,pc080sn+0x37C0,0x003
0x01BF,f606657c1fa3,pc080sn+0x37E0,0x003
0x01C0,5cb79352abb3,pc080sn+0x3800,0x003
0x01C1,8b502079ab30,pc080sn+0x3820,0x003
0x01C2,e94b4940c471,pc080sn+0x3840,0x003
0x01C3,6c5a2c7699e5,pc080sn+0x3860,0x003
0x01C4,479cee22b9d3,pc080sn+0x3880,0x003
0x01C5,9b6cda95d957,pc080sn+0x38A0,0x003
0x01C6,bfb45bb67d2a,pc080sn+0x38C0,0x003
0x01C7,e3eec2c02ed5,pc080sn+0x38E0,0x003
0x01C8,dba3b256cbfc,pc080sn+0x3900,0x003
0x01C9,b332156bce48,pc080sn+0x3920,0x003
0x01CA,a78613d7920e,pc080sn+0x3940,0x003
0x01CB,688707348f76,pc080sn+0x3960,0x003
0x01CC,4719f6a9010e,pc080sn+0x3980,0x003
0x01CD,ea8bae2d3597,pc080sn+0x39A0,0x003
0x01CE,5ac8d4c49d83,pc080sn+0x39C0,0x003
0x01CF,4fe73f58ff45,pc080sn+0x39E0,0x003
0x01D0,8f9dca735256,pc080sn+0x3A00,0x003
0x01D1,d564b40cd16d,pc080sn+0x3A20,0x003
0x01D2,547688412aeb,pc080sn+0x3A40,0x003
0x01D3,5eb9d0742685,pc080sn+0x3A60,0x003
0x01D4,9c4c779ffe3a,pc080sn+0x3A80,0x003
0x01D5,2098eab61f30,pc080sn+0x3AA0,0x003
0x01D6,c8d153e710f4,pc080sn+0x3AC0,0x003
0x01D7,1939c9e2e999,pc080sn+0x3AE0,0x003
0x01D8,454440c24214,pc080sn+0x3B00,0x003
0x01D9,68a4455485bc,pc080sn+0x3B20,0x003
0x01DA,af9dfcc168be,pc080sn+0x3B40,0x003
0x01DB,16eed611e4f9,pc080sn+0x3B60,0x003
0x01DC,e9ebdb30226c,pc080sn+0x3B80,0x003
0x01DD,7c0fd19907ab,pc080sn+0x3BA0,0x003
0x01DE,b8a6137b0532,pc080sn+0x3BC0,0x003
0x01DF,509d1e1b3d0a,pc080sn+0x3BE0,0x003
0x01E0,533b7f0313fe,pc080sn+0x3C00,0x003
0x01E1,331ab94d3e88,pc080sn+0x3C20,0x003
0x01E2,dc66296e4470,pc080sn+0x3C40,0x003
0x01E3,68c81463bb5a,pc080sn+0x3C60,0x003
0x01E4,10fac566e06a,pc080sn+0x3C80,0x003
0x01E5,1c2e01337333,pc080sn+0x3CA0,0x003
0x01E6,4d209c068e50,pc080sn+0x3CC0,0x003
0x01E7,7a69534e7767,pc080sn+0x3CE0,0x003
0x01E8,ef157137b2ad,pc080sn+0x3D00,0x003
0x01E9,ccdf712d32fd,pc080sn+0x3D20,0x003
0x01EA,62a028fc08cd,pc080sn+0x3D40,0x003
0x01EB,679c581ddcd9,pc080sn+0x3D60,0x003
0x01EC,c2beb6217db8,pc080sn+0x3D80,0x003
0x01ED,fb977f13f621,pc080sn+0x3DA0,0x003
0x01EE,2902c1bff843,pc080sn+0x3DC0,0x003
0x01EF,748f612e2c7f,pc080sn+0x3DE0,0x003
0x01F0,4887259d09a8,pc080sn+0x3E00,0x003
0x01F1,9b4512429b14,pc080sn+0x3E20,0x003
0x01F2,a7f909a232fb,pc080sn+0x3E40,0x003
0x01F3,70633dc278f0,pc080sn+0x3E60,0x003
0x01F4,fd6f894d405d,pc080sn+0x3E80,0x003
0x01F5,d4fab59bed4c,pc080sn+0x3EA0,0x003
0x01F6,a292e3c43a47,pc080sn+0x3EC0,0x003
0x01F7,b65f0eec0039,pc080sn+0x3EE0,0x003
0x01F8,3505b41e1094,pc080sn+0x3F00,0x003
0x01F9,8f067e4954ee,pc080sn+0x3F20,0x003
0x01FA,3b4a349aa25b,pc080sn+0x3F40,0x003
0x01FB,2d18e982d1d2,pc080sn+0x3F60,0x003
0x01FC,54114fef2303,pc080sn+0x3F80,0x003
0x01FD,f1b2a2303d2d,pc080sn+0x3FA0,0x003
0x01FE,63e4e23101bb,pc080sn+0x3FC0,0x003
0x01FF,f6af2e152236,pc080sn+0x3FE0,0x003
0x0200,36f0a25e63cb,pc080sn+0x4000,0x003
0x0201,d1a052db5513,pc080sn+0x4020,0x003
0x0202,eaa5e39de14c,pc080sn+0x4040,0x003
0x0203,18ac63857ba3,pc080sn+0x4060,0x003
0x0204,7060bf2413dc,pc080sn+0x4080,0x003
0x0205,d14d44706210,pc080sn+0x40A0,0x003
0x0206,bfd86df0912f,pc080sn+0x40C0,0x003
0x0207,dc00b46a9c28,pc080sn+0x40E0,0x003
0x0208,1e42db1abb4a,pc080sn+0x4100,0x003
0x0209,1b87e56ffa48,pc080sn+0x4120,0x003
0x0219,2e1c630cf5cf,pc080sn+0x4320,0x003
0x021A,bf88469f2cb1,pc080sn+0x4340,0x003
0x021B,0b19765f6286,pc080sn+0x4360,0x003
0x021C,7c899262f493,pc080sn+0x4380,0x003
0x021D,beb8b8c22e7d,pc080sn+0x43A0,0x003
0x021E,0a44570f48e7,pc080sn+0x43C0,0x003
0x021F,7907c307d4dd,pc080sn+0x43E0,0x003
0x0220,b62911aa6606,pc080sn+0x4400,0x003
0x0221,7c4e1d4304c5,pc080sn+0x4420,0x003
0x0222,3a261afa4188,pc080sn+0x4440,0x003
0x0223,5fceacc6d17f,pc080sn+0x4460,0x003
0x0224,f9833a40e393,pc080sn+0x4480,0x003
0x0225,4e17c98a1423,pc080sn+0x44A0,0x003
0x0226,75eaf4b3b5f8,pc080sn+0x44C0,0x003
0x0227,ab5e131027c4,pc080sn+0x44E0,0x003
0x0228,77f8eca4b641,pc080sn+0x4500,0x003
0x0229,4af5ce1c56df,pc080sn+0x4520,0x003
0x022A,1bf9c213997d,pc080sn+0x4540,0x003
0x022B,8720ef7874a2,pc080sn+0x4560,0x003
0x022C,987b5c945e36,pc080sn+0x4580,0x003
0x022D,2c04ac09c432,pc080sn+0x45A0,0x003
0x022E,1cee720a7389,pc080sn+0x45C0,0x003
0x022F,348054f63d5e,pc080sn+0x45E0,0x003
0x0256,f973d3ecc072,pc080sn+0x4AC0,0x005
0x0257,636c457211e4,pc080sn+0x4AE0,0x005
0x0258,b3007fc3eda3,pc080sn+0x4B00,0x005
0x0259,d23689486e1f,pc080sn+0x4B20,0x005
0x025A,dcbe3339df5a,pc080sn+0x4B40,0x005
0x025B,074e2230c98a,pc080sn+0x4B60,0x005
0x025C,3dc32917560a,pc080sn+0x4B80,0x005
0x025D,2d727761cba8,pc080sn+0x4BA0,0x005
0x025E,411a7f5555da,pc080sn+0x4BC0,0x005
0x025F,a5694fca5359,pc080sn+0x4BE0,0x005
0x0260,8b130020cc40,pc080sn+0x4C00,0x005
0x0261,95c03a1deac8,pc080sn+0x4C20,0x005
0x0262,d0f7efd39304,pc080sn+0x4C40,0x005
0x0263,4ab63e69f5b7,pc080sn+0x4C60,0x005
0x0264,1416e960bb21,pc080sn+0x4C80,0x005
0x0265,e1300d3d2993,pc080sn+0x4CA0,0x005
0x0266,1e1417c5fd88,pc080sn+0x4CC0,0x005
0x0267,3d7aca5e0d83,pc080sn+0x4CE0,0x005
0x0268,1030cb39edf7,pc080sn+0x4D00,0x005
0x0269,7f114e0f4993,pc080sn+0x4D20,0x005
0x026A,d4efa5dfeef8,pc080sn+0x4D40,0x005
0x026B,22943a8889b5,pc080sn+0x4D60,0x005
0x026C,9ca77ed4f7e7,pc080sn+0x4D80,0x005
0x026D,3ad65636f197,pc080sn+0x4DA0,0x01A
0x026E,450db7e6c174,pc080sn+0x4DC0,0x01A
0x026F,c774dddd6013,pc080sn+0x4DE0,0x01A
0x0270,2aead162cd59,pc080sn+0x4E00,0x01A
0x0271,8e44afc09967,pc080sn+0x4E20,0x01A
0x0272,6876c5928d6a,pc080sn+0x4E40,0x01A
0x0273,4ded7d40d666,pc080sn+0x4E60,0x01A
0x0274,59f5df2ddbea,pc080sn+0x4E80,0x01A
0x0275,d61617c4b815,pc080sn+0x4EA0,0x01A
0x0276,03dd5ca19a08,pc080sn+0x4EC0,0x01A
0x0277,d230ef36b53e,pc080sn+0x4EE0,0x01A
0x0278,63889b45ec2a,pc080sn+0x4F00,0x01A
0x0279,b23176c97d83,pc080sn+0x4F20,0x01A
0x027A,69b215b6f10f,pc080sn+0x4F40,0x01A
0x027B,6cb1a0aff330,pc080sn+0x4F60,0x01A
0x027C,204ea3c6b1ef,pc080sn+0x4F80,0x01A
0x027D,1b50f300bcd6,pc080sn+0x4FA0,0x01A
0x027E,7294a08d90f0,pc080sn+0x4FC0,0x01A
0x027F,6519921304c4,pc080sn+0x4FE0,0x01A
0x0280,2ed2c6bd5175,pc080sn+0x5000,0x01A
0x0281,8091f942775b,pc080sn+0x5020,0x01A
0x0282,8ef0ed35e771,pc080sn+0x5040,0x01A
0x0283,be38d56fa47b,pc080sn+0x5060,0x01A
0x0284,0f69369c7168,pc080sn+0x5080,0x01A
0x0285,3084f246ce7e,pc080sn+0x50A0,0x01A
0x0286,4fce7bae7319,pc080sn+0x50C0,0x01A
0x0287,df969782ab30,pc080sn+0x50E0,0x01A
0x0288,695594111f26,pc080sn+0x5100,0x01A
0x0289,b2e6808254ad,pc080sn+0x5120,0x01A
0x028A,476b1b915b6e,pc080sn+0x5140,0x01A
0x028B,a44801179720,pc080sn+0x5160,0x01A
0x028C,e246b1207577,pc080sn+0x5180,0x01A
0x028D,342932d0a7a0,pc080sn+0x51A0,0x01A
0x028E,6df627a0eaf3,pc080sn+0x51C0,0x01A
0x028F,3e01116e5e1d,pc080sn+0x51E0,0x01A
0x0290,f236f09ee0a2,pc080sn+0x5200,0x01A
0x0291,3d1bc7cdf424,pc080sn+0x5220,0x01A
0x0292,298da751710d,pc080sn+0x5240,0x01A
0x0293,0e20db00a200,pc080sn+0x5260,0x01A
0x0294,d6b3a873649e,pc080sn+0x5280,0x01A
0x0295,9af978460274,pc080sn+0x52A0,0x01A
0x0296,f99b05665e3f,pc080sn+0x52C0,0x01A
0x0297,e279bc65a6f4,pc080sn+0x52E0,0x01A
0x0298,c1d03341348d,pc080sn+0x5300,0x01A
0x0299,98aabfd50213,pc080sn+0x5320,0x01A
0x029A,5b42c0e1d666,pc080sn+0x5340,0x01A
0x029B,74d1d50defbc,pc080sn+0x5360,0x01A
0x029C,7d4631666814,pc080sn+0x5380,0x01A
0x029D,0ffe4a61f304,pc080sn+0x53A0,0x01A
0x029E,5c667a7754b5,pc080sn+0x53C0,0x01A
0x029F,4d5c4253d45f,pc080sn+0x53E0,0x01A
0x02A0,0f7105e75a39,pc080sn+0x5400,0x01A
0x02A1,5f67ecbb00c2,pc080sn+0x5420,0x01A
0x02A2,92b110ba54ba,pc080sn+0x5440,0x01A
0x02A3,f3abd2672d7d,pc080sn+0x5460,0x01A;0x01B
0x02A4,2501b416c6c9,pc080sn+0x5480,0x01A
0x02A5,8562f67f9bfa,pc080sn+0x54A0,0x01A
0x02A6,ac30a883495e,pc080sn+0x54C0,0x01A
0x02A7,b9b025babbf1,pc080sn+0x54E0,0x01A
0x02A8,c7cde3ac3233,pc080sn+0x5500,0x01A
0x02A9,c29b091f4e5b,pc080sn+0x5520,0x01A
0x02AA,f783783ccab3,pc080sn+0x5540,0x01A
0x02AB,83e3ac4f5515,pc080sn+0x5560,0x01A
0x02AC,f0f6d467fec1,pc080sn+0x5580,0x01A
0x02AD,086d56564933,pc080sn+0x55A0,0x01A
0x02AE,a133e922b27d,pc080sn+0x55C0,0x01A
0x02AF,7003260ea905,pc080sn+0x55E0,0x01A
0x02B0,fd39ace714f5,pc080sn+0x5600,0x01A
0x02B1,fc3222bdcc08,pc080sn+0x5620,0x01A
0x02B2,ff333385a4bb,pc080sn+0x5640,0x01A
0x02B3,287a7b1a2ee0,pc080sn+0x5660,0x01A
0x02B4,7923f7cc74b3,pc080sn+0x5680,0x01A
0x02B5,ed9480d0cebe,pc080sn+0x56A0,0x01A
0x02B6,3b42d119a3eb,pc080sn+0x56C0,0x01A
0x02B7,e70ce04aa864,pc080sn+0x56E0,0x01A
0x02B8,a44241c4ddf9,pc080sn+0x5700,0x01A
0x02B9,cb3b71be071c,pc080sn+0x5720,0x01B;0x01D
0x02BA,33e618fc8540,pc080sn+0x5740,0x01B;0x01D
0x02BB,963d96dcef2a,pc080sn+0x5760,0x01B;0x01D
0x02BC,43b46f34c1cb,pc080sn+0x5780,0x01B;0x01D
0x02BD,82630107bfe7,pc080sn+0x57A0,0x01B;0x01D
0x02BE,43c30e16dd9a,pc080sn+0x57C0,0x01B;0x01D
0x02BF,23e2b81c12af,pc080sn+0x57E0,0x01B;0x01D
0x02C0,df85c5861071,pc080sn+0x5800,0x01B;0x01D
0x02C1,19d6d4def8de,pc080sn+0x5820,0x01B;0x01D
0x02C2,459e1e6f6d8a,pc080sn+0x5840,0x01B;0x01D
0x02C3,c329d86620f2,pc080sn+0x5860,0x01B;0x01D
0x02C4,4799171753a4,pc080sn+0x5880,0x01B;0x01D
0x02C5,d6dfba106207,pc080sn+0x58A0,0x01B;0x01D
0x02C6,420f6543d0e0,pc080sn+0x58C0,0x01B;0x01D
0x02C7,4c15767908e4,pc080sn+0x58E0,0x01B;0x01D
0x02C8,05fc9ba01e33,pc080sn+0x5900,0x01B;0x01D
0x02C9,5779c9908e3f,pc080sn+0x5920,0x01B;0x01D
0x02CA,96835a8631d4,pc080sn+0x5940,0x01B;0x01D
0x02CB,d653ff98765b,pc080sn+0x5960,0x01B;0x01D
0x02CC,393fa9e6edc1,pc080sn+0x5980,0x01B;0x01D
0x02CD,3f5551523edb,pc080sn+0x59A0,0x01B;0x01D
0x02CE,3aa44defea72,pc080sn+0x59C0,0x01B;0x01D
0x02CF,51320c273adb,pc080sn+0x59E0,0x01B;0x01D
0x02D0,3986a5ad5ff4,pc080sn+0x5A00,0x01B;0x01D
0x02D1,5268357ed6ef,pc080sn+0x5A20,0x01B;0x01D
0x02D2,1daea2825487,pc080sn+0x5A40,0x01B;0x01D
0x02D3,b007df52d00f,pc080sn+0x5A60,0x01B;0x01D
0x02D4,a3415811c3b4,pc080sn+0x5A80,0x01B;0x01D
0x02D5,87ce037564ce,pc080sn+0x5AA0,0x01B;0x01D
0x02D6,435d96d27cca,pc080sn+0x5AC0,0x01B;0x01D
0x02D7,8cac16fcf0ba,pc080sn+0x5AE0,0x01B;0x01D
0x02D8,36c424defea6,pc080sn+0x5B00,0x01B;0x01D
0x02D9,c5dd3da3c1a7,pc080sn+0x5B20,0x01B
0x02DA,e1e6a0322985,pc080sn+0x5B40,0x01B
0x02DB,79a361de8679,pc080sn+0x5B60,0x01B
0x02DC,4c92c6b5c3d5,pc080sn+0x5B80,0x01B
0x02DD,f5b82284520f,pc080sn+0x5BA0,0x01B
0x02DE,fbd75baacce3,pc080sn+0x5BC0,0x01B
0x02DF,1dc56e647cdb,pc080sn+0x5BE0,0x01B
0x02E0,03e4c8edc437,pc080sn+0x5C00,0x01B
0x02E1,e13d3e15e86b,pc080sn+0x5C20,0x01B
0x02E2,4bb0dc632c0e,pc080sn+0x5C40,0x01B
0x02E3,754b2d5773c8,pc080sn+0x5C60,0x01B
0x02E4,ed890be1c598,pc080sn+0x5C80,0x01B
0x02E5,331a04670b26,pc080sn+0x5CA0,0x01B
0x02E6,339976ba22ee,pc080sn+0x5CC0,0x01B
0x02E7,4ba48f87c79d,pc080sn+0x5CE0,0x01B
0x02E8,74359124f1a4,pc080sn+0x5D00,0x01B
0x02E9,9c056d556a30,pc080sn+0x5D20,0x01B
0x02EA,127088430f4b,pc080sn+0x5D40,0x01B
0x02EB,fa1234de821f,pc080sn+0x5D60,0x01B
0x02EC,70012fcc9e72,pc080sn+0x5D80,0x01B
0x02ED,a6c665cfae21,pc080sn+0x5DA0,0x01B
0x02EE,bab3ccf92b4a,pc080sn+0x5DC0,0x01B
0x02EF,fd892b9090d5,pc080sn+0x5DE0,0x01B
0x02F0,6bf78ddafa77,pc080sn+0x5E00,0x01B
0x02F1,231ed4b94024,pc080sn+0x5E20,0x01B
0x02F2,ecefe64f398c,pc080sn+0x5E40,0x01B
0x02F3,94bf98531e06,pc080sn+0x5E60,0x01B
0x02F4,92642821401f,pc080sn+0x5E80,0x01B
0x02F5,4387e1fb33e8,pc080sn+0x5EA0,0x01B
0x02F6,b73d582f2fe2,pc080sn+0x5EC0,0x01B
0x02F7,837697eb3226,pc080sn+0x5EE0,0x01B
0x02F8,a4c0f96b0277,pc080sn+0x5F00,0x01B;0x01C
0x02F9,151a2bdee7fd,pc080sn+0x5F20,0x01B;0x01C
0x02FA,e468e5efa709,pc080sn+0x5F40,0x01B;0x01C
0x02FB,baf490c65814,pc080sn+0x5F60,0x01B;0x01C
0x02FC,ccf7fca01cf7,pc080sn+0x5F80,0x01B;0x01C
0x02FD,1f47b4d2a19f,pc080sn+0x5FA0,0x01B;0x01C
0x02FE,f8f1ddd14211,pc080sn+0x5FC0,0x01B;0x01C
0x02FF,af8624dd8a27,pc080sn+0x5FE0,0x01B;0x01C
0x0300,19bf4b800153,pc080sn+0x6000,0x01B;0x01C;0x01D
0x0301,6ac4a380c3b3,pc080sn+0x6020,0x01B;0x01C;0x01D
0x0302,787c100f562c,pc080sn+0x6040,0x01B;0x01C;0x01D
0x0303,8f1ffe677cd4,pc080sn+0x6060,0x01B;0x01C;0x01D
0x0304,bc2b20f83b8c,pc080sn+0x6080,0x01B;0x01C;0x01D
0x0305,1515b1f446c7,pc080sn+0x60A0,0x01B;0x01C;0x01D
0x0306,d20869635b96,pc080sn+0x60C0,0x01B;0x01C;0x01D
0x0307,a4571795ef21,pc080sn+0x60E0,0x01B;0x01C;0x01D
0x0308,a7a4f033bbe5,pc080sn+0x6100,0x01A;0x01C
0x0309,f742dcd02e14,pc080sn+0x6120,0x01A;0x01C
0x030A,bb55bf6a7249,pc080sn+0x6140,0x01A;0x01C
0x030B,0341604ff4a7,pc080sn+0x6160,0x01A;0x01C
0x030C,58c7c49f037f,pc080sn+0x6180,0x01A;0x01C
0x030D,47f82096ae94,pc080sn+0x61A0,0x01A;0x01C
0x030E,6f614404f557,pc080sn+0x61C0,0x01A;0x01C
0x030F,12e3757bfe64,pc080sn+0x61E0,0x01A;0x01C
0x0310,304ad096c8b8,pc080sn+0x6200,0x01A;0x01C
0x0311,dbfcde03b223,pc080sn+0x6220,0x01A;0x01C
0x0312,a5dbe8326abc,pc080sn+0x6240,0x01A;0x01C
0x0313,2ee7d94ef640,pc080sn+0x6260,0x01A;0x01C
0x0314,52e0b7068202,pc080sn+0x6280,0x01A;0x01C
0x0315,7d59b1a307be,pc080sn+0x62A0,0x01A;0x01C
0x0316,19f9cdbf730d,pc080sn+0x62C0,0x01A;0x01C
0x0317,a3fa0cd8d098,pc080sn+0x62E0,0x01A;0x01C
0x0318,2dc28ae661c2,pc080sn+0x6300,0x01A;0x01B;0x01C;0x01D
0x0319,54d660a0a96a,pc080sn+0x6320,0x01A;0x01B;0x01C;0x01D
0x031A,c95e4fc6d31c,pc080sn+0x6340,0x01A;0x01B;0x01C;0x01D
0x031B,01c560434279,pc080sn+0x6360,0x01A;0x01B;0x01C;0x01D
0x031C,0480e4997a48,pc080sn+0x6380,0x01A;0x01B;0x01C;0x01D
0x031D,863edd8503de,pc080sn+0x63A0,0x01A;0x01B;0x01C;0x01D
0x031E,b8cb6bd36ac9,pc080sn+0x63C0,0x01A;0x01B;0x01C;0x01D
0x031F,761905d73c43,pc080sn+0x63E0,0x01A;0x01B;0x01C;0x01D
0x0320,6f9b8eeaa671,pc080sn+0x6400,0x01A;0x01B;0x01C;0x01D
0x0321,2dac35f5b910,pc080sn+0x6420,0x01A;0x01B;0x01C;0x01D
0x0322,5b1220a1e2f8,pc080sn+0x6440,0x01A;0x01B;0x01C;0x01D
0x0323,47d9824ff2ce,pc080sn+0x6460,0x01A;0x01B;0x01C;0x01D
0x0324,12a07f562732,pc080sn+0x6480,0x01A;0x01B;0x01C;0x01D
0x0325,0dce42167425,pc080sn+0x64A0,0x01A;0x01B;0x01C;0x01D
0x0326,b380e84082aa,pc080sn+0x64C0,0x01A;0x01B;0x01C;0x01D
0x0327,47c3e404c749,pc080sn+0x64E0,0x01A;0x01B;0x01C;0x01D
0x0328,7ecfcd89100e,pc080sn+0x6500,0x01C
0x0329,ffc490e7b0b9,pc080sn+0x6520,0x01C
0x032A,784413e31790,pc080sn+0x6540,0x01C
0x032B,0c19c8791272,pc080sn+0x6560,0x01B;0x01C;0x01D
0x032C,d1edd10edfed,pc080sn+0x6580,0x01C
0x032D,16dd045fb870,pc080sn+0x65A0,0x01C
0x032E,f49294f53b47,pc080sn+0x65C0,0x01C
0x032F,ad921814fe9a,pc080sn+0x65E0,0x01C
0x0330,5fe895e5b676,pc080sn+0x6600,0x01C
0x0331,eb2158d2f6a5,pc080sn+0x6620,0x01C
0x0332,a130629c2162,pc080sn+0x6640,0x01C;0x01D
0x0333,9b674c6afa7a,pc080sn+0x6660,0x01B;0x01C;0x01D
0x0334,d0f2b75528fd,pc080sn+0x6680,0x01C
0x0335,93fce0822931,pc080sn+0x66A0,0x01C
0x0336,7f540748ae77,pc080sn+0x66C0,0x01C
0x0337,fe9df8f45729,pc080sn+0x66E0,0x01C
0x0338,750c57f1aa8a,pc080sn+0x6700,0x01A;0x01B;0x01C;0x01D
0x0339,87723668136c,pc080sn+0x6720,0x01A;0x01B;0x01C;0x01D
0x033A,20d52d934d2f,pc080sn+0x6740,0x01A;0x01B;0x01C;0x01D
0x033B,f3d9c03f40bc,pc080sn+0x6760,0x01B;0x01D
0x033C,ae653af2e92b,pc080sn+0x6780,0x01B;0x01D
0x033D,c07e6223871b,pc080sn+0x67A0,0x01B;0x01D
0x033E,c6f88f1d6679,pc080sn+0x67C0,0x01B;0x01D
0x033F,0e3c8092b2c9,pc080sn+0x67E0,0x01B;0x01D
0x0340,bb73e4b1c1dd,pc080sn+0x6800,0x01B;0x01D
0x0341,bfa6339cb6bf,pc080sn+0x6820,0x01B;0x01D
0x0342,7ab4d66ba972,pc080sn+0x6840,0x01B;0x01D
0x0343,fd0808db3b5e,pc080sn+0x6860,0x01B;0x01D
0x0344,09361a4a40a0,pc080sn+0x6880,0x01B;0x01D
0x0345,82cdc1fa8b0d,pc080sn+0x68A0,0x01B;0x01D
0x0346,c3aa133b7340,pc080sn+0x68C0,0x01B;0x01D
0x0347,830f7d676e70,pc080sn+0x68E0,0x01B;0x01D
0x0348,9ae5121a8f2f,pc080sn+0x6900,0x01B;0x01D
0x0349,e2065aa1343e,pc080sn+0x6920,0x01A
0x034A,88af44b8d4b0,pc080sn+0x6940,0x01A
0x034B,327c383a94fa,pc080sn+0x6960,0x01A
0x034C,4b6248704059,pc080sn+0x6980,0x01A
0x034D,248866ff226e,pc080sn+0x69A0,0x01A
0x034E,f4bab8e0741b,pc080sn+0x69C0,0x01A
0x034F,91b96ed346ef,pc080sn+0x69E0,0x01A
0x0350,e655e26df6c5,pc080sn+0x6A00,0x01A
0x0351,19d073f3c23d,pc080sn+0x6A20,0x01A
0x0352,7b3b2b9a8d02,pc080sn+0x6A40,0x01A
0x0353,06e432250e94,pc080sn+0x6A60,0x01A
0x0354,0614565bdc1a,pc080sn+0x6A80,0x01A
0x0355,18f12152d69d,pc080sn+0x6AA0,0x01A
0x0356,f76913b1af62,pc080sn+0x6AC0,0x01A
0x0357,ba128c4193bc,pc080sn+0x6AE0,0x01A
0x0358,3d1250ebfa2a,pc080sn+0x6B00,0x01A
0x0359,d6c3b4a4efd7,pc080sn+0x6B20,0x01A
0x035A,d0ddf7289f7a,pc080sn+0x6B40,0x01A
0x035B,7ff49b01d32d,pc080sn+0x6B60,0x01A
0x035C,1748c3227edd,pc080sn+0x6B80,0x01A
0x035D,2846c05816c7,pc080sn+0x6BA0,0x01A
0x035E,a29b05a257a4,pc080sn+0x6BC0,0x01A
0x035F,8c10fe19152d,pc080sn+0x6BE0,0x01C
0x0360,26c10bd44cc6,pc080sn+0x6C00,0x01C
0x0361,4229f80d03cc,pc080sn+0x6C20,0x01C
0x0362,cbaf978961d1,pc080sn+0x6C40,0x01C
0x0363,2e79eea5b517,pc080sn+0x6C60,0x01C
0x0364,0b1ccb80c289,pc080sn+0x6C80,0x01C
0x0365,5bebc6fdb4b6,pc080sn+0x6CA0,0x01C
0x0366,b3f8029d3999,pc080sn+0x6CC0,0x01C
0x0367,f23d0f9de514,pc080sn+0x6CE0,0x01C
0x0368,d2cc01852576,pc080sn+0x6D00,0x01C
0x0369,5df2af8d58b8,pc080sn+0x6D20,0x01C
0x036A,3f16caf05f81,pc080sn+0x6D40,0x01C
0x036B,7e00c0739ad3,pc080sn+0x6D60,0x01C
0x036C,79a64a0893f9,pc080sn+0x6D80,0x01C
0x036D,c288c643c6d0,pc080sn+0x6DA0,0x01C
0x036E,40b150b1f306,pc080sn+0x6DC0,0x01C
0x036F,cde9155ecf7b,pc080sn+0x6DE0,0x01C
0x0370,aea72a816dda,pc080sn+0x6E00,0x01C
0x0371,f9eb225acd4a,pc080sn+0x6E20,0x01C
0x0372,c291d96d0f52,pc080sn+0x6E40,0x01C
0x0373,31750cd152b9,pc080sn+0x6E60,0x01C
0x0374,ff3f1556bbd8,pc080sn+0x6E80,0x01C
0x0375,c5aa8e2afb1a,pc080sn+0x6EA0,0x01C
0x0376,50b45c37c12f,pc080sn+0x6EC0,0x01C
0x0377,a01cfba3f86d,pc080sn+0x6EE0,0x01C
0x0378,caecc4ff5185,pc080sn+0x6F00,0x01C
0x0379,613a67649774,pc080sn+0x6F20,0x01C
0x037A,b276cee6a145,pc080sn+0x6F40,0x01C
0x037B,e71c3e59bf25,pc080sn+0x6F60,0x01C
0x037C,866996d1fb6c,pc080sn+0x6F80,0x01C
0x037D,b94be1f6c357,pc080sn+0x6FA0,0x01C
0x037E,6a9c420c7ddf,pc080sn+0x6FC0,0x01C
0x037F,b73e655ceed9,pc080sn+0x6FE0,0x01C
0x0380,e8a17e34ffd2,pc080sn+0x7000,0x01C
0x0381,215c0e36f593,pc080sn+0x7020,0x01C
0x0382,4abc49022789,pc080sn+0x7040,0x01C
0x0383,d273fdf8d842,pc080sn+0x7060,0x01C
0x0384,9a515d4b93c3,pc080sn+0x7080,0x01C
0x0385,d6db46ccf953,pc080sn+0x70A0,0x01C
0x0386,678647c14716,pc080sn+0x70C0,0x01C
0x0387,4e34cf3d5920,pc080sn+0x70E0,0x01C
0x0388,3bf2acc3c347,pc080sn+0x7100,0x01C
0x0389,6c2accedfc61,pc080sn+0x7120,0x01C
0x038A,18307508bff0,pc080sn+0x7140,0x01C
0x038B,98e67b402b42,pc080sn+0x7160,0x01C
0x038C,5a803e915653,pc080sn+0x7180,0x01C
0x038D,a7e3de9018e6,pc080sn+0x71A0,0x01C
0x038E,2a69cf7b021b,pc080sn+0x71C0,0x01C
0x038F,6af62ae8aacb,pc080sn+0x71E0,0x01A
0x0390,a501856f1d9c,pc080sn+0x7200,0x01A
0x0391,4078c272dd30,pc080sn+0x7220,0x01A
0x0392,30aa44399e7a,pc080sn+0x7240,0x01A
0x0393,2aefface7f21,pc080sn+0x7260,0x01A
0x0394,761116053a9a,pc080sn+0x7280,0x01A
0x0395,aa4c9f05c6f7,pc080sn+0x72A0,0x01A
0x0396,aa032805408d,pc080sn+0x72C0,0x01A
0x0397,4c0332f08817,pc080sn+0x72E0,0x01A
0x0398,127bbc07d777,pc080sn+0x7300,0x01A
0x0399,100b82ff58a2,pc080sn+0x7320,0x01A
0x039A,a35226daf487,pc080sn+0x7340,0x01A
0x039B,589a33234609,pc080sn+0x7360,0x01A
0x039C,e6d397eb3775,pc080sn+0x7380,0x01A
0x039D,2b475a9eb067,pc080sn+0x73A0,0x01A
0x039E,7d633bfdd831,pc080sn+0x73C0,0x01A
0x039F,83e78414cd1f,pc080sn+0x73E0,0x01A
0x03A0,d69c746c2e0d,pc080sn+0x7400,0x01A;0x01B
0x03A1,445a6a71b7ca,pc080sn+0x7420,0x01B
0x03A2,56febc2f960d,pc080sn+0x7440,0x01B
0x03A3,654a93b718f3,pc080sn+0x7460,0x01B
0x03A4,3bccb7e73157,pc080sn+0x7480,0x01B
0x03A5,84269986f230,pc080sn+0x74A0,0x01B
0x03A6,fedd99237fda,pc080sn+0x74C0,0x01B
0x03A7,373af1c2c43b,pc080sn+0x74E0,0x01B
0x03A8,efee2cd325b9,pc080sn+0x7500,0x01B
0x03A9,e06198284b74,pc080sn+0x7520,0x01B
0x03AA,a4428f074723,pc080sn+0x7540,0x01B
0x03AB,0c0dc2c61e1e,pc080sn+0x7560,0x01B
0x03AC,30a7aaf3f48c,pc080sn+0x7580,0x01B
0x03AD,b9fd663cf777,pc080sn+0x75A0,0x01B
0x03AE,147ab6fb8c07,pc080sn+0x75C0,0x01B
0x03AF,1bdda568e2ad,pc080sn+0x75E0,0x01B;0x01C
0x03B0,c14c1e92fc9e,pc080sn+0x7600,0x01B
0x03B1,e63ccbf02379,pc080sn+0x7620,0x01B
0x03B2,b4b256cc801e,pc080sn+0x7640,0x01B
0x03B3,d7f59695a7bb,pc080sn+0x7660,0x01B
0x03B4,590962eb4d2d,pc080sn+0x7680,0x01B
0x03B5,05fe4cbb3bee,pc080sn+0x76A0,0x01B
0x03B6,194c542c3500,pc080sn+0x76C0,0x01B
0x03B7,080f617b34bb,pc080sn+0x76E0,0x01B
0x03B8,f3e3d81e6336,pc080sn+0x7700,0x01B
0x03B9,6582e8be35d2,pc080sn+0x7720,0x01B
0x03BA,c9f9511b5ca0,pc080sn+0x7740,0x01B
0x03BB,e22c7130f741,pc080sn+0x7760,0x01B
0x03BC,745349cfd175,pc080sn+0x7780,0x01B
0x03BD,5e624a377fad,pc080sn+0x77A0,0x01B
0x03BE,a94a925e7e19,pc080sn+0x77C0,0x01B;0x01C
0x03BF,ed11012f471e,pc080sn+0x77E0,0x01B
0x03C0,d0fc7493d329,pc080sn+0x7800,0x01C
0x03C1,d5669c7fd4e1,pc080sn+0x7820,0x01C
0x03C2,7604f671e0d0,pc080sn+0x7840,0x01C
0x03C3,e506d7db2515,pc080sn+0x7860,0x01C
0x03C4,26986d6920b8,pc080sn+0x7880,0x01C
0x03C5,96a46cd8a078,pc080sn+0x78A0,0x01C
0x03C6,f42ff36b478f,pc080sn+0x78C0,0x01C
0x03C7,6d3e1d6c49c3,pc080sn+0x78E0,0x01C
0x03C8,0f32dad4ea46,pc080sn+0x7900,0x01C
0x03C9,2bc298913d4c,pc080sn+0x7920,0x01C
0x03CA,543c4d4d5342,pc080sn+0x7940,0x01C
0x03CB,0cba3fb39bd6,pc080sn+0x7960,0x01C
0x03CC,808761cd7b0b,pc080sn+0x7980,0x01C
0x03CD,daea21d004cc,pc080sn+0x79A0,0x01C
0x03CE,405b7d4b3e4c,pc080sn+0x79C0,0x01D
0x03CF,a9a7605ac86e,pc080sn+0x79E0,0x01D
0x03D0,72527453b30d,pc080sn+0x7A00,0x01D
0x03D1,c352836fe7b6,pc080sn+0x7A20,0x01D
0x03D2,84865305badb,pc080sn+0x7A40,0x01D
0x03D3,620d4e9ea645,pc080sn+0x7A60,0x01D
0x03D4,37c857c806f9,pc080sn+0x7A80,0x01D
0x03D5,2fde9a10e238,pc080sn+0x7AA0,0x01D
0x03D6,a8dd08012a51,pc080sn+0x7AC0,0x01D
0x03D7,32e34e0f7c0a,pc080sn+0x7AE0,0x01D
0x03D8,59e73d0f9b41,pc080sn+0x7B00,0x01D
0x03D9,7bc2deb99a47,pc080sn+0x7B20,0x01D
0x03DA,a2ce0d92e28e,pc080sn+0x7B40,0x01D
0x03DB,fb33b000b168,pc080sn+0x7B60,0x01D
0x03DC,1318964f640c,pc080sn+0x7B80,0x01D
0x03DD,4199959c9475,pc080sn+0x7BA0,0x01D
0x03DE,ab1731e8ca66,pc080sn+0x7BC0,0x01D
0x03DF,bc5df4aa5628,pc080sn+0x7BE0,0x01D
0x03E0,52957e362bd2,pc080sn+0x7C00,0x01D
0x03E1,af5acef34254,pc080sn+0x7C20,0x01D
0x03E2,4fcfcdba654e,pc080sn+0x7C40,0x01D
0x03E3,d3bef781caba,pc080sn+0x7C60,0x01D
0x03E4,1599867b15f4,pc080sn+0x7C80,0x01D
0x03E5,216e4d397d16,pc080sn+0x7CA0,0x01D
0x03E6,d0496e26ae86,pc080sn+0x7CC0,0x01D
0x03E7,0844be16628f,pc080sn+0x7CE0,0x01D
0x03E8,0c03060ecab7,pc080sn+0x7D00,0x01D
0x03E9,03cdc861c0ed,pc080sn+0x7D20,0x01D
0x03EA,185c80d7e51d,pc080sn+0x7D40,0x01D
0x03EB,581e597051b2,pc080sn+0x7D60,0x01D
0x03EC,c91dcc6485fb,pc080sn+0x7D80,0x01D
0x03ED,36da8b922279,pc080sn+0x7DA0,0x01D
0x03EE,64ca077fa528,pc080sn+0x7DC0,0x01D
0x03EF,7f7db381c776,pc080sn+0x7DE0,0x01D
0x03F0,6828a52d030e,pc080sn+0x7E00,0x01D
0x03F1,c48b07b55768,pc080sn+0x7E20,0x01D
0x03F2,e761559a697a,pc080sn+0x7E40,0x01D
0x03F3,77b9b6840f31,pc080sn+0x7E60,0x01A;0x01B;0x01C
0x03F4,fb4c51c2bb8a,pc080sn+0x7E80,0x01A;0x01B;0x01C
0x03F5,cff2311a40a5,pc080sn+0x7EA0,0x01A;0x01B;0x01C
0x03F6,6b2f81081659,pc080sn+0x7EC0,0x01A;0x01B;0x01C
0x03F7,5903786c45dd,pc080sn+0x7EE0,0x01A;0x01B;0x01C
0x03F8,6fad23e2f605,pc080sn+0x7F00,0x01A;0x01B;0x01C
0x03F9,8119201b349a,pc080sn+0x7F20,0x01A;0x01B;0x01C
0x03FA,61c4cd9d13ac,pc080sn+0x7F40,0x01A;0x01B;0x01C
0x03FB,23ca25620f50,pc080sn+0x7F60,0x01A;0x01B;0x01C
0x03FC,89966e291411,pc080sn+0x7F80,0x01A;0x01B;0x01C
0x03FD,31e2da09ffc8,pc080sn+0x7FA0,0x01A;0x01B;0x01C
0x03FE,eb73ba44daa9,pc080sn+0x7FC0,0x01A;0x01B;0x01C
0x03FF,2d5560ad2553,pc080sn+0x7FE0,0x01A;0x01B;0x01C
0x0400,7a7fa41ca9ae,pc080sn+0x8000,0x01A;0x01B;0x01C
0x0401,04e4679750b2,pc080sn+0x8020,0x01A;0x01B;0x01C
0x0402,7dcd3fa9375d,pc080sn+0x8040,0x01A;0x01B;0x01C
0x0403,f46455bf3222,pc080sn+0x8060,0x01A
0x0404,07cc1cc595a9,pc080sn+0x8080,0x01A
0x0405,13407c391484,pc080sn+0x80A0,0x01A
0x0406,bc53d58ee9ad,pc080sn+0x80C0,0x01A
0x0407,225f3b0bc545,pc080sn+0x80E0,0x01A
0x0408,2266191fa78e,pc080sn+0x8100,0x003
0x0409,68894c4e3fba,pc080sn+0x8120,0x003
0x040A,460125b5cf40,pc080sn+0x8140,0x003
0x040B,a3e3057624bc,pc080sn+0x8160,0x003
0x040C,dddfaf84177b,pc080sn+0x8180,0x003
0x040D,f516f1c3dc41,pc080sn+0x81A0,0x003
0x040E,2834d6bd8b65,pc080sn+0x81C0,0x003
0x040F,280e5138cee5,pc080sn+0x81E0,0x003
0x0410,e0883aec5e96,pc080sn+0x8200,0x003
0x0411,62f4947376e7,pc080sn+0x8220,0x003
0x0412,fe0b649a0f0b,pc080sn+0x8240,0x003
0x0413,a1298cc69ad3,pc080sn+0x8260,0x003
0x0414,2267184aa0f9,pc080sn+0x8280,0x003
0x0415,a47af06c7fb6,pc080sn+0x82A0,0x003
0x0416,2809623c5c72,pc080sn+0x82C0,0x003
0x0417,ca90fbcea235,pc080sn+0x82E0,0x003
0x0418,2393f2a16474,pc080sn+0x8300,0x003
0x0419,24021d0af2dd,pc080sn+0x8320,0x003
0x041A,0c356737e239,pc080sn+0x8340,0x003
0x041B,ff8703951bf8,pc080sn+0x8360,0x003
0x041C,7d17b0e16814,pc080sn+0x8380,0x003
0x041D,958587b817fa,pc080sn+0x83A0,0x003
0x041E,4e4c62693e1d,pc080sn+0x83C0,0x003
0x041F,78174ca5a192,pc080sn+0x83E0,0x003
0x0420,7b32146328e3,pc080sn+0x8400,0x003
0x0421,aa55a99274ca,pc080sn+0x8420,0x003
0x0422,06116c70a886,pc080sn+0x8440,0x003
0x0423,c0c57d62b57c,pc080sn+0x8460,0x003
0x0424,0281b1aa6f5b,pc080sn+0x8480,0x003
0x0425,fdaf78d94267,pc080sn+0x84A0,0x003
0x0426,95a3b388f3b4,pc080sn+0x84C0,0x003
0x0427,a6e0ce1fd955,pc080sn+0x84E0,0x003
0x0428,87f581af2df7,pc080sn+0x8500,0x003
0x0429,c3d6ad95ebb8,pc080sn+0x8520,0x003
0x042A,8a330f1ed540,pc080sn+0x8540,0x003
0x042B,7dd1ae1b1dac,pc080sn+0x8560,0x003
0x042C,7eb46e9dd4c6,pc080sn+0x8580,0x003
0x042D,97e83e9ca710,pc080sn+0x85A0,0x003
0x042E,1349964c7422,pc080sn+0x85C0,0x003
0x042F,a9942952c0da,pc080sn+0x85E0,0x003
0x0430,6b604d005e05,pc080sn+0x8600,0x003
0x0431,ab48cb175456,pc080sn+0x8620,0x003
0x0432,692ea976a9be,pc080sn+0x8640,0x003
0x0433,baff9643c394,pc080sn+0x8660,0x003
0x0434,d73ff981fb74,pc080sn+0x8680,0x003
0x0435,418ec98937ca,pc080sn+0x86A0,0x003
0x0436,9953a8dd1a88,pc080sn+0x86C0,0x003
0x0437,23c9d7b96ded,pc080sn+0x86E0,0x003
0x0438,63a846d477dd,pc080sn+0x8700,0x003
0x0439,a0e5c4f770dd,pc080sn+0x8720,0x003
0x043A,3e81faeb8d0a,pc080sn+0x8740,0x003
0x043B,0c626aea9d09,pc080sn+0x8760,0x003
0x043C,e6b7506aaff6,pc080sn+0x8780,0x003
0x043D,e9ca4daa8fbf,pc080sn+0x87A0,0x003
0x043E,cd122a65c113,pc080sn+0x87C0,0x003
0x043F,b944ef71035f,pc080sn+0x87E0,0x003
0x0440,05f6a7c509df,pc080sn+0x8800,0x003
0x0441,d930e7134d16,pc080sn+0x8820,0x003
0x0442,909880f47413,pc080sn+0x8840,0x003
0x0443,cf5d57003803,pc080sn+0x8860,0x003
0x0444,b14e1c4be264,pc080sn+0x8880,0x003
0x0445,ece26f649a38,pc080sn+0x88A0,0x003
0x0446,5bc492eb0529,pc080sn+0x88C0,0x003
0x0447,dd45192d23ec,pc080sn+0x88E0,0x003
0x0448,3b89b81f3102,pc080sn+0x8900,0x003
0x0449,16fb27f64511,pc080sn+0x8920,0x003
0x044A,213a88229a15,pc080sn+0x8940,0x003
0x044B,f012fe18fba7,pc080sn+0x8960,0x003
0x044C,1d06657a9eda,pc080sn+0x8980,0x003
0x044D,83de94918a50,pc080sn+0x89A0,0x003
0x044E,9f1355aa4b32,pc080sn+0x89C0,0x003
0x044F,c70b7904c28c,pc080sn+0x89E0,0x003
0x0450,ad666da8339f,pc080sn+0x8A00,0x003
0x0451,5706396eb6e7,pc080sn+0x8A20,0x003
0x0452,e2ff6c667d7c,pc080sn+0x8A40,0x003
0x0453,5c22740fec16,pc080sn+0x8A60,0x003
0x0454,99446bf1aee3,pc080sn+0x8A80,0x003
0x0455,06b833c8f6c3,pc080sn+0x8AA0,0x003
0x0456,d5eec035df8f,pc080sn+0x8AC0,0x003
0x0457,27a9a6ca05a8,pc080sn+0x8AE0,0x003
0x0458,ac9cbf32084e,pc080sn+0x8B00,0x003
0x0459,9ca391ee35f9,pc080sn+0x8B20,0x003
0x045A,bcacf6d23d46,pc080sn+0x8B40,0x003
0x045B,670dbeae85ac,pc080sn+0x8B60,0x003
0x045C,9b30b3558884,pc080sn+0x8B80,0x003
0x045D,3cd884c15d49,pc080sn+0x8BA0,0x003
0x045E,636f9e76c01c,pc080sn+0x8BC0,0x003
0x045F,e6183e6e9800,pc080sn+0x8BE0,0x003
0x0460,6a915d456a13,pc080sn+0x8C00,0x003
0x0461,b23a6aeedf45,pc080sn+0x8C20,0x003
0x0462,88eb1470bc08,pc080sn+0x8C40,0x003
0x0463,f1da7d91afe4,pc080sn+0x8C60,0x003
0x0464,148a8e6501e5,pc080sn+0x8C80,0x003
0x0465,6d7269d5bad7,pc080sn+0x8CA0,0x003
0x0466,c728275fc524,pc080sn+0x8CC0,0x003
0x0467,8370d52a9b6b,pc080sn+0x8CE0,0x003
0x0468,980d29ef145d,pc080sn+0x8D00,0x003
0x0469,7de765553cb8,pc080sn+0x8D20,0x003
0x046A,6c204724b991,pc080sn+0x8D40,0x003
0x046B,8e83720bd54f,pc080sn+0x8D60,0x003
0x046C,22d3e85f36ea,pc080sn+0x8D80,0x003
0x046D,1113bcc10672,pc080sn+0x8DA0,0x003
0x046E,da4e3d376252,pc080sn+0x8DC0,0x003
0x046F,e773becd66d6,pc080sn+0x8DE0,0x003
0x0470,b977b4a1426e,pc080sn+0x8E00,0x003
0x0471,74338dbd5faf,pc080sn+0x8E20,0x003
0x0472,a2ffb53e9ebb,pc080sn+0x8E40,0x003
0x0473,b9da4243de31,pc080sn+0x8E60,0x003
0x0474,51cca8a74df0,pc080sn+0x8E80,0x003
0x0475,27a9bc64afa1,pc080sn+0x8EA0,0x003
0x0476,8758f63e752d,pc080sn+0x8EC0,0x003
0x0477,00d05db060bb,pc080sn+0x8EE0,0x003
0x0478,75091afa8ec5,pc080sn+0x8F00,0x003
0x0479,7345ed067c7d,pc080sn+0x8F20,0x003
0x047A,f988c3f91a37,pc080sn+0x8F40,0x003
0x047B,c40db7d41724,pc080sn+0x8F60,0x003
0x047C,b3c7f0d6eee9,pc080sn+0x8F80,0x003
0x047D,a8cb5aebacfb,pc080sn+0x8FA0,0x003
0x047E,b1ba5a2d2142,pc080sn+0x8FC0,0x003
0x0483,1393d7d8a017,pc080sn+0x9060,0x003
0x0484,bcb0750fbcff,pc080sn+0x9080,0x003
0x0485,65f90bf9f299,pc080sn+0x90A0,0x003
0x0486,2a357644be62,pc080sn+0x90C0,0x003
0x0487,09e5e8f2a7c3,pc080sn+0x90E0,0x003
0x0488,d8706603931f,pc080sn+0x9100,0x003
0x0489,0b4d84637f16,pc080sn+0x9120,0x003
0x048A,09ef64a63191,pc080sn+0x9140,0x003
0x048B,a2226ca3420d,pc080sn+0x9160,0x003
0x048C,ae896da2b34f,pc080sn+0x9180,0x003
0x048D,e6fd882129c5,pc080sn+0x91A0,0x003
0x048E,230e9b5a1608,pc080sn+0x91C0,0x003
0x048F,17ac727f0f26,pc080sn+0x91E0,0x003
0x0490,d04eb1d36c5c,pc080sn+0x9200,0x003
0x0491,4cea98ace5f5,pc080sn+0x9220,0x003
0x0492,2b58049dd896,pc080sn+0x9240,0x006
0x0493,b5b8974b64e4,pc080sn+0x9260,0x006
0x0494,443c4d4ac8d9,pc080sn+0x9280,0x006
0x0495,2be3f0b53d53,pc080sn+0x92A0,0x006
0x0496,69049db761c2,pc080sn+0x92C0,0x006
0x0497,b6cc22314159,pc080sn+0x92E0,0x006
0x0498,855122cf368a,pc080sn+0x9300,0x006
0x0499,8f5eb364345e,pc080sn+0x9320,0x006
0x049A,22a12c982f80,pc080sn+0x9340,0x006
0x049B,1d52cbd2a307,pc080sn+0x9360,0x006
0x049C,962d07c1065b,pc080sn+0x9380,0x006
0x049D,83f8535c07cd,pc080sn+0x93A0,0x006
0x049E,5bb22e3e46ed,pc080sn+0x93C0,0x006
0x049F,11040934dd50,pc080sn+0x93E0,0x006
0x04A0,5889404d873f,pc080sn+0x9400,0x006
0x04A1,5d3c7b2243a3,pc080sn+0x9420,0x006
0x04A2,2320ab305f9e,pc080sn+0x9440,0x007
0x04A3,fa9dc8c98d6f,pc080sn+0x9460,0x007
0x04A4,af6abc581dde,pc080sn+0x9480,0x007
0x04A5,e4f42daf8776,pc080sn+0x94A0,0x007
0x07FC,a8519ad21ccd,pc080sn+0xFF80,0x004
0x07FD,c6bd7701d07d,pc080sn+0xFFA0,0x004
0x07FE,7ea323fd6045,pc080sn+0xFFC0,0x004
0x07FF,1b325e89eddb,pc080sn+0xFFE0,0x004
0x0800,4b0c0684650a,pc080sn+0x10000,0x004
0x0801,6d0c81c1115f,pc080sn+0x10020,0x004
0x0802,b1de2983c664,pc080sn+0x10040,0x004
0x0803,ade10343f00f,pc080sn+0x10060,0x004
0x0804,404064a5f745,pc080sn+0x10080,0x004
0x0805,ebf6bda6933e,pc080sn+0x100A0,0x004
0x0806,c184547721a8,pc080sn+0x100C0,0x004
0x0807,6bc985d65fa5,pc080sn+0x100E0,0x004
0x0808,72c9df32c32a,pc080sn+0x10100,0x004
0x0809,7557d7cfbf69,pc080sn+0x10120,0x004
0x080A,0a579d334297,pc080sn+0x10140,0x004
0x080B,5d635fe3523f,pc080sn+0x10160,0x004
0x080C,977960df1dc5,pc080sn+0x10180,0x004
0x080D,7424526863a8,pc080sn+0x101A0,0x004
0x080E,de95ad08b4a6,pc080sn+0x101C0,0x004
0x080F,ae3f50ecf692,pc080sn+0x101E0,0x004
0x0810,866c12adb3c9,pc080sn+0x10200,0x004
0x0811,8d30afeed50c,pc080sn+0x10220,0x004
0x0956,8747de0bf7e9,pc080sn+0x12AC0,0x017
0x0957,2cd64e4e2035,pc080sn+0x12AE0,0x017
0x0959,fe1b0d4d38d4,pc080sn+0x12B20,0x017
0x095A,48f2024096ab,pc080sn+0x12B40,0x017
0x095B,caea916b8f40,pc080sn+0x12B60,0x017
0x095C,e9e6892aae13,pc080sn+0x12B80,0x017
0x095D,44035f3b4f59,pc080sn+0x12BA0,0x017
0x095E,eef30fbede3c,pc080sn+0x12BC0,0x017
0x095F,896d6f4d8955,pc080sn+0x12BE0,0x017
0x0960,e1c55b3b85af,pc080sn+0x12C00,0x017
0x0961,f126a83d5899,pc080sn+0x12C20,0x017
0x0962,862b49141f0d,pc080sn+0x12C40,0x017
0x0963,374f7be3e179,pc080sn+0x12C60,0x017
0x0964,8c17374818d9,pc080sn+0x12C80,0x017
0x0965,56889b92d420,pc080sn+0x12CA0,0x017
0x0966,c1c4addbf3f0,pc080sn+0x12CC0,0x017
0x0967,52f04cd8464b,pc080sn+0x12CE0,0x017
0x0968,52f0f73fac84,pc080sn+0x12D00,0x017
0x0969,f457ee1370c3,pc080sn+0x12D20,0x017
0x096A,e2e4c3db5eb0,pc080sn+0x12D40,0x017
0x096B,050e648c50b3,pc080sn+0x12D60,0x017
0x096C,562ec37e1104,pc080sn+0x12D80,0x017
0x096D,a84ae8a9b2c6,pc080sn+0x12DA0,0x017
0x096E,aa908f8c8684,pc080sn+0x12DC0,0x017
0x096F,d7cfc38d0efd,pc080sn+0x12DE0,0x017
0x0970,907e78504d12,pc080sn+0x12E00,0x017
0x0971,aa8cab13b6f7,pc080sn+0x12E20,0x017
0x0972,5b980ce16afa,pc080sn+0x12E40,0x017
0x0973,2c5391c2c4db,pc080sn+0x12E60,0x017
0x0974,dfd7b0ca8a41,pc080sn+0x12E80,0x017
0x0975,9a5a193a888f,pc080sn+0x12EA0,0x017
0x0976,24ba93fe666a,pc080sn+0x12EC0,0x017
0x0977,d1eb92335795,pc080sn+0x12EE0,0x017
0x0978,c69bb3f854e0,pc080sn+0x12F00,0x017
0x0979,e93fd93144a0,pc080sn+0x12F20,0x017
0x097A,166ddc9c0e43,pc080sn+0x12F40,0x017
0x097B,0d408c921ae9,pc080sn+0x12F60,0x017
0x097C,c924a79f7261,pc080sn+0x12F80,0x017
0x097D,0e241e8d2fe9,pc080sn+0x12FA0,0x017
0x097E,67619231e697,pc080sn+0x12FC0,0x017
0x097F,5a109cfc5713,pc080sn+0x12FE0,0x017
0x0980,581128fcabe4,pc080sn+0x13000,0x017
0x0981,8e9dee4805f7,pc080sn+0x13020,0x017
0x0982,02d8f51d0f55,pc080sn+0x13040,0x017
0x0983,f98edc5c3620,pc080sn+0x13060,0x017
0x0984,013494f48e17,pc080sn+0x13080,0x017
0x0985,6aff9390082e,pc080sn+0x130A0,0x017
0x0986,8265aa20a850,pc080sn+0x130C0,0x017
0x0987,bd98e5cb2be8,pc080sn+0x130E0,0x017
0x0988,9ba47eb33284,pc080sn+0x13100,0x017
0x0989,223f1ef8d858,pc080sn+0x13120,0x017
0x098A,10f4d6b8b61a,pc080sn+0x13140,0x017
0x098B,03b2c4210306,pc080sn+0x13160,0x017
0x098C,1c45d128a25d,pc080sn+0x13180,0x017
0x098D,557885594959,pc080sn+0x131A0,0x017
0x098E,c131b166084c,pc080sn+0x131C0,0x017
0x098F,928f2fb876ab,pc080sn+0x131E0,0x017
0x0990,9ba8ea18597c,pc080sn+0x13200,0x017
0x0991,6314eb97a62f,pc080sn+0x13220,0x017
0x0992,857a05a8f326,pc080sn+0x13240,0x017
0x0993,0c912a1cd896,pc080sn+0x13260,0x017
0x0994,76672e298b44,pc080sn+0x13280,0x017
0x0995,601dbf65da53,pc080sn+0x132A0,0x017
0x0996,ad2344cda6b8,pc080sn+0x132C0,0x017
0x0997,c2f0e86ca00a,pc080sn+0x132E0,0x017
0x0998,dc3b1cf1b149,pc080sn+0x13300,0x017
0x0999,1bdab6c0db5c,pc080sn+0x13320,0x017
0x099A,6e587bfac9c9,pc080sn+0x13340,0x017
0x099B,80405b29ad65,pc080sn+0x13360,0x017
0x099C,ac262a2e5c8a,pc080sn+0x13380,0x017
0x099D,badde6bf1e41,pc080sn+0x133A0,0x017
0x099E,4a72e76e4b54,pc080sn+0x133C0,0x017
0x099F,d0c6d971657d,pc080sn+0x133E0,0x017
0x09A0,4a94908777e0,pc080sn+0x13400,0x017
0x09A1,f055be466652,pc080sn+0x13420,0x017
0x09A2,50cfcf125087,pc080sn+0x13440,0x017
0x09A3,9402b9379620,pc080sn+0x13460,0x017
0x09A4,05844c461145,pc080sn+0x13480,0x017
0x09A5,33dd9b836faa,pc080sn+0x134A0,0x017
0x09A6,388523a356de,pc080sn+0x134C0,0x017
0x09A7,7d831708cc9d,pc080sn+0x134E0,0x017
0x09A8,5ccf2866a0c1,pc080sn+0x13500,0x017
0x09A9,9f136d9742b9,pc080sn+0x13520,0x017
0x09AA,12a33e6cccbd,pc080sn+0x13540,0x017
0x09AB,fa051f5403f3,pc080sn+0x13560,0x017
0x09AC,4956d817c314,pc080sn+0x13580,0x017
0x09AD,c3d8129e805a,pc080sn+0x135A0,0x017
0x09AE,29146cc7b835,pc080sn+0x135C0,0x017
0x09AF,b25844767420,pc080sn+0x135E0,0x017
0x09B0,456cc39aeb96,pc080sn+0x13600,0x017
0x09B1,d83f6e12ca86,pc080sn+0x13620,0x017
0x09B2,8505a45a693f,pc080sn+0x13640,0x017
0x09B3,f394c1dfd635,pc080sn+0x13660,0x017
0x09B4,cbb89a010e39,pc080sn+0x13680,0x017
0x09B5,a553f9711f75,pc080sn+0x136A0,0x017
0x09B6,a89ad5750a1f,pc080sn+0x136C0,0x017
0x09B7,5feb30e2a6e5,pc080sn+0x136E0,0x017
0x09B8,0c2acda144ab,pc080sn+0x13700,0x017
0x09B9,211f29955c44,pc080sn+0x13720,0x017
0x09BA,cccf0c8396b3,pc080sn+0x13740,0x017
0x09BB,5927b3bde235,pc080sn+0x13760,0x017
0x09BC,cec0d15f5170,pc080sn+0x13780,0x017
0x09BD,baf5882eb0c5,pc080sn+0x137A0,0x017
0x09BE,af56c8efb83b,pc080sn+0x137C0,0x017
0x09BF,e048ea43a020,pc080sn+0x137E0,0x017
0x09C0,e1ba7a07c484,pc080sn+0x13800,0x017
0x09C1,b3ff0808fc18,pc080sn+0x13820,0x017
0x09C2,03e485adf695,pc080sn+0x13840,0x017
0x09C3,8c3a547a7b0a,pc080sn+0x13860,0x017
0x09C4,2670c8fd2364,pc080sn+0x13880,0x017
0x09C5,dcf47643f1b0,pc080sn+0x138A0,0x017
0x09C6,6a428f2dbef5,pc080sn+0x138C0,0x017
0x09C7,1d58b3fe9524,pc080sn+0x138E0,0x017
0x09C8,b56c46819990,pc080sn+0x13900,0x017
0x09C9,b6f5eb3771b5,pc080sn+0x13920,0x017
0x09CA,8cd4641113b4,pc080sn+0x13940,0x017
0x09CB,6d293f718dee,pc080sn+0x13960,0x017
0x09CC,6b61a1492c0b,pc080sn+0x13980,0x017
0x09CD,b3d7c7ded897,pc080sn+0x139A0,0x017
0x09CE,5c70ccb5bd35,pc080sn+0x139C0,0x017
0x09CF,bc83666701f3,pc080sn+0x139E0,0x017
0x09D0,b2f8a5bd019f,pc080sn+0x13A00,0x017
0x09D1,52e29bd7caf9,pc080sn+0x13A20,0x017
0x09D2,582b7a1500fb,pc080sn+0x13A40,0x017
0x09D3,cfceb85cc67e,pc080sn+0x13A60,0x017
0x09D4,ed0237303761,pc080sn+0x13A80,0x017
0x09D5,f4f9587951da,pc080sn+0x13AA0,0x017
0x09D6,648363256113,pc080sn+0x13AC0,0x018
0x09D7,ab2046aceaea,pc080sn+0x13AE0,0x018
0x09D8,59a15c0a4f7d,pc080sn+0x13B00,0x018
0x09D9,3e258e574faf,pc080sn+0x13B20,0x018
0x09DA,596424c3741e,pc080sn+0x13B40,0x018
0x09DB,1c9f503e6c12,pc080sn+0x13B60,0x018
0x09DC,f8abe48be307,pc080sn+0x13B80,0x018
0x09DD,5448bd256525,pc080sn+0x13BA0,0x018
0x09DE,3c1c4a12c7cd,pc080sn+0x13BC0,0x018
0x09DF,e36479a708dc,pc080sn+0x13BE0,0x018
0x09E0,8306ac857e66,pc080sn+0x13C00,0x018
0x09E1,3afba90657eb,pc080sn+0x13C20,0x018
0x09E2,9a4fc748085f,pc080sn+0x13C40,0x018
0x09E3,598c15826529,pc080sn+0x13C60,0x018
0x09E4,7118cc48da37,pc080sn+0x13C80,0x018
0x09E5,e61d1949035f,pc080sn+0x13CA0,0x018
0x09E6,af66396fe2e9,pc080sn+0x13CC0,0x018
0x09E7,73dbd56d185d,pc080sn+0x13CE0,0x018
0x09E8,4fa8b56b86a4,pc080sn+0x13D00,0x018
0x09E9,2a97298b4eb7,pc080sn+0x13D20,0x018
0x09EA,17dac493d96a,pc080sn+0x13D40,0x018
0x09EB,077af4ab2731,pc080sn+0x13D60,0x018
0x09EC,04beb3a3b1f3,pc080sn+0x13D80,0x018
0x09ED,7594f3605425,pc080sn+0x13DA0,0x018
0x09EE,f642f3ccc3fe,pc080sn+0x13DC0,0x018
0x09EF,2bcffd399861,pc080sn+0x13DE0,0x018
0x09F0,99249e134f84,pc080sn+0x13E00,0x018
0x09F1,307d1b97ac91,pc080sn+0x13E20,0x018
0x09F2,f09f9b058825,pc080sn+0x13E40,0x018
0x09F3,cda691b780a7,pc080sn+0x13E60,0x018
0x09F4,c2724bbffc0e,pc080sn+0x13E80,0x018
0x09F5,5bfe42b4917a,pc080sn+0x13EA0,0x018
0x09F6,121f988a16d8,pc080sn+0x13EC0,0x018
0x09F7,8480efe8f72f,pc080sn+0x13EE0,0x018
0x09F8,9096173fdb71,pc080sn+0x13F00,0x018
0x09F9,61e89f1c3f2a,pc080sn+0x13F20,0x018
0x09FA,55afcb0ab740,pc080sn+0x13F40,0x018
0x09FB,3d85dda3be77,pc080sn+0x13F60,0x018
0x09FC,157f089bb3a6,pc080sn+0x13F80,0x018
0x09FD,5d4d071acacb,pc080sn+0x13FA0,0x018
0x09FE,65ccbc88c9e8,pc080sn+0x13FC0,0x018
0x09FF,c6361687ce5a,pc080sn+0x13FE0,0x017
0x0A00,915f3f40fa64,pc080sn+0x14000,0x017
0x0A01,0478ad771e28,pc080sn+0x14020,0x017
0x0A02,eca4281cfbc1,pc080sn+0x14040,0x017
0x0A03,74201547e531,pc080sn+0x14060,0x017
0x0A04,f5ec3b3433c5,pc080sn+0x14080,0x017
0x0A05,b7e3406610a0,pc080sn+0x140A0,0x017
0x0A06,c5d6a960cc55,pc080sn+0x140C0,0x017
0x0A07,5fb423f2a6ac,pc080sn+0x140E0,0x017
0x0A08,5402deb368b3,pc080sn+0x14100,0x017
0x0A09,354c21cdbac7,pc080sn+0x14120,0x017
0x0A0A,6a125c7092e8,pc080sn+0x14140,0x017
0x0A0B,0af272bee924,pc080sn+0x14160,0x017
0x0A0C,59c25c3d9db7,pc080sn+0x14180,0x017
0x0A0D,9eab24b8693a,pc080sn+0x141A0,0x017
0x0A0E,63b1476cbe05,pc080sn+0x141C0,0x017
0x0A0F,308524d40d6a,pc080sn+0x141E0,0x017
0x0A10,53a74e5e54ca,pc080sn+0x14200,0x017
0x0A11,9cf0d5b88c44,pc080sn+0x14220,0x017
0x0A12,2a658f2cd82c,pc080sn+0x14240,0x017
0x0A13,0a95faf57e2d,pc080sn+0x14260,0x017
0x0A14,7a2ec6deddbe,pc080sn+0x14280,0x017
0x0A15,e0aa954861e1,pc080sn+0x142A0,0x017
0x0A16,887199566faf,pc080sn+0x142C0,0x017
0x0A17,f25efc9ea983,pc080sn+0x142E0,0x017
0x0A18,d5b76b1ef13c,pc080sn+0x14300,0x017
0x0A19,ad266aa87dba,pc080sn+0x14320,0x017
0x0A1A,85ecb2716bb5,pc080sn+0x14340,0x017
0x0A1B,63e795c9c8b4,pc080sn+0x14360,0x017
0x0A1C,3c283e6a3027,pc080sn+0x14380,0x017
0x0A1D,d86d94d75d2b,pc080sn+0x143A0,0x017
0x0A1E,246c949a79bf,pc080sn+0x143C0,0x017
0x0A1F,f77a983aa851,pc080sn+0x143E0,0x017
0x0A20,d8fef1997a2e,pc080sn+0x14400,0x017
0x0A21,c7a52ded09e5,pc080sn+0x14420,0x017
0x0A22,7be233082fdc,pc080sn+0x14440,0x017
0x0A23,d77e50973250,pc080sn+0x14460,0x017
0x0A24,f89245cd57ca,pc080sn+0x14480,0x017
0x0A25,9f7639c0cfe4,pc080sn+0x144A0,0x017
0x0A26,b0e5adf85dda,pc080sn+0x144C0,0x017
0x0A27,74b65a8bd97d,pc080sn+0x144E0,0x017
0x0A28,fe6d48ababa1,pc080sn+0x14500,0x017
0x0A29,b00fc3d3efff,pc080sn+0x14520,0x017
0x0A2A,73cbbe3286fb,pc080sn+0x14540,0x017
0x0A2B,1bd6c8366e7e,pc080sn+0x14560,0x017
0x0A2C,505018e37152,pc080sn+0x14580,0x017
0x0A2D,0777ee91dccc,pc080sn+0x145A0,0x017
0x0A2E,c765b7000e0c,pc080sn+0x145C0,0x017
0x0A2F,c5f93c48446d,pc080sn+0x145E0,0x017
0x0A30,3f8464503061,pc080sn+0x14600,0x017
0x0A31,2f76f2e775d6,pc080sn+0x14620,0x017
0x0A32,ac4c86a4f005,pc080sn+0x14640,0x017
0x0A33,60437365110c,pc080sn+0x14660,0x017
0x0A34,d1302586d0e5,pc080sn+0x14680,0x017
0x0A35,865608424cdd,pc080sn+0x146A0,0x017
0x0A36,c1f727703c21,pc080sn+0x146C0,0x017
0x0A37,a0ca27d673d3,pc080sn+0x146E0,0x017
0x0A38,8d64e2277488,pc080sn+0x14700,0x017
0x0A39,cd40476d042d,pc080sn+0x14720,0x017
0x0A3A,b6ff0f045faf,pc080sn+0x14740,0x017
0x0A3B,13eeae98b461,pc080sn+0x14760,0x017
0x0A3C,884776ac88c0,pc080sn+0x14780,0x017
0x0A3D,cae6c6621ad7,pc080sn+0x147A0,0x017
0x0A3E,6c1f982702f1,pc080sn+0x147C0,0x017
0x0A3F,e53f9d3c35db,pc080sn+0x147E0,0x017
0x0A40,7b209723fd0f,pc080sn+0x14800,0x017
0x0A41,d6d82537264a,pc080sn+0x14820,0x017
0x0A42,04b2da061188,pc080sn+0x14840,0x018
0x0A43,b52bf8c0bfb2,pc080sn+0x14860,0x018
0x0A44,e8f0f84ae52a,pc080sn+0x14880,0x018
0x0A45,dabeb24ad8f1,pc080sn+0x148A0,0x018
0x0A46,82b64d02bb05,pc080sn+0x148C0,0x018
0x0A47,2c07eac8741f,pc080sn+0x148E0,0x018
0x0A48,f7b4cd7e5bf4,pc080sn+0x14900,0x018
0x0A49,863a756d7b9d,pc080sn+0x14920,0x018
0x0A4A,12702e6c031d,pc080sn+0x14940,0x018
0x0A4B,9bee3366d1b3,pc080sn+0x14960,0x018
0x0A4C,9e2b83982e4d,pc080sn+0x14980,0x018
0x0A4D,1e7bbdff3f4d,pc080sn+0x149A0,0x018
0x0A4E,f5cf41477b6f,pc080sn+0x149C0,0x018
0x0A4F,d44d5571ce6d,pc080sn+0x149E0,0x018
0x0A50,9cbd0196dd1a,pc080sn+0x14A00,0x018
0x0A51,fee5ced762b1,pc080sn+0x14A20,0x018
0x0A52,d4c098eb900e,pc080sn+0x14A40,0x018
0x0A53,2d6c86be391a,pc080sn+0x14A60,0x018
0x0A54,de23442e5fef,pc080sn+0x14A80,0x018
0x0A55,277147a8b79b,pc080sn+0x14AA0,0x018
0x0A56,d9905119d71a,pc080sn+0x14AC0,0x018
0x0A57,10155bf03bb0,pc080sn+0x14AE0,0x018
0x0A58,6a1b768d3c71,pc080sn+0x14B00,0x018
0x0A59,ecb6317c7407,pc080sn+0x14B20,0x018
0x0A5A,0bb1f07daab2,pc080sn+0x14B40,0x018
0x0A5B,e7cda5e50422,pc080sn+0x14B60,0x018
0x0A5C,2ebfc9041541,pc080sn+0x14B80,0x018
0x0A5D,f08ca0fbc51e,pc080sn+0x14BA0,0x018
0x0A5E,5d840e1e3c8a,pc080sn+0x14BC0,0x018
0x0A5F,da8a7be0db1c,pc080sn+0x14BE0,0x018
0x0A60,042bc9ec00ed,pc080sn+0x14C00,0x018
0x0A61,b4974c26c438,pc080sn+0x14C20,0x018
0x0A62,31d5536b3699,pc080sn+0x14C40,0x018
0x0A63,4f1be43fdf7b,pc080sn+0x14C60,0x018
0x0A64,d9aac684441a,pc080sn+0x14C80,0x018
0x0A65,405a4cf89175,pc080sn+0x14CA0,0x018
0x0A66,5662fee97252,pc080sn+0x14CC0,0x018
0x0A67,9ffd1b657c8f,pc080sn+0x14CE0,0x018
0x0A68,e74760fbd75f,pc080sn+0x14D00,0x018
0x0A69,395c8666d7bb,pc080sn+0x14D20,0x018
0x0A6A,ae386b49731d,pc080sn+0x14D40,0x018
0x0A6B,f74fa34c2609,pc080sn+0x14D60,0x018
0x0A6C,a67e519d7464,pc080sn+0x14D80,0x018
0x0A6D,0426e28029ad,pc080sn+0x14DA0,0x018
0x0A6E,646d55c4ce5d,pc080sn+0x14DC0,0x018
0x0A6F,5c6254b19c9d,pc080sn+0x14DE0,0x018
0x0A70,5ce8aaa6c5ad,pc080sn+0x14E00,0x018
0x0A71,b04bc19c7ea6,pc080sn+0x14E20,0x018
0x0A72,22ef676d483b,pc080sn+0x14E40,0x018
0x0A73,f786cbb4d7b8,pc080sn+0x14E60,0x018
0x0A74,db930379739a,pc080sn+0x14E80,0x018
0x0A75,3bb3a1bcfbba,pc080sn+0x14EA0,0x018
0x0A76,464c990331cc,pc080sn+0x14EC0,0x018
0x0A77,95382add15dd,pc080sn+0x14EE0,0x018
0x0A78,fc6668468ea3,pc080sn+0x14F00,0x018
0x0A79,e4e3665153a2,pc080sn+0x14F20,0x018
0x0A7A,69e00a0ba0c1,pc080sn+0x14F40,0x018
0x0A7B,4a0de7fd9ae1,pc080sn+0x14F60,0x018
0x0A7C,84b56378c078,pc080sn+0x14F80,0x018
0x0A7D,da56b2c10a82,pc080sn+0x14FA0,0x018
0x0A7E,417620a03ca5,pc080sn+0x14FC0,0x018
0x0A7F,4569e2181b1c,pc080sn+0x14FE0,0x018
0x0A80,e05e7fc0b073,pc080sn+0x15000,0x018
0x0A81,4b189ecbd6d7,pc080sn+0x15020,0x018
0x0A82,e87a48df8606,pc080sn+0x15040,0x018
0x0A83,0cfa0c1ba927,pc080sn+0x15060,0x018
0x0A84,9113e33cf5b6,pc080sn+0x15080,0x018
0x0A85,e64c8801a41f,pc080sn+0x150A0,0x018
0x0A86,88c6906d10f2,pc080sn+0x150C0,0x018
0x0A87,c0d8290ce3c1,pc080sn+0x150E0,0x018
0x0A88,48efa2bd18e0,pc080sn+0x15100,0x018
0x0A89,715c7bcc0605,pc080sn+0x15120,0x018
0x0A8A,a277f716752c,pc080sn+0x15140,0x018
0x0A8B,5976b9b5e641,pc080sn+0x15160,0x018
0x0A8C,3c8343a3c559,pc080sn+0x15180,0x018
0x0A8D,511250c8b60a,pc080sn+0x151A0,0x018
0x0A8E,4c40143dd976,pc080sn+0x151C0,0x017
0x0A8F,bada1ed93468,pc080sn+0x151E0,0x017
0x0A90,8768b4ac7081,pc080sn+0x15200,0x017
0x0A91,0fe78e20212f,pc080sn+0x15220,0x017
0x0A92,5075c6ffee36,pc080sn+0x15240,0x017
0x0A93,5bd7bafcf806,pc080sn+0x15260,0x017
0x0A94,912da97afa2b,pc080sn+0x15280,0x017
0x0A95,98ed71f7b6cd,pc080sn+0x152A0,0x017
