id,name,aliases,semantic_category,resolution_status,name_status,palette_status,proven_effective_palette_banks,legal_palette_candidates,round_phase_presence,actor_records,actor_classes,spawn_controller_callers,renderer_compositor_families,animation_state_values,composer_tables,representative_codes,composite_dimensions_pixels,palette_derivation,observed_sprite_controls,observed_actor_palette_attributes,static_proof,dynamic_proof,merge_split_rationale,feasibility_treatment,physical_pattern_count,representative_piece_count,unresolved_blockers,representative_png
round1_boss_composite,Round 1 boss composite (semantic name unresolved),[],BOSS,unresolved,provisional,unknown,[],"[0,1,2,3,4,5,6,7,8,9,10,11,12,13,14,15]","[""round1_boss""]",[],"[""0x00"",""0x01"",""0x02"",""0x03"",""0x08"",""0x09"",""0x0A"",""0x0B"",""0x0C"",""0x0D"",""0x0E"",""0x0F"",""0x10"",""0x11"",""0x14"",""0x1A"",""0x1B"",""0x1C"",""0x1D"",""0x1E"",""0x1F"",""0x9D"",""0x9E"",""0x9F"",""0xA0""]","[""arcade_pc 0x0559B2 map/collision publication"",""arcade_pc 0x041180 spawn/class selection"",""arcade_pc 0x04543E actor record loader"",""arcade_pc 0x041F30 boss PC090OJ ownership path""]","[""0x00"",""0x01""]","[""0x00"",""0x01"",""0x02"",""0x03"",""0x04"",""0x05""]","[""arcade_rom/data 0x03D09E"",""arcade_rom/data 0x04771C""]","[1659,1660,1679,1680,1681,1682,1683,1714,1715,1716,1717,1718,1719,1720,1721,1722,1723,1724,1725]","{""width"":124,""height"":166}",effective_bank = ((sprite_ctrl & 0x00E0) >> 1) | (actor_attr & 0x0F); exact object-to-bank relationship remains unknown unless palette_status is proven,[0],[0],"[""arcade_pc 0x03D054 renderer/compositor dispatch"",""PC090OJ record ownership from arcade_pc 0x041DAE or boss arcade_pc 0x041F30""]","[""original arcade MAME actor/PC090OJ sweep"",""sample frame 2772 at round1_boss""]",Not merged with another candidate without arcade semantic proof.,included conservatively; never zero-cost,19,27,"[""semantic family name"",""exact object-to-palette-bank relationship""]",sprites/round1_boss_composite.png
round2_boss_composite,Round 2 boss composite (semantic name unresolved),[],BOSS,unresolved,provisional,unknown,[],"[0,1,2,3,4,5,6,7,8,9,10,11,12,13,14,15]","[""round2_boss""]",[],"[""0x00"",""0x01"",""0x02"",""0x03"",""0x08"",""0x09"",""0x0A"",""0x0B"",""0x0C"",""0x0D"",""0x0E"",""0x0F"",""0x10"",""0x11"",""0x14"",""0x19"",""0x1A"",""0x1B"",""0x1C"",""0x1D"",""0x1E"",""0x1F"",""0x9D"",""0x9E"",""0x9F"",""0xA0""]","[""arcade_pc 0x0559B2 map/collision publication"",""arcade_pc 0x041180 spawn/class selection"",""arcade_pc 0x04543E actor record loader"",""arcade_pc 0x041F30 boss PC090OJ ownership path""]","[""0x00"",""0x01""]","[""0x00"",""0x01"",""0x02"",""0x03"",""0x04"",""0x05""]","[""arcade_rom/data 0x03D09E"",""arcade_rom/data 0x04771C""]","[648,649,650,651,652,653,1659,1660,1668,1672,1684,1685,1686,1687,1714,1715,1716,1717,1718,1719,1720,1721,1722,1723,1724,1725]","{""width"":212,""height"":234}",effective_bank = ((sprite_ctrl & 0x00E0) >> 1) | (actor_attr & 0x0F); exact object-to-bank relationship remains unknown unless palette_status is proven,[0],[0],"[""arcade_pc 0x03D054 renderer/compositor dispatch"",""PC090OJ record ownership from arcade_pc 0x041DAE or boss arcade_pc 0x041F30""]","[""original arcade MAME actor/PC090OJ sweep"",""sample frame 2944 at round2_boss""]",Not merged with another candidate without arcade semantic proof.,included conservatively; never zero-cost,26,28,"[""semantic family name"",""exact object-to-palette-bank relationship""]",sprites/round2_boss_composite.png
round3_boss_composite,Round 3 boss composite (semantic name unresolved),[],BOSS,unresolved,provisional,unknown,[],"[0,1,2,3,4,5,6,7,8,9,10,11,12,13,14,15]","[""round3_boss""]",[],"[""0x00"",""0x01"",""0x02"",""0x03"",""0x08"",""0x09"",""0x0A"",""0x0B"",""0x0C"",""0x0D"",""0x0E"",""0x0F"",""0x10"",""0x11"",""0x14"",""0x19"",""0x1A"",""0x1B"",""0x1C"",""0x1D"",""0x1E"",""0x1F"",""0x9D"",""0x9E"",""0x9F"",""0xA0""]","[""arcade_pc 0x0559B2 map/collision publication"",""arcade_pc 0x041180 spawn/class selection"",""arcade_pc 0x04543E actor record loader"",""arcade_pc 0x041F30 boss PC090OJ ownership path""]","[""0x00"",""0x01""]","[""0x00"",""0x02"",""0x04""]","[""arcade_rom/data 0x03D09E"",""arcade_rom/data 0x04771C""]","[648,649,650,651,652,653,673,675,676,677,679,680,1671,1692,1693,1694,1695,1714,1715,1716,1717,1718,1719,1720,1721,1722,1723,1724,1725]","{""width"":123,""height"":148}",effective_bank = ((sprite_ctrl & 0x00E0) >> 1) | (actor_attr & 0x0F); exact object-to-bank relationship remains unknown unless palette_status is proven,[0],[0],"[""arcade_pc 0x03D054 renderer/compositor dispatch"",""PC090OJ record ownership from arcade_pc 0x041DAE or boss arcade_pc 0x041F30""]","[""original arcade MAME actor/PC090OJ sweep"",""sample frame 3600 at round3_boss""]",Not merged with another candidate without arcade semantic proof.,included conservatively; never zero-cost,29,29,"[""semantic family name"",""exact object-to-palette-bank relationship""]",sprites/round3_boss_composite.png
round4_boss_composite,Round 4 boss composite (semantic name unresolved),[],BOSS,unresolved,provisional,unknown,[],"[0,1,2,3,4,5,6,7,8,9,10,11,12,13,14,15]","[""round4_boss""]",[],"[""0x00"",""0x01"",""0x02"",""0x03"",""0x08"",""0x09"",""0x0A"",""0x0B"",""0x0C"",""0x0D"",""0x0E"",""0x0F"",""0x10"",""0x11"",""0x14"",""0x19"",""0x1A"",""0x1B"",""0x1C"",""0x1D"",""0x1E"",""0x1F"",""0x9D"",""0x9E"",""0x9F"",""0xA0""]","[""arcade_pc 0x0559B2 map/collision publication"",""arcade_pc 0x041180 spawn/class selection"",""arcade_pc 0x04543E actor record loader"",""arcade_pc 0x041F30 boss PC090OJ ownership path""]","[""0x00"",""0x01""]","[""0x00"",""0x01"",""0x02"",""0x03"",""0x04"",""0x05""]","[""arcade_rom/data 0x03D09E"",""arcade_rom/data 0x04771C""]","[1659,1660,1679,1680,1681,1682,1683,1714,1715,1716,1717,1718,1719,1720,1721,1722,1723,1724,1725]","{""width"":124,""height"":166}",effective_bank = ((sprite_ctrl & 0x00E0) >> 1) | (actor_attr & 0x0F); exact object-to-bank relationship remains unknown unless palette_status is proven,[0],[0],"[""arcade_pc 0x03D054 renderer/compositor dispatch"",""PC090OJ record ownership from arcade_pc 0x041DAE or boss arcade_pc 0x041F30""]","[""original arcade MAME actor/PC090OJ sweep"",""sample frame 2772 at round4_boss""]",Not merged with another candidate without arcade semantic proof.,included conservatively; never zero-cost,19,27,"[""semantic family name"",""exact object-to-palette-bank relationship""]",sprites/round4_boss_composite.png
round5_boss_composite,Round 5 boss composite (semantic name unresolved),[],BOSS,unresolved,provisional,unknown,[],"[0,1,2,3,4,5,6,7,8,9,10,11,12,13,14,15]","[""round5_boss""]",[],"[""0x00"",""0x01"",""0x02"",""0x03"",""0x08"",""0x09"",""0x0A"",""0x0B"",""0x0C"",""0x0D"",""0x0E"",""0x0F"",""0x10"",""0x11"",""0x14"",""0x19"",""0x1A"",""0x1B"",""0x1C"",""0x1D"",""0x1E"",""0x1F"",""0x9D"",""0x9E"",""0x9F"",""0xA0""]","[""arcade_pc 0x0559B2 map/collision publication"",""arcade_pc 0x041180 spawn/class selection"",""arcade_pc 0x04543E actor record loader"",""arcade_pc 0x041F30 boss PC090OJ ownership path""]","[""0x00"",""0x01""]","[""0x00"",""0x01"",""0x02"",""0x03"",""0x04"",""0x05""]","[""arcade_rom/data 0x03D09E"",""arcade_rom/data 0x04771C""]","[648,649,650,651,652,653,654,655,657,658,660,661,1659,1660,1671,1692,1693,1694,1695,1714,1715,1716,1717,1718,1719,1720,1721,1722,1723,1724,1725]","{""width"":173,""height"":230}",effective_bank = ((sprite_ctrl & 0x00E0) >> 1) | (actor_attr & 0x0F); exact object-to-bank relationship remains unknown unless palette_status is proven,[0],[0],"[""arcade_pc 0x03D054 renderer/compositor dispatch"",""PC090OJ record ownership from arcade_pc 0x041DAE or boss arcade_pc 0x041F30""]","[""original arcade MAME actor/PC090OJ sweep"",""sample frame 3674 at round5_boss""]",Not merged with another candidate without arcade semantic proof.,included conservatively; never zero-cost,31,32,"[""semantic family name"",""exact object-to-palette-bank relationship""]",sprites/round5_boss_composite.png
round6_boss_composite,Round 6 boss composite (semantic name unresolved),[],BOSS,unresolved,provisional,unknown,[],"[0,1,2,3,4,5,6,7,8,9,10,11,12,13,14,15]","[""round6_boss""]",[],"[""0x00"",""0x01"",""0x02"",""0x03"",""0x08"",""0x09"",""0x0A"",""0x0B"",""0x0C"",""0x0D"",""0x0E"",""0x0F"",""0x10"",""0x11"",""0x14"",""0x1A"",""0x1B"",""0x1C"",""0x1D"",""0x1E"",""0x1F"",""0x9D"",""0x9E"",""0x9F"",""0xA0""]","[""arcade_pc 0x0559B2 map/collision publication"",""arcade_pc 0x041180 spawn/class selection"",""arcade_pc 0x04543E actor record loader"",""arcade_pc 0x041F30 boss PC090OJ ownership path""]","[""0x00"",""0x01""]","[""0x00"",""0x01"",""0x02"",""0x03"",""0x04"",""0x05""]","[""arcade_rom/data 0x03D09E"",""arcade_rom/data 0x04771C""]","[1659,1660,1679,1680,1681,1682,1683,1714,1715,1716,1717,1718,1719,1720,1721,1722,1723,1724,1725]","{""width"":124,""height"":131}",effective_bank = ((sprite_ctrl & 0x00E0) >> 1) | (actor_attr & 0x0F); exact object-to-bank relationship remains unknown unless palette_status is proven,[0],[0],"[""arcade_pc 0x03D054 renderer/compositor dispatch"",""PC090OJ record ownership from arcade_pc 0x041DAE or boss arcade_pc 0x041F30""]","[""original arcade MAME actor/PC090OJ sweep"",""sample frame 2772 at round6_boss""]",Not merged with another candidate without arcade semantic proof.,included conservatively; never zero-cost,19,27,"[""semantic family name"",""exact object-to-palette-bank relationship""]",sprites/round6_boss_composite.png
aux_8c8_base0268_compositor0,ACTOR_8C8_BASE_0268_COMPOSITOR_0,[],EFFECT / TRANSIENT,unresolved,provisional,unknown,[],"[0,1,2,3,4,5,6,7,8,9,10,11,12,13,14,15]","[""round1_phase1""]",[],"[""0xB9"",""0xBA"",""0xBB""]","[""arcade_pc 0x0559B2 map/collision publication"",""arcade_pc 0x041180 spawn/class selection"",""arcade_pc 0x04543E actor record loader""]","[""0x00""]","[""0x00""]","[""arcade_rom/data 0x03D09E""]",[],,effective_bank = ((sprite_ctrl & 0x00E0) >> 1) | (actor_attr & 0x0F); exact object-to-bank relationship remains unknown unless palette_status is proven,[0],[128],"[""arcade_pc 0x03D054 renderer/compositor dispatch"",""PC090OJ record ownership from arcade_pc 0x041DAE or boss arcade_pc 0x041F30""]","[""original arcade MAME actor/PC090OJ sweep"",""sample frame 3808 at round1_phase1""]",Not merged with another candidate without arcade semantic proof.,included conservatively; never zero-cost,0,0,"[""semantic family name"",""exact object-to-palette-bank relationship""]",sprites/aux_8c8_base0268_compositor0.png
aux_8c8_base0275_compositor0,ACTOR_8C8_BASE_0275_COMPOSITOR_0,[],EFFECT / TRANSIENT,unresolved,provisional,unknown,[],"[0,1,2,3,4,5,6,7,8,9,10,11,12,13,14,15]","[""round1_phase1""]",[],"[""0xA8""]","[""arcade_pc 0x0559B2 map/collision publication"",""arcade_pc 0x041180 spawn/class selection"",""arcade_pc 0x04543E actor record loader""]","[""0x00""]","[""0x00""]","[""arcade_rom/data 0x03D09E""]",[],,effective_bank = ((sprite_ctrl & 0x00E0) >> 1) | (actor_attr & 0x0F); exact object-to-bank relationship remains unknown unless palette_status is proven,[0],[128],"[""arcade_pc 0x03D054 renderer/compositor dispatch"",""PC090OJ record ownership from arcade_pc 0x041DAE or boss arcade_pc 0x041F30""]","[""original arcade MAME actor/PC090OJ sweep"",""sample frame 3912 at round1_phase1""]",Not merged with another candidate without arcade semantic proof.,included conservatively; never zero-cost,0,0,"[""semantic family name"",""exact object-to-palette-bank relationship""]",sprites/aux_8c8_base0275_compositor0.png
transient_effect,Transient effect classes,[],EFFECT / TRANSIENT,unresolved,provisional,unknown,[],"[48,49,50,51,52,53,54,55,56,57,58,59,60,61,62,63]",[],[],[],[],[],[],[],[],,,[],[],"[""conservative semantic class for legal graphics-bearing effects not otherwise resolved""]",[],Not merged with another candidate without arcade semantic proof.,included conservatively; never zero-cost,0,0,"[""exact family/route merge"",""composer pieces"",""palette bank""]",sprites/transient_effect.png
collision_marker40_route,Marker 0x40 hostile-route candidate,[],ENEMY / HOSTILE,unresolved,provisional,unknown,[],"[48,49,50,51,52,53,54,55,56,57,58,59,60,61,62,63]",[],[],[],[],[],[],[],[],,,[],[],"[""original arcade map semantics; conservatively retained until the marker route is classified""]",[],Not merged with another candidate without arcade semantic proof.,included conservatively; never zero-cost,0,0,"[""exact family/route merge"",""composer pieces"",""palette bank""]",sprites/collision_marker40_route.png
collision_marker41_route,Marker 0x41 hostile-route candidate,[],ENEMY / HOSTILE,unresolved,provisional,unknown,[],"[48,49,50,51,52,53,54,55,56,57,58,59,60,61,62,63]",[],[],[],[],[],[],[],[],,,[],[],"[""original arcade map semantics; conservatively retained until the marker route is classified""]",[],Not merged with another candidate without arcade semantic proof.,included conservatively; never zero-cost,0,0,"[""exact family/route merge"",""composer pieces"",""palette bank""]",sprites/collision_marker41_route.png
collision_marker49_special_route,Marker 0x49 special-route candidate,[],ENEMY / HOSTILE,unresolved,provisional,unknown,[],"[48,49,50,51,52,53,54,55,56,57,58,59,60,61,62,63]",[],[],[],[],[],[],[],[],,,[],[],"[""original arcade map and spawn switch; conservatively retained until the special route is classified""]",[],Not merged with another candidate without arcade semantic proof.,included conservatively; never zero-cost,0,0,"[""exact family/route merge"",""composer pieces"",""palette bank""]",sprites/collision_marker49_special_route.png
collision_marker4f_behavior20_route,Marker 0x4F behavior-0x20 candidate,[],ENEMY / HOSTILE,unresolved,provisional,unknown,[],"[48,49,50,51,52,53,54,55,56,57,58,59,60,61,62,63]",[],[],[],[],[],[],[],[],,,[],[],"[""original arcade map and spawn switch; conservatively retained as a legal graphics-bearing candidate""]",[],Not merged with another candidate without arcade semantic proof.,included conservatively; never zero-cost,0,0,"[""exact family/route merge"",""composer pieces"",""palette bank""]",sprites/collision_marker4f_behavior20_route.png
four_armed_enemy,Four-armed enemy,[],ENEMY / HOSTILE,unresolved,provisional,unknown,[],"[48,49,50,51,52,53,54,55,56,57,58,59,60,61,62,63]",[],[],[],[],[],[],[],[],,,[],[],"[""legal graphics-bearing Stage-1 enemy; retained as a conservative feasibility blocker""]",[],Not merged with another candidate without arcade semantic proof.,included conservatively; never zero-cost,0,0,"[""exact family/route merge"",""composer pieces"",""palette bank""]",sprites/four_armed_enemy.png
hostile_base004b_compositor0,Stage-1 Lizardman,[],ENEMY / HOSTILE,resolved,resolved,proven,[54],[],"[""round1_phase1"",""round2_phase1"",""round4_phase1"",""round5_phase1"",""round6_phase1""]","[""normal_variant_a_00"",""normal_variant_b_00""]","[""0x17"",""0x18"",""0x19"",""0x1A"",""0x1B"",""0x1C"",""0x1D"",""0x1E"",""0x1F""]","[""arcade_pc 0x0559B2 map/collision publication"",""arcade_pc 0x041180 spawn/class selection"",""arcade_pc 0x04543E actor record loader""]","[""0x00""]","[""0x00""]","[""arcade_rom/data 0x03D09E""]","[79,80,81,82,83,84,99,100,101,102]","{""width"":48,""height"":48}",sprite_ctrl 0x0060 supplies 0x30 and actor_attr low nibble 0x06 selects proven arcade bank 0x36,[0],[70],"[""arcade_pc 0x03D054 renderer/compositor dispatch"",""PC090OJ record ownership from arcade_pc 0x041DAE or boss arcade_pc 0x041F30""]","[""original arcade MAME actor/PC090OJ sweep"",""sample frame 2806 at round1_phase1""]",Family-0 classes observed with base 0x004B share the established Lizardman producer/composer vocabulary; animation/class variants remain one family.,included conservatively; never zero-cost,10,10,[],sprites/hostile_base004b_compositor0.png
hostile_base00d0_compositor0,HOSTILE_BASE_00D0_COMPOSITOR0_UNRESOLVED,[],ENEMY / HOSTILE,unresolved,provisional,unknown,[],"[0,1,2,3,4,5,6,7,8,9,10,11,12,13,14,15]","[""round5_phase1"",""round6_castle"",""round6_phase1""]","[""normal_variant_a_01"",""normal_variant_b_01""]","[""0x25"",""0x27"",""0x28"",""0x29"",""0x4E"",""0x4F"",""0x50"",""0x51"",""0x52"",""0x53"",""0x54"",""0x55"",""0x56""]","[""arcade_pc 0x0559B2 map/collision publication"",""arcade_pc 0x041180 spawn/class selection"",""arcade_pc 0x04543E actor record loader""]","[""0x00""]","[""0x00"",""0x01"",""0x02"",""0x03"",""0x04"",""0x05""]","[""arcade_rom/data 0x03D09E""]","[422,423,424,425,426,427,428,429,430,431]","{""width"":64,""height"":48}",effective_bank = ((sprite_ctrl & 0x00E0) >> 1) | (actor_attr & 0x0F); exact object-to-bank relationship remains unknown unless palette_status is proven,[0],[68],"[""arcade_pc 0x03D054 renderer/compositor dispatch"",""PC090OJ record ownership from arcade_pc 0x041DAE or boss arcade_pc 0x041F30""]","[""original arcade MAME actor/PC090OJ sweep"",""sample frame 3250 at round5_phase1""]",Not merged with another candidate without arcade semantic proof.,included conservatively; never zero-cost,10,10,"[""semantic family name"",""exact object-to-palette-bank relationship""]",sprites/hostile_base00d0_compositor0.png
hostile_base0179_compositor0,HOSTILE_BASE_0179_COMPOSITOR0_UNRESOLVED,[],ENEMY / HOSTILE,unresolved,provisional,unknown,[],"[0,1,2,3,4,5,6,7,8,9,10,11,12,13,14,15]","[""round1_phase1""]",[],"[""0x70"",""0x71"",""0x72"",""0x73""]","[""arcade_pc 0x0559B2 map/collision publication"",""arcade_pc 0x041180 spawn/class selection"",""arcade_pc 0x04543E actor record loader""]","[""0x00""]","[""0x00""]","[""arcade_rom/data 0x03D09E""]","[377,378,379,380]","{""width"":32,""height"":32}",effective_bank = ((sprite_ctrl & 0x00E0) >> 1) | (actor_attr & 0x0F); exact object-to-bank relationship remains unknown unless palette_status is proven,[0],[0],"[""arcade_pc 0x03D054 renderer/compositor dispatch"",""PC090OJ record ownership from arcade_pc 0x041DAE or boss arcade_pc 0x041F30""]","[""original arcade MAME actor/PC090OJ sweep"",""sample frame 3430 at round1_phase1""]",Not merged with another candidate without arcade semantic proof.,included conservatively; never zero-cost,4,4,"[""semantic family name"",""exact object-to-palette-bank relationship""]",sprites/hostile_base0179_compositor0.png
hostile_base01cb_compositor0,HOSTILE_BASE_01CB_COMPOSITOR0_UNRESOLVED,[],ENEMY / HOSTILE,unresolved,provisional,unknown,[],"[0,1,2,3,4,5,6,7,8,9,10,11,12,13,14,15]","[""round5_castle"",""round6_castle""]","[""normal_variant_a_05"",""normal_variant_b_05""]","[""0xD0"",""0xD1"",""0xD2"",""0xD3"",""0xD4"",""0xD5"",""0xD6"",""0xD7"",""0xD8"",""0xD9""]","[""arcade_pc 0x0559B2 map/collision publication"",""arcade_pc 0x041180 spawn/class selection"",""arcade_pc 0x04543E actor record loader""]","[""0x00""]","[""0x00""]","[""arcade_rom/data 0x03D09E""]",[0],"{""width"":16,""height"":16}",effective_bank = ((sprite_ctrl & 0x00E0) >> 1) | (actor_attr & 0x0F); exact object-to-bank relationship remains unknown unless palette_status is proven,[0],[70],"[""arcade_pc 0x03D054 renderer/compositor dispatch"",""PC090OJ record ownership from arcade_pc 0x041DAE or boss arcade_pc 0x041F30""]","[""original arcade MAME actor/PC090OJ sweep"",""sample frame 3288 at round6_castle""]",Not merged with another candidate without arcade semantic proof.,included conservatively; never zero-cost,1,19,"[""semantic family name"",""exact object-to-palette-bank relationship""]",sprites/hostile_base01cb_compositor0.png
hostile_base0275_compositor0,HOSTILE_BASE_0275_COMPOSITOR0_UNRESOLVED,[],ENEMY / HOSTILE,unresolved,provisional,unknown,[],"[0,1,2,3,4,5,6,7,8,9,10,11,12,13,14,15]","[""round3_castle""]",[],"[""0x9E"",""0xA0""]","[""arcade_pc 0x0559B2 map/collision publication"",""arcade_pc 0x041180 spawn/class selection"",""arcade_pc 0x04543E actor record loader""]","[""0x00""]","[""0x00""]","[""arcade_rom/data 0x03D09E""]","[662,663,664,665,666,667,668,669,670]","{""width"":59,""height"":48}",effective_bank = ((sprite_ctrl & 0x00E0) >> 1) | (actor_attr & 0x0F); exact object-to-bank relationship remains unknown unless palette_status is proven,[0],[64],"[""arcade_pc 0x03D054 renderer/compositor dispatch"",""PC090OJ record ownership from arcade_pc 0x041DAE or boss arcade_pc 0x041F30""]","[""original arcade MAME actor/PC090OJ sweep"",""sample frame 3132 at round3_castle""]",Not merged with another candidate without arcade semantic proof.,included conservatively; never zero-cost,9,9,"[""semantic family name"",""exact object-to-palette-bank relationship""]",sprites/hostile_base0275_compositor0.png
hostile_base02e8_compositor0,HOSTILE_BASE_02E8_COMPOSITOR0_UNRESOLVED,[],ENEMY / HOSTILE,unresolved,provisional,unknown,[],"[0,1,2,3,4,5,6,7,8,9,10,11,12,13,14,15]","[""round3_phase1"",""round4_phase1"",""round6_phase1""]","[""normal_variant_a_03"",""normal_variant_b_03""]","[""0x5F"",""0x60"",""0x61"",""0x62"",""0x63"",""0x64"",""0x65"",""0x66"",""0x67"",""0x68"",""0x69"",""0x6A"",""0x6B"",""0x6C"",""0x6D"",""0x6E"",""0x6F"",""0xB3"",""0xB4""]","[""arcade_pc 0x0559B2 map/collision publication"",""arcade_pc 0x041180 spawn/class selection"",""arcade_pc 0x04543E actor record loader""]","[""0x00""]","[""0x00"",""0x01"",""0x02"",""0x03""]","[""arcade_rom/data 0x03D09E""]","[744,747,756,757,758,761,762,763,764,765]","{""width"":48,""height"":67}",effective_bank = ((sprite_ctrl & 0x00E0) >> 1) | (actor_attr & 0x0F); exact object-to-bank relationship remains unknown unless palette_status is proven,[0],[74],"[""arcade_pc 0x03D054 renderer/compositor dispatch"",""PC090OJ record ownership from arcade_pc 0x041DAE or boss arcade_pc 0x041F30""]","[""original arcade MAME actor/PC090OJ sweep"",""sample frame 2802 at round3_phase1""]",Not merged with another candidate without arcade semantic proof.,included conservatively; never zero-cost,10,10,"[""semantic family name"",""exact object-to-palette-bank relationship""]",sprites/hostile_base02e8_compositor0.png
hostile_base033e_multi_compositor,HOSTILE_BASE_033E_MULTI_COMPOSITOR_UNRESOLVED,[],ENEMY / HOSTILE,unresolved,provisional,unknown,[],"[0,1,2,3,4,5,6,7,8,9,10,11,12,13,14,15]","[""round1_castle"",""round3_castle"",""round4_castle"",""round5_castle"",""round6_castle""]","[""normal_variant_a_02"",""normal_variant_b_02""]","[""0x20"",""0x21"",""0x22"",""0x23"",""0x93"",""0x94"",""0x95"",""0x96"",""0x97"",""0x98"",""0x99"",""0x9A"",""0x9B"",""0x9C"",""0xA1"",""0xA2"",""0xA3"",""0xA4"",""0xA5"",""0xA6""]","[""arcade_pc 0x0559B2 map/collision publication"",""arcade_pc 0x041180 spawn/class selection"",""arcade_pc 0x04543E actor record loader""]","[""0x00"",""0x03"",""0x04""]","[""0x00""]","[""arcade_rom/data 0x03D09E"",""arcade_rom/data 0x040004"",""arcade_rom/data 0x04002C""]","[619,620,830,831,832,833,854,867,868,869]","{""width"":48,""height"":72}",effective_bank = ((sprite_ctrl & 0x00E0) >> 1) | (actor_attr & 0x0F); exact object-to-bank relationship remains unknown unless palette_status is proven,[0],"[64,65,66,68]","[""arcade_pc 0x03D054 renderer/compositor dispatch"",""PC090OJ record ownership from arcade_pc 0x041DAE or boss arcade_pc 0x041F30""]","[""original arcade MAME actor/PC090OJ sweep"",""sample frame 2654 at round1_castle""]","Compositor forms [0, 3, 4] share the same actor-record base 0x033E; they remain forms of one unresolved semantic candidate rather than independent enemies.",included conservatively; never zero-cost,10,10,"[""semantic family name"",""exact object-to-palette-bank relationship""]",sprites/hostile_base033e_multi_compositor.png
hostile_base03b3_compositor0,HOSTILE_BASE_03B3_COMPOSITOR0_UNRESOLVED,[],ENEMY / HOSTILE,unresolved,provisional,unknown,[],"[0,1,2,3,4,5,6,7,8,9,10,11,12,13,14,15]","[""round4_phase1"",""round5_phase1"",""round6_phase1""]","[""normal_variant_a_06""]","[""0xDD"",""0xDE"",""0xDF"",""0xE0"",""0xE1"",""0xE2"",""0xE3"",""0xE4"",""0xE5"",""0xE6"",""0xE7"",""0xE8"",""0xE9"",""0xEA"",""0xEB"",""0xEC"",""0xED"",""0xEE""]","[""arcade_pc 0x0559B2 map/collision publication"",""arcade_pc 0x041180 spawn/class selection"",""arcade_pc 0x04543E actor record loader""]","[""0x00""]","[""0x00"",""0x01"",""0x02""]","[""arcade_rom/data 0x03D09E""]","[982,984,986,987,988,1002,1003,1004,1005]","{""width"":48,""height"":56}",effective_bank = ((sprite_ctrl & 0x00E0) >> 1) | (actor_attr & 0x0F); exact object-to-bank relationship remains unknown unless palette_status is proven,[0],[72],"[""arcade_pc 0x03D054 renderer/compositor dispatch"",""PC090OJ record ownership from arcade_pc 0x041DAE or boss arcade_pc 0x041F30""]","[""original arcade MAME actor/PC090OJ sweep"",""sample frame 3100 at round4_phase1""]",Not merged with another candidate without arcade semantic proof.,included conservatively; never zero-cost,9,9,"[""semantic family name"",""exact object-to-palette-bank relationship""]",sprites/hostile_base03b3_compositor0.png
hostile_base0400_compositor1,HOSTILE_BASE_0400_COMPOSITOR1_UNRESOLVED,[],ENEMY / HOSTILE,unresolved,provisional,unknown,[],"[0,1,2,3,4,5,6,7,8,9,10,11,12,13,14,15]","[""round2_phase1"",""round5_phase1""]","[""normal_variant_a_11""]","[""0xB5"",""0xB6"",""0xB7"",""0xB8"",""0xB9""]","[""arcade_pc 0x0559B2 map/collision publication"",""arcade_pc 0x041180 spawn/class selection"",""arcade_pc 0x04543E actor record loader""]","[""0x01""]","[""0x00""]","[""arcade_rom/data 0x04771C""]","[1024,1025,1026,1027]","{""width"":32,""height"":32}",effective_bank = ((sprite_ctrl & 0x00E0) >> 1) | (actor_attr & 0x0F); exact object-to-bank relationship remains unknown unless palette_status is proven,[0],[78],"[""arcade_pc 0x03D054 renderer/compositor dispatch"",""PC090OJ record ownership from arcade_pc 0x041DAE or boss arcade_pc 0x041F30""]","[""original arcade MAME actor/PC090OJ sweep"",""sample frame 2780 at round2_phase1""]",Not merged with another candidate without arcade semantic proof.,included conservatively; never zero-cost,4,4,"[""semantic family name"",""exact object-to-palette-bank relationship""]",sprites/hostile_base0400_compositor1.png
hostile_base0420_compositor0,HOSTILE_BASE_0420_COMPOSITOR0_UNRESOLVED,[],ENEMY / HOSTILE,unresolved,provisional,unknown,[],"[0,1,2,3,4,5,6,7,8,9,10,11,12,13,14,15]","[""round3_phase1"",""round5_phase1"",""round6_phase1""]","[""normal_variant_a_04"",""normal_variant_b_04""]","[""0xC9"",""0xCA"",""0xCB"",""0xCC"",""0xCD"",""0xCE"",""0xCF""]","[""arcade_pc 0x0559B2 map/collision publication"",""arcade_pc 0x041180 spawn/class selection"",""arcade_pc 0x04543E actor record loader""]","[""0x00""]","[""0x00""]","[""arcade_rom/data 0x03D09E""]","[1060,1061,1062,1077,1078,1079,1080,1081]","{""width"":48,""height"":49}",effective_bank = ((sprite_ctrl & 0x00E0) >> 1) | (actor_attr & 0x0F); exact object-to-bank relationship remains unknown unless palette_status is proven,[0],[71],"[""arcade_pc 0x03D054 renderer/compositor dispatch"",""PC090OJ record ownership from arcade_pc 0x041DAE or boss arcade_pc 0x041F30""]","[""original arcade MAME actor/PC090OJ sweep"",""sample frame 2816 at round3_phase1""]",Not merged with another candidate without arcade semantic proof.,included conservatively; never zero-cost,8,8,"[""semantic family name"",""exact object-to-palette-bank relationship""]",sprites/hostile_base0420_compositor0.png
hostile_base0a5a_compositor2,HOSTILE_BASE_0A5A_COMPOSITOR2_UNRESOLVED,[],ENEMY / HOSTILE,unresolved,provisional,unknown,[],"[0,1,2,3,4,5,6,7,8,9,10,11,12,13,14,15]","[""round1_castle"",""round1_phase1"",""round2_phase1"",""round3_castle"",""round6_phase1""]",[],"[""0x13"",""0x14"",""0x16"",""0x18"",""0x19"",""0x1D"",""0x1E""]","[""arcade_pc 0x0559B2 map/collision publication"",""arcade_pc 0x041180 spawn/class selection"",""arcade_pc 0x04543E actor record loader""]","[""0x02""]","[""0x00"",""0x03""]","[""arcade_rom/data 0x03F0CE""]",[2722],"{""width"":16,""height"":16}",effective_bank = ((sprite_ctrl & 0x00E0) >> 1) | (actor_attr & 0x0F); exact object-to-bank relationship remains unknown unless palette_status is proven,[0],"[0,4,6,8,14]","[""arcade_pc 0x03D054 renderer/compositor dispatch"",""PC090OJ record ownership from arcade_pc 0x041DAE or boss arcade_pc 0x041F30""]","[""original arcade MAME actor/PC090OJ sweep"",""sample frame 2876 at round1_castle""]",Not merged with another candidate without arcade semantic proof.,included conservatively; never zero-cost,1,1,"[""semantic family name"",""exact object-to-palette-bank relationship""]",sprites/hostile_base0a5a_compositor2.png
hostile_base0a73_compositor2,HOSTILE_BASE_0A73_COMPOSITOR2_UNRESOLVED,[],ENEMY / HOSTILE,unresolved,provisional,unknown,[],"[0,1,2,3,4,5,6,7,8,9,10,11,12,13,14,15]","[""round1_castle"",""round1_phase1"",""round2_phase1"",""round3_castle"",""round3_phase1"",""round4_castle"",""round4_phase1"",""round5_phase1"",""round6_castle"",""round6_phase1""]",[],"[""0x0B"",""0x0C"",""0x0D"",""0x0E"",""0x0F"",""0x10"",""0x11"",""0x12""]","[""arcade_pc 0x0559B2 map/collision publication"",""arcade_pc 0x041180 spawn/class selection"",""arcade_pc 0x04543E actor record loader""]","[""0x02""]","[""0x00"",""0x02"",""0x03""]","[""arcade_rom/data 0x03F0CE""]","[619,620,830,831,832,833,854,867,868,869]","{""width"":48,""height"":72}",effective_bank = ((sprite_ctrl & 0x00E0) >> 1) | (actor_attr & 0x0F); exact object-to-bank relationship remains unknown unless palette_status is proven,[0],"[0,2,4,6,7,8,10,14]","[""arcade_pc 0x03D054 renderer/compositor dispatch"",""PC090OJ record ownership from arcade_pc 0x041DAE or boss arcade_pc 0x041F30""]","[""original arcade MAME actor/PC090OJ sweep"",""sample frame 2846 at round1_castle""]",Not merged with another candidate without arcade semantic proof.,included conservatively; never zero-cost,10,10,"[""semantic family name"",""exact object-to-palette-bank relationship""]",sprites/hostile_base0a73_compositor2.png
hurry_up_bat,Hurry-up Bat,[],ENEMY / HOSTILE,unresolved,provisional,unknown,[],"[48,49,50,51,52,53,54,55,56,57,58,59,60,61,62,63]",[],[],[],[],[],[],[],"[616,617,618,630]",,,[],[],"[""group-4 records 48-56; palette deliberately unresolved""]",[],Not merged with another candidate without arcade semantic proof.,included conservatively; never zero-cost,4,1,"[""exact family/route merge"",""composer pieces"",""palette bank""]",sprites/hurry_up_bat.png
large_bat,Large bat enemy,[],ENEMY / HOSTILE,unresolved,provisional,unknown,[],"[48,49,50,51,52,53,54,55,56,57,58,59,60,61,62,63]",[],[],[],[],[],[],[],[],,,[],[],"[""legal graphics-bearing Stage-1 enemy; retained as a conservative feasibility blocker""]",[],Not merged with another candidate without arcade semantic proof.,included conservatively; never zero-cost,0,0,"[""exact family/route merge"",""composer pieces"",""palette bank""]",sprites/large_bat.png
normal_small_bat,Normal/small bat enemy,[],ENEMY / HOSTILE,unresolved,provisional,unknown,[],"[48,49,50,51,52,53,54,55,56,57,58,59,60,61,62,63]",[],[],[],[],[],[],[],[],,,[],[],"[""legal graphics-bearing Stage-1 enemy; retained as a conservative feasibility blocker""]",[],Not merged with another candidate without arcade semantic proof.,included conservatively; never zero-cost,0,0,"[""exact family/route merge"",""composer pieces"",""palette bank""]",sprites/normal_small_bat.png
static_mode2_base033e_unresolved,STATIC_MODE2_BASE_033E_UNRESOLVED,[],ENEMY / HOSTILE,unresolved,provisional,unknown,[],"[48,49,50,51,52,53,54,55,56,57,58,59,60,61,62,63]",[],"[""mode2_variant_a_00"",""mode2_variant_a_01"",""mode2_variant_a_02"",""mode2_variant_b_00"",""mode2_variant_b_01"",""mode2_variant_b_02"",""mode2_variant_c_00"",""mode2_variant_c_01"",""mode2_variant_c_02""]",[],[],[],[],[],[830],,,[],[],"[""actor record 0x0454BA"",""arcade_pc 0x04543E or 0x04544E actor record loader""]",[],Not merged with another candidate without arcade semantic proof.,included conservatively; never zero-cost,1,0,"[""record-to-semantic-family merge"",""round/phase reachability"",""composer pieces"",""palette bank""]",sprites/static_mode2_base033e_unresolved.png
static_normal_base0241_unresolved,STATIC_NORMAL_BASE_0241_UNRESOLVED,[],ENEMY / HOSTILE,unresolved,provisional,unknown,[],"[48,49,50,51,52,53,54,55,56,57,58,59,60,61,62,63]",[],"[""normal_variant_a_08""]",[],[],[],[],[],[577],,,[],[],"[""actor record 0x045542"",""arcade_pc 0x04543E or 0x04544E actor record loader""]",[],Not merged with another candidate without arcade semantic proof.,included conservatively; never zero-cost,1,0,"[""record-to-semantic-family merge"",""round/phase reachability"",""composer pieces"",""palette bank""]",sprites/static_normal_base0241_unresolved.png
static_normal_base043a_unresolved,STATIC_NORMAL_BASE_043A_UNRESOLVED,[],ENEMY / HOSTILE,unresolved,provisional,unknown,[],"[48,49,50,51,52,53,54,55,56,57,58,59,60,61,62,63]",[],"[""normal_variant_a_07""]",[],[],[],[],[],[1082],,,[],[],"[""actor record 0x04553A"",""arcade_pc 0x04543E or 0x04544E actor record loader""]",[],Not merged with another candidate without arcade semantic proof.,included conservatively; never zero-cost,1,0,"[""record-to-semantic-family merge"",""round/phase reachability"",""composer pieces"",""palette bank""]",sprites/static_normal_base043a_unresolved.png
static_normal_base06e2_unresolved,STATIC_NORMAL_BASE_06E2_UNRESOLVED,[],ENEMY / HOSTILE,unresolved,provisional,unknown,[],"[48,49,50,51,52,53,54,55,56,57,58,59,60,61,62,63]",[],"[""normal_variant_a_09""]",[],[],[],[],[],[1762],,,[],[],"[""actor record 0x04554A"",""arcade_pc 0x04543E or 0x04544E actor record loader""]",[],Not merged with another candidate without arcade semantic proof.,included conservatively; never zero-cost,1,0,"[""record-to-semantic-family merge"",""round/phase reachability"",""composer pieces"",""palette bank""]",sprites/static_normal_base06e2_unresolved.png
static_normal_base0889_unresolved,STATIC_NORMAL_BASE_0889_UNRESOLVED,[],ENEMY / HOSTILE,unresolved,provisional,unknown,[],"[48,49,50,51,52,53,54,55,56,57,58,59,60,61,62,63]",[],"[""normal_variant_a_10""]",[],[],[],[],[],[2185],,,[],[],"[""actor record 0x045552"",""arcade_pc 0x04543E or 0x04544E actor record loader""]",[],Not merged with another candidate without arcade semantic proof.,included conservatively; never zero-cost,1,0,"[""record-to-semantic-family merge"",""round/phase reachability"",""composer pieces"",""palette bank""]",sprites/static_normal_base0889_unresolved.png
static_seed_selector_08_1c_00,STATIC_SELECTOR_08_1C_00_UNRESOLVED,[],ENEMY / HOSTILE,unresolved,provisional,unknown,[],"[48,49,50,51,52,53,54,55,56,57,58,59,60,61,62,63]",[],"[""selector_08_1c_00""]",[],[],[],[],[],[297],,,[],[],"[""actor record 0x045592"",""arcade_pc 0x04543E or 0x04544E actor record loader""]",[],Not merged with another candidate without arcade semantic proof.,included conservatively; never zero-cost,1,0,"[""record-to-semantic-family merge"",""round/phase reachability"",""composer pieces"",""palette bank""]",sprites/static_seed_selector_08_1c_00.png
static_seed_selector_08_1c_01,STATIC_SELECTOR_08_1C_01_UNRESOLVED,[],ENEMY / HOSTILE,unresolved,provisional,unknown,[],"[48,49,50,51,52,53,54,55,56,57,58,59,60,61,62,63]",[],"[""selector_08_1c_01""]",[],[],[],[],[],[687],,,[],[],"[""actor record 0x04559A"",""arcade_pc 0x04543E or 0x04544E actor record loader""]",[],Not merged with another candidate without arcade semantic proof.,included conservatively; never zero-cost,1,0,"[""record-to-semantic-family merge"",""round/phase reachability"",""composer pieces"",""palette bank""]",sprites/static_seed_selector_08_1c_01.png
static_seed_selector_08_1c_02,STATIC_SELECTOR_08_1C_02_UNRESOLVED,[],ENEMY / HOSTILE,unresolved,provisional,unknown,[],"[48,49,50,51,52,53,54,55,56,57,58,59,60,61,62,63]",[],"[""selector_08_1c_02""]",[],[],[],[],[],[1014],,,[],[],"[""actor record 0x0455A2"",""arcade_pc 0x04543E or 0x04544E actor record loader""]",[],Not merged with another candidate without arcade semantic proof.,included conservatively; never zero-cost,1,0,"[""record-to-semantic-family merge"",""round/phase reachability"",""composer pieces"",""palette bank""]",sprites/static_seed_selector_08_1c_02.png
static_seed_selector_08_1c_03,STATIC_SELECTOR_08_1C_03_UNRESOLVED,[],ENEMY / HOSTILE,unresolved,provisional,unknown,[],"[48,49,50,51,52,53,54,55,56,57,58,59,60,61,62,63]",[],"[""selector_08_1c_03""]",[],[],[],[],[],[616],,,[],[],"[""actor record 0x0455AA"",""arcade_pc 0x04543E or 0x04544E actor record loader""]",[],Not merged with another candidate without arcade semantic proof.,included conservatively; never zero-cost,1,0,"[""record-to-semantic-family merge"",""round/phase reachability"",""composer pieces"",""palette bank""]",sprites/static_seed_selector_08_1c_03.png
static_seed_selector_08_1c_04,STATIC_SELECTOR_08_1C_04_UNRESOLVED,[],ENEMY / HOSTILE,unresolved,provisional,unknown,[],"[48,49,50,51,52,53,54,55,56,57,58,59,60,61,62,63]",[],"[""selector_08_1c_04""]",[],[],[],[],[],[1291],,,[],[],"[""actor record 0x0455B2"",""arcade_pc 0x04543E or 0x04544E actor record loader""]",[],Not merged with another candidate without arcade semantic proof.,included conservatively; never zero-cost,1,0,"[""record-to-semantic-family merge"",""round/phase reachability"",""composer pieces"",""palette bank""]",sprites/static_seed_selector_08_1c_04.png
static_seed_selector_08_1c_05,STATIC_SELECTOR_08_1C_05_UNRESOLVED,[],ENEMY / HOSTILE,unresolved,provisional,unknown,[],"[48,49,50,51,52,53,54,55,56,57,58,59,60,61,62,63]",[],"[""selector_08_1c_05""]",[],[],[],[],[],[3423],,,[],[],"[""actor record 0x0455BA"",""arcade_pc 0x04543E or 0x04544E actor record loader""]",[],Not merged with another candidate without arcade semantic proof.,included conservatively; never zero-cost,1,0,"[""record-to-semantic-family merge"",""round/phase reachability"",""composer pieces"",""palette bank""]",sprites/static_seed_selector_08_1c_05.png
static_seed_selector_08_1c_06,STATIC_SELECTOR_08_1C_06_UNRESOLVED,[],ENEMY / HOSTILE,unresolved,provisional,unknown,[],"[48,49,50,51,52,53,54,55,56,57,58,59,60,61,62,63]",[],"[""selector_08_1c_06""]",[],[],[],[],[],[1565],,,[],[],"[""actor record 0x0455C2"",""arcade_pc 0x04543E or 0x04544E actor record loader""]",[],Not merged with another candidate without arcade semantic proof.,included conservatively; never zero-cost,1,0,"[""record-to-semantic-family merge"",""round/phase reachability"",""composer pieces"",""palette bank""]",sprites/static_seed_selector_08_1c_06.png
static_seed_selector_08_1c_07,STATIC_SELECTOR_08_1C_07_UNRESOLVED,[],ENEMY / HOSTILE,unresolved,provisional,unknown,[],"[48,49,50,51,52,53,54,55,56,57,58,59,60,61,62,63]",[],"[""selector_08_1c_07""]",[],[],[],[],[],[1565],,,[],[],"[""actor record 0x0455CA"",""arcade_pc 0x04543E or 0x04544E actor record loader""]",[],Not merged with another candidate without arcade semantic proof.,included conservatively; never zero-cost,1,0,"[""record-to-semantic-family merge"",""round/phase reachability"",""composer pieces"",""palette bank""]",sprites/static_seed_selector_08_1c_07.png
static_seed_selector_08_1c_08,STATIC_SELECTOR_08_1C_08_UNRESOLVED,[],ENEMY / HOSTILE,unresolved,provisional,unknown,[],"[48,49,50,51,52,53,54,55,56,57,58,59,60,61,62,63]",[],"[""selector_08_1c_08""]",[],[],[],[],[],[2440],,,[],[],"[""actor record 0x0455D2"",""arcade_pc 0x04543E or 0x04544E actor record loader""]",[],Not merged with another candidate without arcade semantic proof.,included conservatively; never zero-cost,1,0,"[""record-to-semantic-family merge"",""round/phase reachability"",""composer pieces"",""palette bank""]",sprites/static_seed_selector_08_1c_08.png
static_seed_selector_08_1c_09,STATIC_SELECTOR_08_1C_09_UNRESOLVED,[],ENEMY / HOSTILE,unresolved,provisional,unknown,[],"[48,49,50,51,52,53,54,55,56,57,58,59,60,61,62,63]",[],"[""selector_08_1c_09""]",[],[],[],[],[],[2440],,,[],[],"[""actor record 0x0455DA"",""arcade_pc 0x04543E or 0x04544E actor record loader""]",[],Not merged with another candidate without arcade semantic proof.,included conservatively; never zero-cost,1,0,"[""record-to-semantic-family merge"",""round/phase reachability"",""composer pieces"",""palette bank""]",sprites/static_seed_selector_08_1c_09.png
static_seed_selector_08_1c_10,STATIC_SELECTOR_08_1C_10_UNRESOLVED,[],ENEMY / HOSTILE,unresolved,provisional,unknown,[],"[48,49,50,51,52,53,54,55,56,57,58,59,60,61,62,63]",[],"[""selector_08_1c_10""]",[],[],[],[],[],[1024],,,[],[],"[""actor record 0x0455E2"",""arcade_pc 0x04543E or 0x04544E actor record loader""]",[],Not merged with another candidate without arcade semantic proof.,included conservatively; never zero-cost,1,0,"[""record-to-semantic-family merge"",""round/phase reachability"",""composer pieces"",""palette bank""]",sprites/static_seed_selector_08_1c_10.png
static_seed_selector_08_1c_11,STATIC_SELECTOR_08_1C_11_UNRESOLVED,[],ENEMY / HOSTILE,unresolved,provisional,unknown,[],"[48,49,50,51,52,53,54,55,56,57,58,59,60,61,62,63]",[],"[""selector_08_1c_11""]",[],[],[],[],[],[1875],,,[],[],"[""actor record 0x0455EA"",""arcade_pc 0x04543E or 0x04544E actor record loader""]",[],Not merged with another candidate without arcade semantic proof.,included conservatively; never zero-cost,1,0,"[""record-to-semantic-family merge"",""round/phase reachability"",""composer pieces"",""palette bank""]",sprites/static_seed_selector_08_1c_11.png
static_seed_selector_08_1c_12,STATIC_SELECTOR_08_1C_12_UNRESOLVED,[],ENEMY / HOSTILE,unresolved,provisional,unknown,[],"[48,49,50,51,52,53,54,55,56,57,58,59,60,61,62,63]",[],"[""selector_08_1c_12""]",[],[],[],[],[],[2092],,,[],[],"[""actor record 0x0455F2"",""arcade_pc 0x04543E or 0x04544E actor record loader""]",[],Not merged with another candidate without arcade semantic proof.,included conservatively; never zero-cost,1,0,"[""record-to-semantic-family merge"",""round/phase reachability"",""composer pieces"",""palette bank""]",sprites/static_seed_selector_08_1c_12.png
static_seed_selector_08_1c_13,STATIC_SELECTOR_08_1C_13_UNRESOLVED,[],ENEMY / HOSTILE,unresolved,provisional,unknown,[],"[48,49,50,51,52,53,54,55,56,57,58,59,60,61,62,63]",[],"[""selector_08_1c_13""]",[],[],[],[],[],[1983],,,[],[],"[""actor record 0x0455FA"",""arcade_pc 0x04543E or 0x04544E actor record loader""]",[],Not merged with another candidate without arcade semantic proof.,included conservatively; never zero-cost,1,0,"[""record-to-semantic-family merge"",""round/phase reachability"",""composer pieces"",""palette bank""]",sprites/static_seed_selector_08_1c_13.png
static_seed_selector_08_1c_14,STATIC_SELECTOR_08_1C_14_UNRESOLVED,[],ENEMY / HOSTILE,unresolved,provisional,unknown,[],"[48,49,50,51,52,53,54,55,56,57,58,59,60,61,62,63]",[],"[""selector_08_1c_14""]",[],[],[],[],[],[3414],,,[],[],"[""actor record 0x045602"",""arcade_pc 0x04543E or 0x04544E actor record loader""]",[],Not merged with another candidate without arcade semantic proof.,included conservatively; never zero-cost,1,0,"[""record-to-semantic-family merge"",""round/phase reachability"",""composer pieces"",""palette bank""]",sprites/static_seed_selector_08_1c_14.png
static_seed_selector_08_1c_15,STATIC_SELECTOR_08_1C_15_UNRESOLVED,[],ENEMY / HOSTILE,unresolved,provisional,unknown,[],"[48,49,50,51,52,53,54,55,56,57,58,59,60,61,62,63]",[],"[""selector_08_1c_15""]",[],[],[],[],[],[2869],,,[],[],"[""actor record 0x04560A"",""arcade_pc 0x04543E or 0x04544E actor record loader""]",[],Not merged with another candidate without arcade semantic proof.,included conservatively; never zero-cost,1,0,"[""record-to-semantic-family merge"",""round/phase reachability"",""composer pieces"",""palette bank""]",sprites/static_seed_selector_08_1c_15.png
static_seed_selector_08_1c_16,STATIC_SELECTOR_08_1C_16_UNRESOLVED,[],ENEMY / HOSTILE,unresolved,provisional,unknown,[],"[48,49,50,51,52,53,54,55,56,57,58,59,60,61,62,63]",[],"[""selector_08_1c_16""]",[],[],[],[],[],[2797],,,[],[],"[""actor record 0x045612"",""arcade_pc 0x04543E or 0x04544E actor record loader""]",[],Not merged with another candidate without arcade semantic proof.,included conservatively; never zero-cost,1,0,"[""record-to-semantic-family merge"",""round/phase reachability"",""composer pieces"",""palette bank""]",sprites/static_seed_selector_08_1c_16.png
static_seed_selector_08_1c_17,STATIC_SELECTOR_08_1C_17_UNRESOLVED,[],ENEMY / HOSTILE,unresolved,provisional,unknown,[],"[48,49,50,51,52,53,54,55,56,57,58,59,60,61,62,63]",[],"[""selector_08_1c_17""]",[],[],[],[],[],[3275],,,[],[],"[""actor record 0x04561A"",""arcade_pc 0x04543E or 0x04544E actor record loader""]",[],Not merged with another candidate without arcade semantic proof.,included conservatively; never zero-cost,1,0,"[""record-to-semantic-family merge"",""round/phase reachability"",""composer pieces"",""palette bank""]",sprites/static_seed_selector_08_1c_17.png
static_seed_selector_08_1c_18,STATIC_SELECTOR_08_1C_18_UNRESOLVED,[],ENEMY / HOSTILE,unresolved,provisional,unknown,[],"[48,49,50,51,52,53,54,55,56,57,58,59,60,61,62,63]",[],"[""selector_08_1c_18""]",[],[],[],[],[],[3051],,,[],[],"[""actor record 0x045622"",""arcade_pc 0x04543E or 0x04544E actor record loader""]",[],Not merged with another candidate without arcade semantic proof.,included conservatively; never zero-cost,1,0,"[""record-to-semantic-family merge"",""round/phase reachability"",""composer pieces"",""palette bank""]",sprites/static_seed_selector_08_1c_18.png
static_seed_selector_08_1c_19,STATIC_SELECTOR_08_1C_19_UNRESOLVED,[],ENEMY / HOSTILE,unresolved,provisional,unknown,[],"[48,49,50,51,52,53,54,55,56,57,58,59,60,61,62,63]",[],"[""selector_08_1c_19""]",[],[],[],[],[],[2538],,,[],[],"[""actor record 0x04562A"",""arcade_pc 0x04543E or 0x04544E actor record loader""]",[],Not merged with another candidate without arcade semantic proof.,included conservatively; never zero-cost,1,0,"[""record-to-semantic-family merge"",""round/phase reachability"",""composer pieces"",""palette bank""]",sprites/static_seed_selector_08_1c_19.png
static_seed_selector_08_1c_20,STATIC_SELECTOR_08_1C_20_UNRESOLVED,[],ENEMY / HOSTILE,unresolved,provisional,unknown,[],"[48,49,50,51,52,53,54,55,56,57,58,59,60,61,62,63]",[],"[""selector_08_1c_20""]",[],[],[],[],[],[1351],,,[],[],"[""actor record 0x045632"",""arcade_pc 0x04543E or 0x04544E actor record loader""]",[],Not merged with another candidate without arcade semantic proof.,included conservatively; never zero-cost,1,0,"[""record-to-semantic-family merge"",""round/phase reachability"",""composer pieces"",""palette bank""]",sprites/static_seed_selector_08_1c_20.png
axe_item,Axe item/drop,[],ITEM / DROP,unresolved,provisional,unknown,[],"[48,49,50,51,52,53,54,55,56,57,58,59,60,61,62,63]",[],[],[],[],[],[],[],[],,,[],[],"[""legal graphics-bearing Stage-1 item; retained as a conservative feasibility blocker""]",[],Not merged with another candidate without arcade semantic proof.,included conservatively; never zero-cost,0,0,"[""exact family/route merge"",""composer pieces"",""palette bank""]",sprites/axe_item.png
other_item_drop,Other item/drop classes,[],ITEM / DROP,unresolved,provisional,unknown,[],"[48,49,50,51,52,53,54,55,56,57,58,59,60,61,62,63]",[],[],[],[],[],[],[],[],,,[],[],"[""conservative semantic class for legal graphics-bearing drops/items not otherwise resolved""]",[],Not merged with another candidate without arcade semantic proof.,included conservatively; never zero-cost,0,0,"[""exact family/route merge"",""composer pieces"",""palette bank""]",sprites/other_item_drop.png
aux_5c8_base0275_compositor0,ACTOR_5C8_BASE_0275_COMPOSITOR_0,[],OTHER PROVEN NON-ENEMY,unresolved,provisional,unknown,[],"[0,1,2,3,4,5,6,7,8,9,10,11,12,13,14,15]","[""round1_phase1""]",[],"[""0xA8""]","[""arcade_pc 0x0559B2 map/collision publication"",""arcade_pc 0x041180 spawn/class selection"",""arcade_pc 0x04543E actor record loader""]","[""0x00""]","[""0x00""]","[""arcade_rom/data 0x03D09E""]","[1018,1019]","{""width"":32,""height"":16}",effective_bank = ((sprite_ctrl & 0x00E0) >> 1) | (actor_attr & 0x0F); exact object-to-bank relationship remains unknown unless palette_status is proven,[0],"[0,128]","[""arcade_pc 0x03D054 renderer/compositor dispatch"",""PC090OJ record ownership from arcade_pc 0x041DAE or boss arcade_pc 0x041F30""]","[""original arcade MAME actor/PC090OJ sweep"",""sample frame 4004 at round1_phase1""]",Not merged with another candidate without arcade semantic proof.,included conservatively; never zero-cost,2,2,"[""semantic family name"",""exact object-to-palette-bank relationship""]",sprites/aux_5c8_base0275_compositor0.png
aux_5c8_base03f6_compositor0,ACTOR_5C8_BASE_03F6_COMPOSITOR_0,[],OTHER PROVEN NON-ENEMY,unresolved,provisional,unknown,[],"[0,1,2,3,4,5,6,7,8,9,10,11,12,13,14,15]","[""round1_phase1""]",[],"[""0xB6"",""0xB7"",""0xB8""]","[""arcade_pc 0x0559B2 map/collision publication"",""arcade_pc 0x041180 spawn/class selection"",""arcade_pc 0x04543E actor record loader""]","[""0x00""]","[""0x00""]","[""arcade_rom/data 0x03D09E""]","[1014,1015,1016,1017]","{""width"":32,""height"":32}",effective_bank = ((sprite_ctrl & 0x00E0) >> 1) | (actor_attr & 0x0F); exact object-to-bank relationship remains unknown unless palette_status is proven,[0],[128],"[""arcade_pc 0x03D054 renderer/compositor dispatch"",""PC090OJ record ownership from arcade_pc 0x041DAE or boss arcade_pc 0x041F30""]","[""original arcade MAME actor/PC090OJ sweep"",""sample frame 3808 at round1_phase1""]",Not merged with another candidate without arcade semantic proof.,included conservatively; never zero-cost,4,4,"[""semantic family name"",""exact object-to-palette-bank relationship""]",sprites/aux_5c8_base03f6_compositor0.png
aux_5c8_base050b_compositor0,ACTOR_5C8_BASE_050B_COMPOSITOR_0,[],OTHER PROVEN NON-ENEMY,unresolved,provisional,unknown,[],"[0,1,2,3,4,5,6,7,8,9,10,11,12,13,14,15]","[""round1_phase1""]",[],"[""0xBF"",""0xC0"",""0xC1""]","[""arcade_pc 0x0559B2 map/collision publication"",""arcade_pc 0x041180 spawn/class selection"",""arcade_pc 0x04543E actor record loader""]","[""0x00""]","[""0x00""]","[""arcade_rom/data 0x03D09E""]","[1297,1298,1299]","{""width"":40,""height"":32}",effective_bank = ((sprite_ctrl & 0x00E0) >> 1) | (actor_attr & 0x0F); exact object-to-bank relationship remains unknown unless palette_status is proven,[0],[0],"[""arcade_pc 0x03D054 renderer/compositor dispatch"",""PC090OJ record ownership from arcade_pc 0x041DAE or boss arcade_pc 0x041F30""]","[""original arcade MAME actor/PC090OJ sweep"",""sample frame 3808 at round1_phase1""]",Not merged with another candidate without arcade semantic proof.,included conservatively; never zero-cost,3,3,"[""semantic family name"",""exact object-to-palette-bank relationship""]",sprites/aux_5c8_base050b_compositor0.png
aux_748_base019d_compositor0,ACTOR_748_BASE_019D_COMPOSITOR_0,[],PROJECTILE / WEAPON,unresolved,provisional,unknown,[],"[0,1,2,3,4,5,6,7,8,9,10,11,12,13,14,15]","[""round3_phase1"",""round4_phase1"",""round5_phase1"",""round6_phase1""]",[],"[""0x2A"",""0x2B"",""0x2C"",""0x2D"",""0x2E"",""0x2F""]","[""arcade_pc 0x0559B2 map/collision publication"",""arcade_pc 0x041180 spawn/class selection"",""arcade_pc 0x04543E actor record loader""]","[""0x00""]","[""0x00""]","[""arcade_rom/data 0x03D09E""]",[443],"{""width"":16,""height"":16}",effective_bank = ((sprite_ctrl & 0x00E0) >> 1) | (actor_attr & 0x0F); exact object-to-bank relationship remains unknown unless palette_status is proven,[0],[0],"[""arcade_pc 0x03D054 renderer/compositor dispatch"",""PC090OJ record ownership from arcade_pc 0x041DAE or boss arcade_pc 0x041F30""]","[""original arcade MAME actor/PC090OJ sweep"",""sample frame 2858 at round3_phase1""]",Not merged with another candidate without arcade semantic proof.,included conservatively; never zero-cost,1,1,"[""semantic family name"",""exact object-to-palette-bank relationship""]",sprites/aux_748_base019d_compositor0.png
aux_748_base01cb_compositor0,ACTOR_748_BASE_01CB_COMPOSITOR_0,[],PROJECTILE / WEAPON,unresolved,provisional,unknown,[],"[0,1,2,3,4,5,6,7,8,9,10,11,12,13,14,15]","[""round6_castle""]",[],"[""0xDA"",""0xDB"",""0xDC""]","[""arcade_pc 0x0559B2 map/collision publication"",""arcade_pc 0x041180 spawn/class selection"",""arcade_pc 0x04543E actor record loader""]","[""0x00""]","[""0x00""]","[""arcade_rom/data 0x03D09E""]",[503],"{""width"":16,""height"":16}",effective_bank = ((sprite_ctrl & 0x00E0) >> 1) | (actor_attr & 0x0F); exact object-to-bank relationship remains unknown unless palette_status is proven,[0],[0],"[""arcade_pc 0x03D054 renderer/compositor dispatch"",""PC090OJ record ownership from arcade_pc 0x041DAE or boss arcade_pc 0x041F30""]","[""original arcade MAME actor/PC090OJ sweep"",""sample frame 2952 at round6_castle""]",Not merged with another candidate without arcade semantic proof.,included conservatively; never zero-cost,1,1,"[""semantic family name"",""exact object-to-palette-bank relationship""]",sprites/aux_748_base01cb_compositor0.png
aux_748_base0268_compositor0,ACTOR_748_BASE_0268_COMPOSITOR_0,[],PROJECTILE / WEAPON,unresolved,provisional,unknown,[],"[0,1,2,3,4,5,6,7,8,9,10,11,12,13,14,15]","[""round1_phase1""]",[],"[""0xB9"",""0xBA"",""0xBB""]","[""arcade_pc 0x0559B2 map/collision publication"",""arcade_pc 0x041180 spawn/class selection"",""arcade_pc 0x04543E actor record loader""]","[""0x00""]","[""0x00""]","[""arcade_rom/data 0x03D09E""]",[616],"{""width"":16,""height"":16}",effective_bank = ((sprite_ctrl & 0x00E0) >> 1) | (actor_attr & 0x0F); exact object-to-bank relationship remains unknown unless palette_status is proven,[0],[128],"[""arcade_pc 0x03D054 renderer/compositor dispatch"",""PC090OJ record ownership from arcade_pc 0x041DAE or boss arcade_pc 0x041F30""]","[""original arcade MAME actor/PC090OJ sweep"",""sample frame 3808 at round1_phase1""]",Not merged with another candidate without arcade semantic proof.,included conservatively; never zero-cost,1,1,"[""semantic family name"",""exact object-to-palette-bank relationship""]",sprites/aux_748_base0268_compositor0.png
aux_748_base0275_compositor0,ACTOR_748_BASE_0275_COMPOSITOR_0,[],PROJECTILE / WEAPON,unresolved,provisional,unknown,[],"[0,1,2,3,4,5,6,7,8,9,10,11,12,13,14,15]","[""round1_phase1""]",[],"[""0xA8""]","[""arcade_pc 0x0559B2 map/collision publication"",""arcade_pc 0x041180 spawn/class selection"",""arcade_pc 0x04543E actor record loader""]","[""0x00""]","[""0x00""]","[""arcade_rom/data 0x03D09E""]",[617],"{""width"":16,""height"":16}",effective_bank = ((sprite_ctrl & 0x00E0) >> 1) | (actor_attr & 0x0F); exact object-to-bank relationship remains unknown unless palette_status is proven,[0],[128],"[""arcade_pc 0x03D054 renderer/compositor dispatch"",""PC090OJ record ownership from arcade_pc 0x041DAE or boss arcade_pc 0x041F30""]","[""original arcade MAME actor/PC090OJ sweep"",""sample frame 3912 at round1_phase1""]",Not merged with another candidate without arcade semantic proof.,included conservatively; never zero-cost,1,1,"[""semantic family name"",""exact object-to-palette-bank relationship""]",sprites/aux_748_base0275_compositor0.png
aux_748_base02e8_compositor0,ACTOR_748_BASE_02E8_COMPOSITOR_0,[],PROJECTILE / WEAPON,unresolved,provisional,unknown,[],"[0,1,2,3,4,5,6,7,8,9,10,11,12,13,14,15]","[""round3_phase1"",""round4_phase1"",""round6_phase1""]",[],"[""0xAA"",""0xAB"",""0xAC"",""0xAD"",""0xAE"",""0xAF"",""0xB0"",""0xB1""]","[""arcade_pc 0x0559B2 map/collision publication"",""arcade_pc 0x041180 spawn/class selection"",""arcade_pc 0x04543E actor record loader""]","[""0x00""]","[""0x00""]","[""arcade_rom/data 0x03D09E""]",[802],"{""width"":16,""height"":16}",effective_bank = ((sprite_ctrl & 0x00E0) >> 1) | (actor_attr & 0x0F); exact object-to-bank relationship remains unknown unless palette_status is proven,[0],[0],"[""arcade_pc 0x03D054 renderer/compositor dispatch"",""PC090OJ record ownership from arcade_pc 0x041DAE or boss arcade_pc 0x041F30""]","[""original arcade MAME actor/PC090OJ sweep"",""sample frame 2810 at round3_phase1""]",Not merged with another candidate without arcade semantic proof.,included conservatively; never zero-cost,1,1,"[""semantic family name"",""exact object-to-palette-bank relationship""]",sprites/aux_748_base02e8_compositor0.png
projectile_weapon,Projectile/weapon classes,[],PROJECTILE / WEAPON,unresolved,provisional,unknown,[],"[48,49,50,51,52,53,54,55,56,57,58,59,60,61,62,63]",[],[],[],[],[],[],[],[],,,[],[],"[""conservative semantic class for legal graphics-bearing projectiles/weapons not otherwise resolved""]",[],Not merged with another candidate without arcade semantic proof.,included conservatively; never zero-cost,0,0,"[""exact family/route merge"",""composer pieces"",""palette bank""]",sprites/projectile_weapon.png
