round	13E_scene	col	entry	record_ptr	strip	cell	marker	uniform	state	handler	note
1	0x11	15	9	0x4f34	3	3	0x4d	0	0x1B	0x43ECC	char M
1	0x15	6	7	0x5174	2	3	0x45	0	0x18	0x44082	char E
1	0x15	6	7	0x5174	3	3	0x45	0	0x18	0x44082	char E
1	0x15	8	7	0x5174	2	3	0x45	0	0x18	0x44082	char E
1	0x15	8	7	0x5174	3	3	0x45	0	0x18	0x44082	char E
1	0x15	10	7	0x5174	2	3	0x45	0	0x18	0x44082	char E
1	0x15	10	7	0x5174	3	3	0x45	0	0x18	0x44082	char E
2	0x2c	5	0	0x81c4	2	3	0x47	0	0x1C	0x4415A	char G
2	0x2c	5	0	0x81c4	3	3	0x47	0	0x1C	0x4415A	char G
3	0x41	11	8	0xb3f8	2	3	0x4f	0	0x20	0x40EDE	char O-Q (torch/light)
3	0x41	11	8	0xb3f8	3	3	0x4f	0	0x20	0x40EDE	char O-Q (torch/light)
3	0x42	8	7	0xbdb8	2	3	0x67	0	0x1A	0x43B32	char g-i
3	0x42	8	7	0xbdb8	3	3	0x67	0	0x1A	0x43B32	char g-i
3	0x42	10	7	0xbdf8	2	3	0x68	0	0x1A	0x43B32	char g-i
3	0x42	10	7	0xbdf8	3	3	0x68	0	0x1A	0x43B32	char g-i
3	0x42	12	7	0xbe38	2	3	0x69	0	0x1A	0x43B32	char g-i
3	0x42	12	7	0xbe38	3	3	0x69	0	0x1A	0x43B32	char g-i
3	0x42	14	7	0xbe78	2	3	0x76	0	0x1A	0x43B32	char v-w
3	0x42	14	7	0xbe78	3	3	0x76	0	0x1A	0x43B32	char v-w
4	0x5a	2	5	0xc55c	2	3	0x46	0	0x1D	0x44082	char F
4	0x5a	2	5	0xc55c	3	3	0x46	0	0x1D	0x44082	char F
4	0x5a	4	5	0xc45c	2	3	0x46	0	0x1D	0x44082	char F
4	0x5a	4	5	0xc45c	3	3	0x46	0	0x1D	0x44082	char F
4	0x5a	8	7	0x5174	2	3	0x45	0	0x18	0x44082	char E
4	0x5a	8	7	0x5174	3	3	0x45	0	0x18	0x44082	char E
5	0x6e	6	15	0xbdb8	2	3	0x67	0	0x1A	0x43B32	char g-i
5	0x6e	6	15	0xbdb8	3	3	0x67	0	0x1A	0x43B32	char g-i
5	0x6e	15	1	0xcedc	2	3	0x79	0	0x22	0x43636	char y
5	0x6e	15	1	0xcedc	3	3	0x79	0	0x22	0x43636	char y
5	0x6e	15	14	0xcf9c	2	3	0x71	0	0x21	0x44082	char q-r
5	0x6e	15	14	0xcf9c	3	3	0x71	0	0x21	0x44082	char q-r
5	0x70	0	3	0xb778	2	3	0x74	0	0x22	0x43636	char s-u
5	0x70	0	3	0xb778	3	3	0x74	0	0x22	0x43636	char s-u
5	0x70	1	14	0xbc78	2	3	0x4c	0	0x1A	0x43B32	char L
5	0x70	1	14	0xbc78	3	3	0x4c	0	0x1A	0x43B32	char L
5	0x70	2	12	0xb9b8	2	3	0x6e	0	0x15	0x43840	char n-p
5	0x70	2	12	0xb9b8	3	3	0x6e	0	0x15	0x43840	char n-p
5	0x70	3	14	0xbcb8	2	3	0x52	0	0x1A	0x43B32	char R-V
5	0x70	3	14	0xbcb8	3	3	0x52	0	0x1A	0x43B32	char R-V
5	0x70	6	14	0xbcf8	2	3	0x53	0	0x1A	0x43B32	char R-V
5	0x70	6	14	0xbcf8	3	3	0x53	0	0x1A	0x43B32	char R-V
5	0x70	7	8	0xba78	2	3	0x4f	0	0x20	0x40EDE	char O-Q (torch/light)
5	0x70	7	8	0xba78	3	3	0x4f	0	0x20	0x40EDE	char O-Q (torch/light)
5	0x70	8	14	0xbd38	2	3	0x54	0	0x1A	0x43B32	char R-V
5	0x70	8	14	0xbd38	3	3	0x54	0	0x1A	0x43B32	char R-V
5	0x70	15	4	0xcedc	2	3	0x79	0	0x22	0x43636	char y
5	0x70	15	4	0xcedc	3	3	0x79	0	0x22	0x43636	char y
6	0x85	1	15	0xbc78	2	3	0x4c	0	0x1A	0x43B32	char L
6	0x85	1	15	0xbc78	3	3	0x4c	0	0x1A	0x43B32	char L
6	0x85	2	13	0xb9b8	2	3	0x6e	0	0x15	0x43840	char n-p
6	0x85	2	13	0xb9b8	3	3	0x6e	0	0x15	0x43840	char n-p
6	0x85	3	15	0xbcb8	2	3	0x52	0	0x1A	0x43B32	char R-V
6	0x85	3	15	0xbcb8	3	3	0x52	0	0x1A	0x43B32	char R-V
6	0x85	10	14	0xbab8	2	3	0x71	0	0x21	0x44082	char q-r
6	0x85	10	14	0xbab8	3	3	0x71	0	0x21	0x44082	char q-r
6	0x85	13	14	0xbaf8	2	3	0x72	0	0x21	0x44082	char q-r
6	0x85	13	14	0xbaf8	3	3	0x72	0	0x21	0x44082	char q-r
