event_type	dispatch_pc	semantic_effect_class	fields_read	fields_written	timer	expiry_pc	sound	status
0	0x5506C	HIT_AUX (activate aux, not item)	A5+0x1296,A5+0x1108	A5+0x1296,A5+0x1298,A5+0x129E	-	-	-	PROVEN
1	0x54EF2	TIMED_WEAPON (FIRE)	-	A5+0x12FA=4,clr A5+0x1326	A5+0x1326	0x54DD2	0x0E	PROVEN
2	0x54EDC	TIMED_WEAPON	-	A5+0x12FA=2,clr A5+0x1326	A5+0x1326	0x54DD2	0x0E	PROVEN
3	0x54EC6	TIMED_WEAPON	-	A5+0x12FA=3,clr A5+0x1326	A5+0x1326	0x54DD2	0x0E	PROVEN
4	0x54F08	COMBO_STATE	-	A5+0x1388=0,clr A5+0x138A	-	-	0x0F	PROVEN
5	0x54F1E	COMBO_STATE	-	A5+0x1388=1	-	-	0x0F	PROVEN
6	0x54F34	COMBO_STATE	-	A5+0x1388=2	-	-	0x0F	PROVEN
7	0x54F4A	COMBO_STATE	-	A5+0x1388=3	-	-	0x0F	PROVEN
8	0x54F60	LIFE/HEALTH	A5+0x1116,A5+0x110A	A5+0x110A,A5+0x1108,A5+0x1390=15,A5+0x140E=1	-	-	0x0F	PROVEN
9	0x54FD4	ENERGY_RESTORE	A5+0x013A	A5+0x013A+=0x0400,A5+0x12FC=1	-	-	0x0F	PROVEN
10	0x54FEC	ENERGY_RESTORE	A5+0x013A	A5+0x013A+=0x0800,A5+0x12FC=1	-	-	0x0F	PROVEN
11	0x54FA4	ENERGY_DRAIN	A5+0x013A	A5+0x013A-=0x0100,A5+0x12FC=1,A5+0x1366=1	-	-	-	PROVEN
12	0x54FBC	ENERGY_DRAIN	A5+0x013A	A5+0x013A-=0x0200,A5+0x12FC=1,A5+0x1366=1	-	-	-	PROVEN
13	0x55004	ENERGY_SET (full)	-	A5+0x013A=0x3000	-	-	0x0F	PROVEN
