weapon_id	name	selector_a12fa	source_table	frame_index	visible_cells	cell_codes
object:weapon.sword	SWORD	1	0x5cd8a	0	2	0x09e;0x09f
object:weapon.sword	SWORD	1	0x5cd8a	1	2	0x0a1;0x0a0
object:weapon.sword	SWORD	1	0x5cd8a	2	2	0x0a3;0x0a2
object:weapon.sword	SWORD	1	0x5cd8a	3	1	0x0a4
object:weapon.sword	SWORD	1	0x5cd8a	4	1	0x0a5
object:weapon.sword	SWORD	1	0x5cd8a	5	2	0x0a6;0x0a7
object:weapon.sword	SWORD	1	0x5cd8a	6	2	0x09e;0x09f
object:weapon.sword	SWORD	1	0x5cd8a	7	2	0x0a1;0x0a0
object:weapon.sword	SWORD	1	0x5cd8a	8	2	0x0a3;0x0a2
object:weapon.sword	SWORD	1	0x5cd8a	9	1	0x0a4
object:weapon.sword	SWORD	1	0x5cd8a	10	1	0x0a5
object:weapon.sword	SWORD	1	0x5cd8a	11	2	0x0a6;0x0a7
object:weapon.sword	SWORD	1	0x5cd8a	12	2	0x09e;0x09f
object:weapon.sword	SWORD	1	0x5cd8a	13	2	0x09e;0x09f
object:weapon.sword	SWORD	1	0x5cd8a	14	2	0x09e;0x09f
object:weapon.sword	SWORD	1	0x5cd8a	19	2	0x09e;0x09f
object:weapon.sword	SWORD	1	0x5cd8a	20	2	0x0a1;0x0a0
object:weapon.sword	SWORD	1	0x5cd8a	21	2	0x0a3;0x0a2
object:weapon.sword	SWORD	1	0x5cd8a	22	1	0x0a4
object:weapon.sword	SWORD	1	0x5cd8a	23	1	0x0a5
object:weapon.sword	SWORD	1	0x5cd8a	24	2	0x0a6;0x0a7
object:weapon.sword	SWORD	1	0x5cd8a	25	2	0x0a3;0x0a2
object:weapon.sword	SWORD	1	0x5cd8a	26	2	0x09f;0x09e
object:weapon.sword	SWORD	1	0x5cd8a	27	2	0x09f;0x09e
object:weapon.sword	SWORD	1	0x5cd8a	28	2	0x09f;0x09e
object:weapon.sword	SWORD	1	0x5cd8a	29	2	0x09f;0x09e
object:weapon.sword	SWORD	1	0x5cd8a	30	2	0x09f;0x09e
object:weapon.sword	SWORD	1	0x5cd8a	31	2	0x09f;0x09e
object:weapon.sword	SWORD	1	0x5cd8a	32	2	0x09f;0x09e
object:weapon.sword	SWORD	1	0x5cd8a	33	2	0x09f;0x09e
object:weapon.sword	SWORD	1	0x5cd8a	43	2	0x09e;0x09f
object:weapon.sword	SWORD	1	0x5cd8a	44	2	0x09e;0x09f
object:weapon.sword	SWORD	1	0x5cd8a	45	2	0x0a1;0x0a0
object:weapon.sword	SWORD	1	0x5cd8a	46	2	0x0a1;0x0a0
object:weapon.sword	SWORD	1	0x5cd8a	47	2	0x0a3;0x0a2
object:weapon.sword	SWORD	1	0x5cd8a	48	2	0x0a3;0x0a2
object:weapon.sword	SWORD	1	0x5cd8a	49	1	0x0a4
object:weapon.sword	SWORD	1	0x5cd8a	50	1	0x0a4
object:weapon.sword	SWORD	1	0x5cd8a	51	1	0x0a5
object:weapon.sword	SWORD	1	0x5cd8a	52	1	0x0a5
object:weapon.sword	SWORD	1	0x5cd8a	53	2	0x0a6;0x0a7
object:weapon.sword	SWORD	1	0x5cd8a	54	2	0x0a6;0x0a7
object:weapon.sword	SWORD	1	0x5cd8a	69	3	0x0b2;0x0d0;0x0fa
object:weapon.axe	AXE	2	0x5d346	0	2	0x485;0x486
object:weapon.axe	AXE	2	0x5d346	1	3	0x489;0x488;0x487
object:weapon.axe	AXE	2	0x5d346	2	3	0x48c;0x48b;0x48a
object:weapon.axe	AXE	2	0x5d346	3	1	0x48d
object:weapon.axe	AXE	2	0x5d346	4	1	0x48e
object:weapon.axe	AXE	2	0x5d346	5	2	0x48f;0x490
object:weapon.axe	AXE	2	0x5d346	6	2	0x485;0x486
object:weapon.axe	AXE	2	0x5d346	7	3	0x489;0x488;0x487
object:weapon.axe	AXE	2	0x5d346	8	3	0x48c;0x48b;0x48a
object:weapon.axe	AXE	2	0x5d346	9	1	0x48d
object:weapon.axe	AXE	2	0x5d346	10	1	0x48e
object:weapon.axe	AXE	2	0x5d346	11	2	0x48f;0x490
object:weapon.axe	AXE	2	0x5d346	12	2	0x485;0x486
object:weapon.axe	AXE	2	0x5d346	13	2	0x485;0x486
object:weapon.axe	AXE	2	0x5d346	14	2	0x485;0x486
object:weapon.axe	AXE	2	0x5d346	19	2	0x485;0x486
object:weapon.axe	AXE	2	0x5d346	20	3	0x489;0x488;0x487
object:weapon.axe	AXE	2	0x5d346	21	3	0x48c;0x48b;0x48a
object:weapon.axe	AXE	2	0x5d346	22	1	0x48d
object:weapon.axe	AXE	2	0x5d346	23	1	0x48e
object:weapon.axe	AXE	2	0x5d346	24	2	0x48f;0x490
object:weapon.axe	AXE	2	0x5d346	25	3	0x48c;0x48b;0x48a
object:weapon.axe	AXE	2	0x5d346	26	2	0x486;0x485
object:weapon.axe	AXE	2	0x5d346	27	2	0x486;0x485
object:weapon.axe	AXE	2	0x5d346	28	2	0x486;0x485
object:weapon.axe	AXE	2	0x5d346	29	2	0x486;0x485
object:weapon.axe	AXE	2	0x5d346	30	2	0x486;0x485
object:weapon.axe	AXE	2	0x5d346	31	2	0x486;0x485
object:weapon.axe	AXE	2	0x5d346	32	2	0x486;0x485
object:weapon.axe	AXE	2	0x5d346	33	2	0x486;0x485
object:weapon.axe	AXE	2	0x5d346	43	2	0x485;0x486
object:weapon.axe	AXE	2	0x5d346	44	2	0x485;0x486
object:weapon.axe	AXE	2	0x5d346	45	3	0x489;0x488;0x487
object:weapon.axe	AXE	2	0x5d346	46	3	0x489;0x488;0x487
object:weapon.axe	AXE	2	0x5d346	47	3	0x48c;0x48b;0x48a
object:weapon.axe	AXE	2	0x5d346	48	3	0x48c;0x48b;0x48a
object:weapon.axe	AXE	2	0x5d346	49	1	0x48d
object:weapon.axe	AXE	2	0x5d346	50	1	0x48d
object:weapon.axe	AXE	2	0x5d346	51	1	0x48e
object:weapon.axe	AXE	2	0x5d346	52	1	0x48e
object:weapon.axe	AXE	2	0x5d346	53	2	0x48f;0x490
object:weapon.axe	AXE	2	0x5d346	54	2	0x48f;0x490
object:weapon.axe	AXE	2	0x5d346	69	3	0x0be;0x0ee;0x130
object:weapon.hammer	HAMMER	3	0x5d666	0	3	0x491;0x492;0x493
object:weapon.hammer	HAMMER	3	0x5d666	1	3	0x495;0x496;0x494
object:weapon.hammer	HAMMER	3	0x5d666	2	3	0x499;0x498;0x497
object:weapon.hammer	HAMMER	3	0x5d666	3	2	0x49b;0x49a
object:weapon.hammer	HAMMER	3	0x5d666	4	2	0x49d;0x49c
object:weapon.hammer	HAMMER	3	0x5d666	5	4	0x49e;0x49f;0x4a0;0x4a1
object:weapon.hammer	HAMMER	3	0x5d666	6	3	0x491;0x492;0x493
object:weapon.hammer	HAMMER	3	0x5d666	7	3	0x495;0x496;0x494
object:weapon.hammer	HAMMER	3	0x5d666	8	3	0x499;0x498;0x497
object:weapon.hammer	HAMMER	3	0x5d666	9	2	0x49b;0x49a
object:weapon.hammer	HAMMER	3	0x5d666	10	2	0x49d;0x49c
object:weapon.hammer	HAMMER	3	0x5d666	11	4	0x49e;0x49f;0x4a0;0x4a1
object:weapon.hammer	HAMMER	3	0x5d666	12	3	0x491;0x492;0x493
object:weapon.hammer	HAMMER	3	0x5d666	13	3	0x491;0x492;0x493
object:weapon.hammer	HAMMER	3	0x5d666	14	3	0x491;0x492;0x493
object:weapon.hammer	HAMMER	3	0x5d666	19	3	0x491;0x492;0x493
object:weapon.hammer	HAMMER	3	0x5d666	20	3	0x495;0x496;0x494
object:weapon.hammer	HAMMER	3	0x5d666	21	3	0x499;0x498;0x497
object:weapon.hammer	HAMMER	3	0x5d666	22	2	0x49b;0x49a
object:weapon.hammer	HAMMER	3	0x5d666	23	2	0x49d;0x49c
object:weapon.hammer	HAMMER	3	0x5d666	24	4	0x49e;0x49f;0x4a0;0x4a1
object:weapon.hammer	HAMMER	3	0x5d666	25	3	0x499;0x498;0x497
object:weapon.hammer	HAMMER	3	0x5d666	26	3	0x492;0x491;0x493
object:weapon.hammer	HAMMER	3	0x5d666	27	3	0x492;0x491;0x493
object:weapon.hammer	HAMMER	3	0x5d666	28	3	0x492;0x491;0x493
object:weapon.hammer	HAMMER	3	0x5d666	29	3	0x492;0x491;0x493
object:weapon.hammer	HAMMER	3	0x5d666	30	3	0x492;0x491;0x493
object:weapon.hammer	HAMMER	3	0x5d666	31	3	0x492;0x491;0x493
object:weapon.hammer	HAMMER	3	0x5d666	32	3	0x492;0x491;0x493
object:weapon.hammer	HAMMER	3	0x5d666	33	3	0x492;0x491;0x493
object:weapon.hammer	HAMMER	3	0x5d666	43	3	0x491;0x492;0x493
object:weapon.hammer	HAMMER	3	0x5d666	44	3	0x491;0x492;0x493
object:weapon.hammer	HAMMER	3	0x5d666	45	3	0x495;0x496;0x494
object:weapon.hammer	HAMMER	3	0x5d666	46	3	0x495;0x496;0x494
object:weapon.hammer	HAMMER	3	0x5d666	47	3	0x499;0x498;0x497
object:weapon.hammer	HAMMER	3	0x5d666	48	3	0x499;0x498;0x497
object:weapon.hammer	HAMMER	3	0x5d666	49	2	0x49b;0x49a
object:weapon.hammer	HAMMER	3	0x5d666	50	2	0x49b;0x49a
object:weapon.hammer	HAMMER	3	0x5d666	51	2	0x49d;0x49c
object:weapon.hammer	HAMMER	3	0x5d666	52	2	0x49d;0x49c
object:weapon.hammer	HAMMER	3	0x5d666	53	4	0x49e;0x49f;0x4a0;0x4a1
object:weapon.hammer	HAMMER	3	0x5d666	54	4	0x49e;0x49f;0x4a0;0x4a1
object:weapon.hammer	HAMMER	3	0x5d666	69	3	0x003;0x003;0x003
object:weapon.fire_sword	FIRE SWORD	4	0x5d068	0	2	0x46e;0x46f
object:weapon.fire_sword	FIRE SWORD	4	0x5d068	1	2	0x477;0x476
object:weapon.fire_sword	FIRE SWORD	4	0x5d068	2	2	0x479;0x478
object:weapon.fire_sword	FIRE SWORD	4	0x5d068	3	1	0x47a
object:weapon.fire_sword	FIRE SWORD	4	0x5d068	4	1	0x6e0
object:weapon.fire_sword	FIRE SWORD	4	0x5d068	5	2	0x47b;0x47c
object:weapon.fire_sword	FIRE SWORD	4	0x5d068	6	2	0x46e;0x46f
object:weapon.fire_sword	FIRE SWORD	4	0x5d068	7	2	0x477;0x476
object:weapon.fire_sword	FIRE SWORD	4	0x5d068	8	2	0x479;0x478
object:weapon.fire_sword	FIRE SWORD	4	0x5d068	9	1	0x47a
object:weapon.fire_sword	FIRE SWORD	4	0x5d068	10	1	0x6e0
object:weapon.fire_sword	FIRE SWORD	4	0x5d068	11	2	0x47b;0x47c
object:weapon.fire_sword	FIRE SWORD	4	0x5d068	12	2	0x46e;0x46f
object:weapon.fire_sword	FIRE SWORD	4	0x5d068	13	2	0x46e;0x46f
object:weapon.fire_sword	FIRE SWORD	4	0x5d068	14	2	0x46e;0x46f
object:weapon.fire_sword	FIRE SWORD	4	0x5d068	19	2	0x46e;0x46f
object:weapon.fire_sword	FIRE SWORD	4	0x5d068	20	2	0x477;0x476
object:weapon.fire_sword	FIRE SWORD	4	0x5d068	21	2	0x479;0x478
object:weapon.fire_sword	FIRE SWORD	4	0x5d068	22	1	0x47a
object:weapon.fire_sword	FIRE SWORD	4	0x5d068	23	1	0x6e0
object:weapon.fire_sword	FIRE SWORD	4	0x5d068	24	2	0x47b;0x47c
object:weapon.fire_sword	FIRE SWORD	4	0x5d068	25	2	0x479;0x478
object:weapon.fire_sword	FIRE SWORD	4	0x5d068	26	2	0x46f;0x46e
object:weapon.fire_sword	FIRE SWORD	4	0x5d068	27	2	0x46f;0x46e
object:weapon.fire_sword	FIRE SWORD	4	0x5d068	28	2	0x46f;0x46e
object:weapon.fire_sword	FIRE SWORD	4	0x5d068	29	2	0x46f;0x46e
object:weapon.fire_sword	FIRE SWORD	4	0x5d068	30	2	0x46f;0x46e
object:weapon.fire_sword	FIRE SWORD	4	0x5d068	31	2	0x46f;0x46e
object:weapon.fire_sword	FIRE SWORD	4	0x5d068	32	2	0x46f;0x46e
object:weapon.fire_sword	FIRE SWORD	4	0x5d068	33	2	0x46f;0x46e
object:weapon.fire_sword	FIRE SWORD	4	0x5d068	43	2	0x46e;0x46f
object:weapon.fire_sword	FIRE SWORD	4	0x5d068	44	2	0x46e;0x46f
object:weapon.fire_sword	FIRE SWORD	4	0x5d068	45	2	0x477;0x476
object:weapon.fire_sword	FIRE SWORD	4	0x5d068	46	2	0x477;0x476
object:weapon.fire_sword	FIRE SWORD	4	0x5d068	47	2	0x479;0x478
object:weapon.fire_sword	FIRE SWORD	4	0x5d068	48	2	0x479;0x478
object:weapon.fire_sword	FIRE SWORD	4	0x5d068	49	1	0x47a
object:weapon.fire_sword	FIRE SWORD	4	0x5d068	50	1	0x47a
object:weapon.fire_sword	FIRE SWORD	4	0x5d068	51	1	0x6e0
object:weapon.fire_sword	FIRE SWORD	4	0x5d068	52	1	0x6e0
object:weapon.fire_sword	FIRE SWORD	4	0x5d068	53	2	0x47b;0x47c
object:weapon.fire_sword	FIRE SWORD	4	0x5d068	54	2	0x47b;0x47c
object:weapon.fire_sword	FIRE SWORD	4	0x5d068	69	3	0x0b8;0x0dc;0x10c
