slot	offset	record_start	piece_count	cells	x_offsets	y_offsets	palette_line	duplicate_of	paired_use	status
0	0x0068	0x05c4ce	4	0x0076;0x0077;0x0078;0x0079	-16;0;-16;0	0;0;16;16	3		paired	DECODED
1	0x0082	0x05c4e8	4	0x007a;0x007b;0x007c;0x007d	-16;0;-16;0	0;0;16;16	3		paired	DECODED
2	0x009c	0x05c502	4	0x007e;0x007f;0x0080;0x0081	-16;0;-16;0	0;0;16;16	3		paired	DECODED
3	0x00b6	0x05c51c	4	0x0082;0x0083;0x0084;0x0085	-16;0;-16;0	0;0;16;16	3		paired	DECODED
4	0x00d0	0x05c536	4	0x0086;0x0087;0x0088;0x0089	-16;0;-16;0	0;0;16;16	3		paired	DECODED
5	0x00ea	0x05c550	4	0x008a;0x008b;0x008c;0x008d	-16;0;-16;0	0;0;16;16	3		paired	DECODED
6	0x0104	0x05c56a	2	0x00ae;0x00af	-16;0	8;8	3		paired	DECODED
7	0x0112	0x05c578	2	0x00b2;0x00b3	-16;0	8;8	3		paired	DECODED
8	0x0120	0x05c586	2	0x00b6;0x00b7	-16;0	8;8	3		paired	DECODED
9	0x012e	0x05c594	2	0x00ba;0x00bb	-16;0	8;8	3		paired	DECODED
10	0x013c	0x05c5a2	2	0x00be;0x00bf	-16;0	8;8	3		paired	DECODED
11	0x014a	0x05c5b0	2	0x00c2;0x00c3	-16;0	8;8	3		paired	DECODED
12	0x0158	0x05c5be	4	0x010b;0x010c;0x010d;0x010e	-16;0;-16;0	0;0;16;16	3		paired	DECODED
13	0x0172	0x05c5d8	3	0x0113;0x0114;0x0115	-10;6;-10	0;0;16	3		paired	DECODED
14	0x0186	0x05c5ec	4	0x011a;0x011b;0x011c;0x011d	-10;6;-10;6	0;0;16;16	3		paired	DECODED
15	0x01a0	0x05c606	3	0x0122;0x0123;0x0124	-10;6;-10	0;0;16	3		paired	DECODED
16	0x01b4	0x05c61a	3	0x0113;0x0114;0x0115	-10;6;-10	0;0;16	3	slot 13	paired	DECODED
17	0x01c8	0x05c62e	2	0x0109;0x010a	-16;0	8;8	3		paired	DECODED
18	0x01d6	0x05c63c	3	0x04a5;0x04a6;0x04a7	-16;0;-8	0;0;16	3		paired	DECODED
19	0x01ea	0x05c650	4	0x04ab;0x04ac;0x04ad;0x04ae	-16;0;-16;0	0;0;16;16	3		paired	DECODED
20	0x0204	0x05c66a	4	0x04b2;0x04b3;0x04b4;0x04b5	-16;0;-16;0	0;0;16;16	3		paired	DECODED
21	0x021e	0x05c684	2	0x04b9;0x04ba	-16;0	8;8	3		paired	DECODED
22	0x022c	0x05c692	2	0x04be;0x04bf	-16;0	8;8	3		paired	DECODED
23	0x023a	0x05c6a0	2	0x04c4;0x04c5	-16;0	8;8	3		paired	DECODED
24	0x0248	0x05c6ae	3	0x04ca;0x04cb;0x04cc	-10;6;-10	0;0;16	3		paired	DECODED
25	0x025c	0x05c6c2	3	0x04d1;0x04d2;0x04d3	-10;6;-10	0;0;16	3		paired	DECODED
26	0x0270	0x05c6d6	4	0x04d7;0x04d8;0x04d9;0x04da	-10;6;-10;6	0;0;16;16	3		paired	DECODED
27	0x028a	0x05c6f0	4	0x04df;0x04e0;0x04e1;0x04e2	-16;0;-16;0	0;0;16;16	3		paired	DECODED
28	0x02a4	0x05c70a	4	0x04e7;0x04e8;0x04e9;0x04ea	-16;0;-16;0	0;0;16;16	3		paired	DECODED
29	0x02be	0x05c724	4	0x04eb;0x04ec;0x04ed;0x04ee	-16;0;-16;0	0;0;16;16	3		paired	DECODED
30	0x02d8	0x05c73e	4	0x04ef;0x04f0;0x04f1;0x04f2	-16;0;-16;0	0;0;16;16	3		paired	DECODED
31	0x02f2	0x05c758	4	0x04f5;0x04f6;0x04f7;0x04f8	-16;0;-16;0	0;0;16;16	3		paired	DECODED
32	0x030c	0x05c772	4	0x04fd;0x04fe;0x04ff;0x0500	-16;0;-16;0	0;0;16;16	3		paired	DECODED
33	0x0326	0x05c78c	2	0x0505;0x0506	-16;0	0;0	3		paired	DECODED
34	0x0334	0x05c79a	0				3		paired	BLANK
35	0x0336	0x05c79c	4	0x0609;0x060a;0x060b;0x060c	-16;0;-16;0	12;12;28;28	3		paired	DECODED
36	0x0350	0x05c7b6	4	0x060d;0x060e;0x060f;0x0610	-16;0;-16;0	4;4;20;20	3		paired	DECODED
37	0x036a	0x05c7d0	4	0x051b;0x051c;0x0519;0x051a	-16;0;-16;0	8;8;24;24	3		paired	DECODED
38	0x0384	0x05c7ea	4	0x051f;0x0520;0x051d;0x051e	-16;0;-16;0	16;16;32;32	3		paired	DECODED
39	0x039e	0x05c804	2	0x0521;0x0522	-16;0	24;24	3		paired	DECODED
40	0x03ac	0x05c812	2	0x0523;0x0524	-16;0	32;32	3		paired	DECODED
41	0x03ba	0x05c820	4	0x057c;0x057d;0x057a;0x057b	-16;0;-16;0	8;8;24;24	3		paired	DECODED
42	0x03d4	0x05c83a	2	0x057e;0x057f	-16;0	16;16	3		paired	DECODED
43	0x03e2	0x05c848	2	0x0580;0x0581	-16;0	24;24	3		paired	DECODED
44	0x03f0	0x05c856	2	0x0584;0x0585	-16;0	32;32	3		paired	DECODED
45	0x03fe	0x05c864	4	0x0594;0x0595;0x0592;0x0593	-16;0;-16;0	0;0;16;16	3		paired	DECODED
46	0x0418	0x05c87e	4	0x0598;0x0599;0x0596;0x0597	-16;0;-16;0	0;0;16;16	3		paired	DECODED
47	0x0432	0x05c898	4	0x059c;0x059d;0x059a;0x059b	-16;0;-16;0	0;0;16;16	3		paired	DECODED
48	0x044c	0x05c8b2	4	0x05a2;0x05a3;0x05a0;0x05a1	-16;0;-16;0	0;0;16;16	3		paired	DECODED
49	0x0466	0x05c8cc	4	0x05aa;0x05ab;0x05a8;0x05a9	-16;0;-16;0	0;0;16;16	3		paired	DECODED
50	0x0480	0x05c8e6	4	0x05b2;0x05b3;0x05b0;0x05b1	-16;0;-16;0	0;0;16;16	3		paired	DECODED
51	0x049a	0x05c900	3	0x05b8;0x05b9;0x140c	-16;0;-24	0;0;0	3		paired	DECODED
