object	form	semantic_id	base_code	effective_bank	word0_nibble	cell_code	used_indices	valid	provenance
lizardman	base	2c8_004b_00	0x004B	0x36	0x6	0x04b	2;3;4;5;6;9	Y	sprite_census_captured.json
lizardman	base	2c8_004b_00	0x004B	0x36	0x6	0x04c	2;3;4;5;6;8;10;11;12	Y	sprite_census_captured.json
lizardman	base	2c8_004b_00	0x004B	0x36	0x6	0x04d	1;2;3;4;5;6;7;8;9;10;11;12	Y	sprite_census_captured.json
lizardman	base	2c8_004b_00	0x004B	0x36	0x6	0x04e	1;2;3;4;5;6;7;8;9;10;11;12	Y	sprite_census_captured.json
lizardman	base	2c8_004b_00	0x004B	0x36	0x6	0x04f	2;3;4;5;6;9	Y	sprite_census_captured.json
lizardman	base	2c8_004b_00	0x004B	0x36	0x6	0x050	2;3;4;5;6;8;10	Y	sprite_census_captured.json
lizardman	base	2c8_004b_00	0x004B	0x36	0x6	0x051	2;3;4;5;6;7;8;9	Y	sprite_census_captured.json
lizardman	base	2c8_004b_00	0x004B	0x36	0x6	0x052	2;3;4;5;6;7;8;9	Y	sprite_census_captured.json
lizardman	base	2c8_004b_00	0x004B	0x36	0x6	0x053	1;10;11;12	Y	sprite_census_captured.json
lizardman	base	2c8_004b_00	0x004B	0x36	0x6	0x054	3;4;5;8;9;10;11;12	Y	sprite_census_captured.json
lizardman	base	2c8_004b_00	0x004B	0x36	0x6	0x055	2;3;4;5;6;9	Y	sprite_census_captured.json
lizardman	base	2c8_004b_00	0x004B	0x36	0x6	0x056	2;3;4;5;6;8;10	Y	sprite_census_captured.json
lizardman	base	2c8_004b_00	0x004B	0x36	0x6	0x057	1;2;3;4;5;6;8;10;11;12	Y	sprite_census_captured.json
lizardman	base	2c8_004b_00	0x004B	0x36	0x6	0x058	2;3;4;5;6;7;8;9	Y	sprite_census_captured.json
lizardman	base	2c8_004b_00	0x004B	0x36	0x6	0x059	2;3;4;5;6	Y	sprite_census_captured.json
lizardman	base	2c8_004b_00	0x004B	0x36	0x6	0x05a	2;3;4;5;6;8;10	Y	sprite_census_captured.json
lizardman	base	2c8_004b_00	0x004B	0x36	0x6	0x05b	2;3;4;5;6;7;8;9	Y	sprite_census_captured.json
lizardman	base	2c8_004b_00	0x004B	0x36	0x6	0x05c	1;2;3;4;5;6;7;8;9;10;11;12	Y	sprite_census_captured.json
lizardman	base	2c8_004b_00	0x004B	0x36	0x6	0x05d	3;4;5;6;9	Y	sprite_census_captured.json
lizardman	base	2c8_004b_00	0x004B	0x36	0x6	0x05e	2;3;4;5;6;8;9;10	Y	sprite_census_captured.json
lizardman	base	2c8_004b_00	0x004B	0x36	0x6	0x05f	2;3;4;5;6;9	Y	sprite_census_captured.json
lizardman	base	2c8_004b_00	0x004B	0x36	0x6	0x060	2;3;4;5;6;8	Y	sprite_census_captured.json
lizardman	base	2c8_004b_00	0x004B	0x36	0x6	0x061	3;4;5;6;7;8;10;11;12	Y	sprite_census_captured.json
lizardman	base	2c8_004b_00	0x004B	0x36	0x6	0x062	1;10;11;12	Y	sprite_census_captured.json
lizardman	base	2c8_004b_00	0x004B	0x36	0x6	0x063	2;3;4;5	Y	sprite_census_captured.json
lizardman	base	2c8_004b_00	0x004B	0x36	0x6	0x064	2;3;4;5;6;8	Y	sprite_census_captured.json
lizardman	base	2c8_004b_00	0x004B	0x36	0x6	0x065	2;3;4;5;6;8;9	Y	sprite_census_captured.json
lizardman	base	2c8_004b_00	0x004B	0x36	0x6	0x066	2;3;4;5;6;8	Y	sprite_census_captured.json
lizardman	base	2c8_004b_00	0x004B	0x36	0x6	0x067	2;3;4;5;6;8	Y	sprite_census_captured.json
lizardman	base	2c8_004b_00	0x004B	0x36	0x6	0x068	2;3;4;5;6;8;9	Y	sprite_census_captured.json
lizardman	base	2c8_004b_00	0x004B	0x36	0x6	0x069	2;3;4;5;6;8	Y	sprite_census_captured.json
lizardman	base	2c8_004b_00	0x004B	0x36	0x6	0x06a	2;3;4;5;6	Y	sprite_census_captured.json
lizardman	base	2c8_004b_00	0x004B	0x36	0x6	0x06b	2;3;4;5;6;8	Y	sprite_census_captured.json
lizardman	base	2c8_004b_00	0x004B	0x36	0x6	0x06c	2;3;4;5;6;8	Y	sprite_census_captured.json
lizardman	base	2c8_004b_00	0x004B	0x36	0x6	0x06d	2;3;4;5;6;8;9	Y	sprite_census_captured.json
lizardman	base	2c8_004b_00	0x004B	0x36	0x6	0x06e	2;3;4;5;6;9	Y	sprite_census_captured.json
lizardman	base	2c8_004b_00	0x004B	0x36	0x6	0x06f	2;3;4;5;6;8;9	Y	sprite_census_captured.json
lizardman	base	2c8_004b_00	0x004B	0x36	0x6	0x070	2;3;4;5;6;8;9	Y	sprite_census_captured.json
lizardman	base	2c8_004b_00	0x004B	0x36	0x6	0x071	2;3;4;5;6;8	Y	sprite_census_captured.json
lizardman	base	2c8_004b_00	0x004B	0x36	0x6	0x072	2;3;4	Y	sprite_census_captured.json
lizardman	base	2c8_004b_00	0x004B	0x36	0x6	0x073	2;3;4;5;6;8	Y	sprite_census_captured.json
lizardman	base	2c8_004b_00	0x004B	0x36	0x6	0x074	2;3;4;5;6;8;9	Y	sprite_census_captured.json
lizardman	base	2c8_004b_00	0x004B	0x36	0x6	0x075	2;3;4;5;6;8;9	Y	sprite_census_captured.json
lizardman	anim	2c8_0a73_00	0x0A73	0x36	0x6	0x04b	2;3;4;5;6;9	Y	sprite_census_captured.json
lizardman	anim	2c8_0a73_00	0x0A73	0x36	0x6	0x04c	2;3;4;5;6;8;10;11;12	Y	sprite_census_captured.json
lizardman	anim	2c8_0a73_00	0x0A73	0x36	0x6	0x04d	1;2;3;4;5;6;7;8;9;10;11;12	Y	sprite_census_captured.json
lizardman	anim	2c8_0a73_00	0x0A73	0x36	0x6	0x04e	1;2;3;4;5;6;7;8;9;10;11;12	Y	sprite_census_captured.json
lizardman	anim	2c8_0a73_00	0x0A73	0x36	0x6	0x04f	2;3;4;5;6;9	Y	sprite_census_captured.json
lizardman	anim	2c8_0a73_00	0x0A73	0x36	0x6	0x050	2;3;4;5;6;8;10	Y	sprite_census_captured.json
lizardman	anim	2c8_0a73_00	0x0A73	0x36	0x6	0x051	2;3;4;5;6;7;8;9	Y	sprite_census_captured.json
lizardman	anim	2c8_0a73_00	0x0A73	0x36	0x6	0x052	2;3;4;5;6;7;8;9	Y	sprite_census_captured.json
lizardman	anim	2c8_0a73_00	0x0A73	0x36	0x6	0x053	1;10;11;12	Y	sprite_census_captured.json
lizardman	anim	2c8_0a73_00	0x0A73	0x36	0x6	0x054	3;4;5;8;9;10;11;12	Y	sprite_census_captured.json
lizardman	anim	2c8_0a73_00	0x0A73	0x36	0x6	0x055	2;3;4;5;6;9	Y	sprite_census_captured.json
lizardman	anim	2c8_0a73_00	0x0A73	0x36	0x6	0x056	2;3;4;5;6;8;10	Y	sprite_census_captured.json
lizardman	anim	2c8_0a73_00	0x0A73	0x36	0x6	0x057	1;2;3;4;5;6;8;10;11;12	Y	sprite_census_captured.json
lizardman	anim	2c8_0a73_00	0x0A73	0x36	0x6	0x058	2;3;4;5;6;7;8;9	Y	sprite_census_captured.json
lizardman	anim	2c8_0a73_00	0x0A73	0x36	0x6	0x059	2;3;4;5;6	Y	sprite_census_captured.json
lizardman	anim	2c8_0a73_00	0x0A73	0x36	0x6	0x05a	2;3;4;5;6;8;10	Y	sprite_census_captured.json
lizardman	anim	2c8_0a73_00	0x0A73	0x36	0x6	0x05b	2;3;4;5;6;7;8;9	Y	sprite_census_captured.json
lizardman	anim	2c8_0a73_00	0x0A73	0x36	0x6	0x05c	1;2;3;4;5;6;7;8;9;10;11;12	Y	sprite_census_captured.json
lizardman	anim	2c8_0a73_00	0x0A73	0x36	0x6	0x05d	3;4;5;6;9	Y	sprite_census_captured.json
lizardman	anim	2c8_0a73_00	0x0A73	0x36	0x6	0x05e	2;3;4;5;6;8;9;10	Y	sprite_census_captured.json
lizardman	anim	2c8_0a73_00	0x0A73	0x36	0x6	0x05f	2;3;4;5;6;9	Y	sprite_census_captured.json
lizardman	anim	2c8_0a73_00	0x0A73	0x36	0x6	0x060	2;3;4;5;6;8	Y	sprite_census_captured.json
lizardman	anim	2c8_0a73_00	0x0A73	0x36	0x6	0x061	3;4;5;6;7;8;10;11;12	Y	sprite_census_captured.json
lizardman	anim	2c8_0a73_00	0x0A73	0x36	0x6	0x062	1;10;11;12	Y	sprite_census_captured.json
lizardman	anim	2c8_0a73_00	0x0A73	0x36	0x6	0x063	2;3;4;5	Y	sprite_census_captured.json
lizardman	anim	2c8_0a73_00	0x0A73	0x36	0x6	0x064	2;3;4;5;6;8	Y	sprite_census_captured.json
lizardman	anim	2c8_0a73_00	0x0A73	0x36	0x6	0x065	2;3;4;5;6;8;9	Y	sprite_census_captured.json
lizardman	anim	2c8_0a73_00	0x0A73	0x36	0x6	0x066	2;3;4;5;6;8	Y	sprite_census_captured.json
lizardman	anim	2c8_0a73_00	0x0A73	0x36	0x6	0x067	2;3;4;5;6;8	Y	sprite_census_captured.json
lizardman	anim	2c8_0a73_00	0x0A73	0x36	0x6	0x068	2;3;4;5;6;8;9	Y	sprite_census_captured.json
lizardman	anim	2c8_0a73_00	0x0A73	0x36	0x6	0x069	2;3;4;5;6;8	Y	sprite_census_captured.json
lizardman	anim	2c8_0a73_00	0x0A73	0x36	0x6	0x06a	2;3;4;5;6	Y	sprite_census_captured.json
lizardman	anim	2c8_0a73_00	0x0A73	0x36	0x6	0x06b	2;3;4;5;6;8	Y	sprite_census_captured.json
lizardman	anim	2c8_0a73_00	0x0A73	0x36	0x6	0x06c	2;3;4;5;6;8	Y	sprite_census_captured.json
lizardman	anim	2c8_0a73_00	0x0A73	0x36	0x6	0x06d	2;3;4;5;6;8;9	Y	sprite_census_captured.json
lizardman	anim	2c8_0a73_00	0x0A73	0x36	0x6	0x06e	2;3;4;5;6;9	Y	sprite_census_captured.json
lizardman	anim	2c8_0a73_00	0x0A73	0x36	0x6	0x06f	2;3;4;5;6;8;9	Y	sprite_census_captured.json
lizardman	anim	2c8_0a73_00	0x0A73	0x36	0x6	0x070	2;3;4;5;6;8;9	Y	sprite_census_captured.json
lizardman	anim	2c8_0a73_00	0x0A73	0x36	0x6	0x071	2;3;4;5;6;8	Y	sprite_census_captured.json
lizardman	anim	2c8_0a73_00	0x0A73	0x36	0x6	0x072	2;3;4	Y	sprite_census_captured.json
lizardman	anim	2c8_0a73_00	0x0A73	0x36	0x6	0x073	2;3;4;5;6;8	Y	sprite_census_captured.json
lizardman	anim	2c8_0a73_00	0x0A73	0x36	0x6	0x074	2;3;4;5;6;8;9	Y	sprite_census_captured.json
lizardman	anim	2c8_0a73_00	0x0A73	0x36	0x6	0x075	2;3;4;5;6;8;9	Y	sprite_census_captured.json
lizardman	anim	2c8_0a73_00	0x0A73	0x36	0x6	0xa73	2;3;4	Y	sprite_census_captured.json
lizardman	anim	2c8_0a73_00	0x0A73	0x36	0x6	0xa74	2;3;4	Y	sprite_census_captured.json
lizardman	anim	2c8_0a73_00	0x0A73	0x36	0x6	0xa75	2;3;4	Y	sprite_census_captured.json
lizardman	anim	2c8_0a73_00	0x0A73	0x36	0x6	0xa76	2;3;4	Y	sprite_census_captured.json
lizardman	anim	2c8_0a73_00	0x0A73	0x36	0x6	0xa77	2;3;4	Y	sprite_census_captured.json
lizardman	anim	2c8_0a73_00	0x0A73	0x36	0x6	0xa78	2;3;4;5	Y	sprite_census_captured.json
lizardman	anim	2c8_0a73_00	0x0A73	0x36	0x6	0xa79	2;3;4;5	Y	sprite_census_captured.json
lizardman	anim	2c8_0a73_00	0x0A73	0x36	0x6	0xa7a	2;3;4;5	Y	sprite_census_captured.json
lizardman	anim	2c8_0a73_00	0x0A73	0x36	0x6	0xa7b	2;3;4;5	Y	sprite_census_captured.json
lizardman	anim	2c8_0a73_00	0x0A73	0x36	0x6	0xa7c	2;3;4;5	Y	sprite_census_captured.json
lizardman	anim	2c8_0a73_00	0x0A73	0x36	0x6	0xa7d	2;3;4;5	Y	sprite_census_captured.json
lizardman	anim	2c8_0a73_00	0x0A73	0x36	0x6	0xa7e	2;3;4;5	Y	sprite_census_captured.json
lizardman	anim	2c8_0a73_00	0x0A73	0x36	0x6	0xa7f	2;3;4;5	Y	sprite_census_captured.json
lizardman	anim	2c8_0a73_00	0x0A73	0x36	0x6	0xa80	2;3;4;5	Y	sprite_census_captured.json
lizardman	anim	2c8_0a73_00	0x0A73	0x36	0x6	0xa81	2;3;4;5	Y	sprite_census_captured.json
lizardman	anim	2c8_0a73_00	0x0A73	0x36	0x6	0xa82	2;3;4;5	Y	sprite_census_captured.json
lizardman	anim	2c8_0a73_00	0x0A73	0x36	0x6	0xa83	2;3;4;5	Y	sprite_census_captured.json
lizardman	anim	2c8_0a73_00	0x0A73	0x36	0x6	0xa84	2;3;4;5	Y	sprite_census_captured.json
lizardman	anim	2c8_0a73_00	0x0A73	0x36	0x6	0xa85	2;3;4;5	Y	sprite_census_captured.json
lizardman	anim	2c8_0a73_00	0x0A73	0x36	0x6	0xa86	2;3;4;5	Y	sprite_census_captured.json
lizardman	anim	2c8_0a73_00	0x0A73	0x36	0x6	0xa87	2;3;4;5	Y	sprite_census_captured.json
lizardman	anim	2c8_0a73_00	0x0A73	0x36	0x6	0xa88	2;3;4	Y	sprite_census_captured.json
lizardman	anim	2c8_0a73_00	0x0A73	0x36	0x6	0xa89	2;3;4;5	Y	sprite_census_captured.json
lizardman	anim	2c8_0a73_00	0x0A73	0x36	0x6	0xa8a	2;3;4;5	Y	sprite_census_captured.json
lizardman	anim	2c8_0a73_00	0x0A73	0x36	0x6	0xa8b	2;3;4;5	Y	sprite_census_captured.json
lizardman	anim	2c8_0a73_00	0x0A73	0x36	0x6	0xa8c	2;3;4;5	Y	sprite_census_captured.json
lizardman	anim	2c8_0a73_00	0x0A73	0x36	0x6	0xa8d	3;4	Y	sprite_census_captured.json
lizardman	anim	2c8_0a73_00	0x0A73	0x36	0x6	0xa8e	3;4	Y	sprite_census_captured.json
lizardman	anim	2c8_0a73_00	0x0A73	0x36	0x6	0xa8f	3;4	Y	sprite_census_captured.json
lizardman	anim	2c8_0a73_00	0x0A73	0x36	0x6	0xa90	3;4	Y	sprite_census_captured.json
lizardman	anim	2c8_0a73_00	0x0A73	0x36	0x6	0xa91	3;4	Y	sprite_census_captured.json
lizardman	anim	2c8_0a73_00	0x0A73	0x36	0x6	0xa92	3;4	Y	sprite_census_captured.json
lizardman	anim	2c8_0a73_00	0x0A73	0x36	0x6	0xa93	3;4	Y	sprite_census_captured.json
lizardman	anim	2c8_0a73_00	0x0A73	0x36	0x6	0xa94	3;4	Y	sprite_census_captured.json
lizardman	anim	2c8_0a73_00	0x0A73	0x36	0x6	0xa95	5;6	Y	sprite_census_captured.json
lizardman	anim	2c8_0a73_00	0x0A73	0x36	0x6	0xa96	5;6;7	Y	sprite_census_captured.json
lizardman	anim	2c8_0a73_00	0x0A73	0x36	0x6	0xa97	5;6	Y	sprite_census_captured.json
lizardman	anim	2c8_0a73_00	0x0A73	0x36	0x6	0xa98	5;6;7	Y	sprite_census_captured.json
lizardman	anim	2c8_0a73_00	0x0A73	0x36	0x6	0xa99	6;7	Y	sprite_census_captured.json
lizardman	anim	2c8_0a73_00	0x0A73	0x36	0x6	0xa9a	5;6;7	Y	sprite_census_captured.json
lizardman	anim	2c8_0a73_00	0x0A73	0x36	0x6	0xa9b	5;6	Y	sprite_census_captured.json
lizardman	anim	2c8_0a73_00	0x0A73	0x36	0x6	0xa9c	5;6;7	Y	sprite_census_captured.json
lizardman	anim	2c8_0a73_00	0x0A73	0x36	0x6	0xa9d	5;6	Y	sprite_census_captured.json
lizardman	anim	2c8_0a73_00	0x0A73	0x36	0x6	0xa9e	5;6;7	Y	sprite_census_captured.json
lizardman	anim	2c8_0a73_00	0x0A73	0x36	0x6	0xa9f	5;6;7	Y	sprite_census_captured.json
lizardman	anim	2c8_0a73_00	0x0A73	0x36	0x6	0xaa0	5;6;7	Y	sprite_census_captured.json
lizardman	anim	2c8_0a73_00	0x0A73	0x36	0x6	0xaa1	5;6;7	Y	sprite_census_captured.json
lizardman	anim	2c8_0a73_00	0x0A73	0x36	0x6	0xaa2	5;6;7	Y	sprite_census_captured.json
large_bat	base	5c8_03f6_00	0x03F6	0x3E	0xE	0x3f6	3;10;11;12;13	Y	sprite_census_captured.json
large_bat	base	5c8_03f6_00	0x03F6	0x3E	0xE	0x3f7	10;11;13	Y	sprite_census_captured.json
large_bat	base	5c8_03f6_00	0x03F6	0x3E	0xE	0x3f8	7;10;11;12;13;14	Y	sprite_census_captured.json
large_bat	base	5c8_03f6_00	0x03F6	0x3E	0xE	0x3f9	7;10;11;13	Y	sprite_census_captured.json
large_bat	base	5c8_03f6_00	0x03F6	0x3E	0xE	0x3fa	7;10;11;12;13;14	Y	sprite_census_captured.json
large_bat	base	5c8_03f6_00	0x03F6	0x3E	0xE	0x3fb	3;7;10;11;12;13	Y	sprite_census_captured.json
large_bat	base	5c8_03f6_00	0x03F6	0x3E	0xE	0x3fc	7;10;11;12;13;14	Y	sprite_census_captured.json
large_bat	base	5c8_03f6_00	0x03F6	0x3E	0xE	0x3fd	11;12;13	Y	sprite_census_captured.json
large_bat	base	5c8_03f6_00	0x03F6	0x3E	0xE	0x3fe	7;10;11;12;13	Y	sprite_census_captured.json
large_bat	base	5c8_03f6_00	0x03F6	0x3E	0xE	0x3ff	11;12;13	Y	sprite_census_captured.json
small_bat	base	748_0268_00	0x0268	0x3E	0xE	0x268	3;10;11;12;13;14	Y	sprite_census_captured.json
small_bat	base	748_0268_00	0x0268	0x3E	0xE	0x269	3;10;11;12;13;14	Y	sprite_census_captured.json
small_bat	base	748_0268_00	0x0268	0x3E	0xE	0x26a	3;10;11;12;13;14	Y	sprite_census_captured.json
four_armed_insect	base	2c8_02e8_03	0x02E8	0x3A	0xA	0x2e8	1;2;3;5;6;7;9;10;12	Y	sprite_census_captured.json
four_armed_insect	base	2c8_02e8_03	0x02E8	0x3A	0xA	0x2e9	1;2;3;5;7;9;10;11;12	Y	sprite_census_captured.json
four_armed_insect	base	2c8_02e8_03	0x02E8	0x3A	0xA	0x2ea	1;2;3;5;6;9;10;12	Y	sprite_census_captured.json
four_armed_insect	base	2c8_02e8_03	0x02E8	0x3A	0xA	0x2eb	1;2;3;5;7;9;10;12	Y	sprite_census_captured.json
four_armed_insect	base	2c8_02e8_03	0x02E8	0x3A	0xA	0x2ec	1;2;3;5;6;7;9;10;12	Y	sprite_census_captured.json
four_armed_insect	base	2c8_02e8_03	0x02E8	0x3A	0xA	0x2ed	1;2;3;5;6;9;10;12	Y	sprite_census_captured.json
four_armed_insect	base	2c8_02e8_03	0x02E8	0x3A	0xA	0x2ee	1;2;3;7;12	Y	sprite_census_captured.json
four_armed_insect	base	2c8_02e8_03	0x02E8	0x3A	0xA	0x2ef	1;2;3;12	Y	sprite_census_captured.json
four_armed_insect	base	2c8_02e8_03	0x02E8	0x3A	0xA	0x2f0	1;2;3;9;12	Y	sprite_census_captured.json
four_armed_insect	base	2c8_02e8_03	0x02E8	0x3A	0xA	0x2f1	1;2;3;9;12	Y	sprite_census_captured.json
four_armed_insect	base	2c8_02e8_03	0x02E8	0x3A	0xA	0x2f2	1;2;3;7;12	Y	sprite_census_captured.json
four_armed_insect	base	2c8_02e8_03	0x02E8	0x3A	0xA	0x2f3	1;2;3;9;12	Y	sprite_census_captured.json
four_armed_insect	base	2c8_02e8_03	0x02E8	0x3A	0xA	0x2f4	1;2;3;7;12	Y	sprite_census_captured.json
four_armed_insect	base	2c8_02e8_03	0x02E8	0x3A	0xA	0x2f5	1;2;3;9;12	Y	sprite_census_captured.json
four_armed_insect	base	2c8_02e8_03	0x02E8	0x3A	0xA	0x2f6	1;2;3;9;12	Y	sprite_census_captured.json
four_armed_insect	base	2c8_02e8_03	0x02E8	0x3A	0xA	0x2f7	1;2;3;7;12	Y	sprite_census_captured.json
four_armed_insect	base	2c8_02e8_03	0x02E8	0x3A	0xA	0x2f8	1;2;3;9;12	Y	sprite_census_captured.json
four_armed_insect	base	2c8_02e8_03	0x02E8	0x3A	0xA	0x2f9	5;6;9;10	Y	sprite_census_captured.json
four_armed_insect	base	2c8_02e8_03	0x02E8	0x3A	0xA	0x2fa	1;2;3;5;7;9;10;11;12	Y	sprite_census_captured.json
four_armed_insect	base	2c8_02e8_03	0x02E8	0x3A	0xA	0x2fb	1;2;3;12	Y	sprite_census_captured.json
four_armed_insect	base	2c8_02e8_03	0x02E8	0x3A	0xA	0x2fc	1;2;3;5;6;7;9;10;12	Y	sprite_census_captured.json
four_armed_insect	base	2c8_02e8_03	0x02E8	0x3A	0xA	0x2fd	1;2;3;5;6;9;10;12	Y	sprite_census_captured.json
four_armed_insect	base	2c8_02e8_03	0x02E8	0x3A	0xA	0x2fe	1;2;3;5;7;9;10;11;12	Y	sprite_census_captured.json
four_armed_insect	base	2c8_02e8_03	0x02E8	0x3A	0xA	0x2ff	1;2;3;12	Y	sprite_census_captured.json
four_armed_insect	base	2c8_02e8_03	0x02E8	0x3A	0xA	0x300	1;2;3;5;6;7;9;10;12	Y	sprite_census_captured.json
four_armed_insect	base	2c8_02e8_03	0x02E8	0x3A	0xA	0x301	1;2;3;5;6;9;10;12	Y	sprite_census_captured.json
four_armed_insect	base	2c8_02e8_03	0x02E8	0x3A	0xA	0x302	1;2;3;5;6;9;10;12	Y	sprite_census_captured.json
four_armed_insect	base	2c8_02e8_03	0x02E8	0x3A	0xA	0x303	1;2;3;5;7;9;10;12	Y	sprite_census_captured.json
four_armed_insect	base	2c8_02e8_03	0x02E8	0x3A	0xA	0x304	1;2;3;5;7;9;10;12	Y	sprite_census_captured.json
four_armed_insect	base	2c8_02e8_03	0x02E8	0x3A	0xA	0x305	1;2;3;7;12	Y	sprite_census_captured.json
four_armed_insect	base	2c8_02e8_03	0x02E8	0x3A	0xA	0x306	1;2;3;5;7;9;10;11;12	Y	sprite_census_captured.json
four_armed_insect	base	2c8_02e8_03	0x02E8	0x3A	0xA	0x307	1;2;3;12	Y	sprite_census_captured.json
four_armed_insect	base	2c8_02e8_03	0x02E8	0x3A	0xA	0x308	1;2;3;5;6;7;9;10;12	Y	sprite_census_captured.json
four_armed_insect	base	2c8_02e8_03	0x02E8	0x3A	0xA	0x309	1;2;3;5;6;9;10;12	Y	sprite_census_captured.json
four_armed_insect	base	2c8_02e8_03	0x02E8	0x3A	0xA	0x30a	1;2;3;7;12	Y	sprite_census_captured.json
four_armed_insect	base	2c8_02e8_03	0x02E8	0x3A	0xA	0x30b	1;2;3;5;7;9;10;12	Y	sprite_census_captured.json
four_armed_insect	base	2c8_02e8_03	0x02E8	0x3A	0xA	0x30c	1;2;3;5;6;7;9;10;12	Y	sprite_census_captured.json
four_armed_insect	base	2c8_02e8_03	0x02E8	0x3A	0xA	0x30d	1;2;3;5;6;7;9;10;11;12	Y	sprite_census_captured.json
four_armed_insect	base	2c8_02e8_03	0x02E8	0x3A	0xA	0x30e	1;2;3;5;9;10;12	Y	sprite_census_captured.json
four_armed_insect	base	2c8_02e8_03	0x02E8	0x3A	0xA	0x30f	1;2;3;5;6;7;9;10;12	Y	sprite_census_captured.json
four_armed_insect	base	2c8_02e8_03	0x02E8	0x3A	0xA	0x310	1;2;3	Y	sprite_census_captured.json
four_armed_insect	base	2c8_02e8_03	0x02E8	0x3A	0xA	0x311	1;2;3;5;6;7;9;10;12	Y	sprite_census_captured.json
four_armed_insect	base	2c8_02e8_03	0x02E8	0x3A	0xA	0x312	1;2;3;12	Y	sprite_census_captured.json
four_armed_insect	base	2c8_02e8_03	0x02E8	0x3A	0xA	0x313	1;2;3;5;6;7;9;10;12	Y	sprite_census_captured.json
four_armed_insect	base	2c8_02e8_03	0x02E8	0x3A	0xA	0x314	1;2;3;12	Y	sprite_census_captured.json
four_armed_insect	base	2c8_02e8_03	0x02E8	0x3A	0xA	0x315	5;6;9;10	Y	sprite_census_captured.json
four_armed_insect	base	2c8_02e8_03	0x02E8	0x3A	0xA	0x316	1;2;3;5;7;9;10;12	Y	sprite_census_captured.json
four_armed_insect	base	2c8_02e8_03	0x02E8	0x3A	0xA	0x317	1;2;3;5;7;9;10;12	Y	sprite_census_captured.json
four_armed_insect	base	2c8_02e8_03	0x02E8	0x3A	0xA	0x318	1;2;3;7;12	Y	sprite_census_captured.json
four_armed_insect	base	2c8_02e8_03	0x02E8	0x3A	0xA	0x319	1;2;3;5;7;9;10;11;12	Y	sprite_census_captured.json
four_armed_insect	base	2c8_02e8_03	0x02E8	0x3A	0xA	0x31a	1;2;3;12	Y	sprite_census_captured.json
four_armed_insect	base	2c8_02e8_03	0x02E8	0x3A	0xA	0x31b	1;2;3;7;12	Y	sprite_census_captured.json
four_armed_insect	base	2c8_02e8_03	0x02E8	0x3A	0xA	0x31c	1;2;3;7;12	Y	sprite_census_captured.json
four_armed_insect	base	2c8_02e8_03	0x02E8	0x3A	0xA	0x31d	1;2;3;12	Y	sprite_census_captured.json
four_armed_insect	base	2c8_02e8_03	0x02E8	0x3A	0xA	0x31e	1;2;3;7;12	Y	sprite_census_captured.json
four_armed_insect	base	2c8_02e8_03	0x02E8	0x3A	0xA	0x31f	1;2;3;7;12	Y	sprite_census_captured.json
four_armed_insect	base	2c8_02e8_03	0x02E8	0x3A	0xA	0x320	1;2;3;7;12	Y	sprite_census_captured.json
four_armed_insect	base	2c8_02e8_03	0x02E8	0x3A	0xA	0x321	1;2;3;7;12	Y	sprite_census_captured.json
four_armed_insect	anim	2c8_0a73_03	0x0A73	0x3A	0xA	0x2e8	1;2;3;5;6;7;9;10;12	Y	sprite_census_captured.json
four_armed_insect	anim	2c8_0a73_03	0x0A73	0x3A	0xA	0x2e9	1;2;3;5;7;9;10;11;12	Y	sprite_census_captured.json
four_armed_insect	anim	2c8_0a73_03	0x0A73	0x3A	0xA	0x2ea	1;2;3;5;6;9;10;12	Y	sprite_census_captured.json
four_armed_insect	anim	2c8_0a73_03	0x0A73	0x3A	0xA	0x2eb	1;2;3;5;7;9;10;12	Y	sprite_census_captured.json
four_armed_insect	anim	2c8_0a73_03	0x0A73	0x3A	0xA	0x2ec	1;2;3;5;6;7;9;10;12	Y	sprite_census_captured.json
four_armed_insect	anim	2c8_0a73_03	0x0A73	0x3A	0xA	0x2ed	1;2;3;5;6;9;10;12	Y	sprite_census_captured.json
four_armed_insect	anim	2c8_0a73_03	0x0A73	0x3A	0xA	0x2ee	1;2;3;7;12	Y	sprite_census_captured.json
four_armed_insect	anim	2c8_0a73_03	0x0A73	0x3A	0xA	0x2ef	1;2;3;12	Y	sprite_census_captured.json
four_armed_insect	anim	2c8_0a73_03	0x0A73	0x3A	0xA	0x2f0	1;2;3;9;12	Y	sprite_census_captured.json
four_armed_insect	anim	2c8_0a73_03	0x0A73	0x3A	0xA	0x2f1	1;2;3;9;12	Y	sprite_census_captured.json
four_armed_insect	anim	2c8_0a73_03	0x0A73	0x3A	0xA	0x2f2	1;2;3;7;12	Y	sprite_census_captured.json
four_armed_insect	anim	2c8_0a73_03	0x0A73	0x3A	0xA	0x2f3	1;2;3;9;12	Y	sprite_census_captured.json
four_armed_insect	anim	2c8_0a73_03	0x0A73	0x3A	0xA	0x2f4	1;2;3;7;12	Y	sprite_census_captured.json
four_armed_insect	anim	2c8_0a73_03	0x0A73	0x3A	0xA	0x2f5	1;2;3;9;12	Y	sprite_census_captured.json
four_armed_insect	anim	2c8_0a73_03	0x0A73	0x3A	0xA	0x2f6	1;2;3;9;12	Y	sprite_census_captured.json
four_armed_insect	anim	2c8_0a73_03	0x0A73	0x3A	0xA	0x2f7	1;2;3;7;12	Y	sprite_census_captured.json
four_armed_insect	anim	2c8_0a73_03	0x0A73	0x3A	0xA	0x2f8	1;2;3;9;12	Y	sprite_census_captured.json
four_armed_insect	anim	2c8_0a73_03	0x0A73	0x3A	0xA	0x2f9	5;6;9;10	Y	sprite_census_captured.json
four_armed_insect	anim	2c8_0a73_03	0x0A73	0x3A	0xA	0x2fa	1;2;3;5;7;9;10;11;12	Y	sprite_census_captured.json
four_armed_insect	anim	2c8_0a73_03	0x0A73	0x3A	0xA	0x2fb	1;2;3;12	Y	sprite_census_captured.json
four_armed_insect	anim	2c8_0a73_03	0x0A73	0x3A	0xA	0x2fc	1;2;3;5;6;7;9;10;12	Y	sprite_census_captured.json
four_armed_insect	anim	2c8_0a73_03	0x0A73	0x3A	0xA	0x2fd	1;2;3;5;6;9;10;12	Y	sprite_census_captured.json
four_armed_insect	anim	2c8_0a73_03	0x0A73	0x3A	0xA	0x301	1;2;3;5;6;9;10;12	Y	sprite_census_captured.json
four_armed_insect	anim	2c8_0a73_03	0x0A73	0x3A	0xA	0x30a	1;2;3;7;12	Y	sprite_census_captured.json
four_armed_insect	anim	2c8_0a73_03	0x0A73	0x3A	0xA	0x30b	1;2;3;5;7;9;10;12	Y	sprite_census_captured.json
four_armed_insect	anim	2c8_0a73_03	0x0A73	0x3A	0xA	0x30c	1;2;3;5;6;7;9;10;12	Y	sprite_census_captured.json
four_armed_insect	anim	2c8_0a73_03	0x0A73	0x3A	0xA	0xa73	2;3;4	Y	sprite_census_captured.json
four_armed_insect	anim	2c8_0a73_03	0x0A73	0x3A	0xA	0xa74	2;3;4	Y	sprite_census_captured.json
four_armed_insect	anim	2c8_0a73_03	0x0A73	0x3A	0xA	0xa75	2;3;4	Y	sprite_census_captured.json
four_armed_insect	anim	2c8_0a73_03	0x0A73	0x3A	0xA	0xa76	2;3;4	Y	sprite_census_captured.json
four_armed_insect	anim	2c8_0a73_03	0x0A73	0x3A	0xA	0xa77	2;3;4	Y	sprite_census_captured.json
four_armed_insect	anim	2c8_0a73_03	0x0A73	0x3A	0xA	0xa78	2;3;4;5	Y	sprite_census_captured.json
four_armed_insect	anim	2c8_0a73_03	0x0A73	0x3A	0xA	0xa79	2;3;4;5	Y	sprite_census_captured.json
four_armed_insect	anim	2c8_0a73_03	0x0A73	0x3A	0xA	0xa7a	2;3;4;5	Y	sprite_census_captured.json
four_armed_insect	anim	2c8_0a73_03	0x0A73	0x3A	0xA	0xa7b	2;3;4;5	Y	sprite_census_captured.json
four_armed_insect	anim	2c8_0a73_03	0x0A73	0x3A	0xA	0xa7c	2;3;4;5	Y	sprite_census_captured.json
four_armed_insect	anim	2c8_0a73_03	0x0A73	0x3A	0xA	0xa7d	2;3;4;5	Y	sprite_census_captured.json
four_armed_insect	anim	2c8_0a73_03	0x0A73	0x3A	0xA	0xa7e	2;3;4;5	Y	sprite_census_captured.json
four_armed_insect	anim	2c8_0a73_03	0x0A73	0x3A	0xA	0xa7f	2;3;4;5	Y	sprite_census_captured.json
four_armed_insect	anim	2c8_0a73_03	0x0A73	0x3A	0xA	0xa80	2;3;4;5	Y	sprite_census_captured.json
four_armed_insect	anim	2c8_0a73_03	0x0A73	0x3A	0xA	0xa81	2;3;4;5	Y	sprite_census_captured.json
four_armed_insect	anim	2c8_0a73_03	0x0A73	0x3A	0xA	0xa82	2;3;4;5	Y	sprite_census_captured.json
four_armed_insect	anim	2c8_0a73_03	0x0A73	0x3A	0xA	0xa83	2;3;4;5	Y	sprite_census_captured.json
four_armed_insect	anim	2c8_0a73_03	0x0A73	0x3A	0xA	0xa84	2;3;4;5	Y	sprite_census_captured.json
four_armed_insect	anim	2c8_0a73_03	0x0A73	0x3A	0xA	0xa85	2;3;4;5	Y	sprite_census_captured.json
four_armed_insect	anim	2c8_0a73_03	0x0A73	0x3A	0xA	0xa86	2;3;4;5	Y	sprite_census_captured.json
four_armed_insect	anim	2c8_0a73_03	0x0A73	0x3A	0xA	0xa87	2;3;4;5	Y	sprite_census_captured.json
four_armed_insect	anim	2c8_0a73_03	0x0A73	0x3A	0xA	0xa88	2;3;4	Y	sprite_census_captured.json
four_armed_insect	anim	2c8_0a73_03	0x0A73	0x3A	0xA	0xa89	2;3;4;5	Y	sprite_census_captured.json
four_armed_insect	anim	2c8_0a73_03	0x0A73	0x3A	0xA	0xa8a	2;3;4;5	Y	sprite_census_captured.json
four_armed_insect	anim	2c8_0a73_03	0x0A73	0x3A	0xA	0xa8b	2;3;4;5	Y	sprite_census_captured.json
four_armed_insect	anim	2c8_0a73_03	0x0A73	0x3A	0xA	0xa8c	2;3;4;5	Y	sprite_census_captured.json
four_armed_insect	anim	2c8_0a73_03	0x0A73	0x3A	0xA	0xa8d	3;4	Y	sprite_census_captured.json
four_armed_insect	anim	2c8_0a73_03	0x0A73	0x3A	0xA	0xa8e	3;4	Y	sprite_census_captured.json
four_armed_insect	anim	2c8_0a73_03	0x0A73	0x3A	0xA	0xa8f	3;4	Y	sprite_census_captured.json
four_armed_insect	anim	2c8_0a73_03	0x0A73	0x3A	0xA	0xa90	3;4	Y	sprite_census_captured.json
four_armed_insect	anim	2c8_0a73_03	0x0A73	0x3A	0xA	0xa91	3;4	Y	sprite_census_captured.json
four_armed_insect	anim	2c8_0a73_03	0x0A73	0x3A	0xA	0xa92	3;4	Y	sprite_census_captured.json
four_armed_insect	anim	2c8_0a73_03	0x0A73	0x3A	0xA	0xa93	3;4	Y	sprite_census_captured.json
four_armed_insect	anim	2c8_0a73_03	0x0A73	0x3A	0xA	0xa94	3;4	Y	sprite_census_captured.json
four_armed_insect	anim	2c8_0a73_03	0x0A73	0x3A	0xA	0xa95	5;6	Y	sprite_census_captured.json
four_armed_insect	anim	2c8_0a73_03	0x0A73	0x3A	0xA	0xa96	5;6;7	Y	sprite_census_captured.json
four_armed_insect	anim	2c8_0a73_03	0x0A73	0x3A	0xA	0xa97	5;6	Y	sprite_census_captured.json
four_armed_insect	anim	2c8_0a73_03	0x0A73	0x3A	0xA	0xa98	5;6;7	Y	sprite_census_captured.json
four_armed_insect	anim	2c8_0a73_03	0x0A73	0x3A	0xA	0xa99	6;7	Y	sprite_census_captured.json
four_armed_insect	anim	2c8_0a73_03	0x0A73	0x3A	0xA	0xa9a	5;6;7	Y	sprite_census_captured.json
four_armed_insect	anim	2c8_0a73_03	0x0A73	0x3A	0xA	0xa9b	5;6	Y	sprite_census_captured.json
four_armed_insect	anim	2c8_0a73_03	0x0A73	0x3A	0xA	0xa9c	5;6;7	Y	sprite_census_captured.json
four_armed_insect	anim	2c8_0a73_03	0x0A73	0x3A	0xA	0xa9d	5;6	Y	sprite_census_captured.json
four_armed_insect	anim	2c8_0a73_03	0x0A73	0x3A	0xA	0xa9e	5;6;7	Y	sprite_census_captured.json
four_armed_insect	anim	2c8_0a73_03	0x0A73	0x3A	0xA	0xa9f	5;6;7	Y	sprite_census_captured.json
four_armed_insect	anim	2c8_0a73_03	0x0A73	0x3A	0xA	0xaa0	5;6;7	Y	sprite_census_captured.json
four_armed_insect	anim	2c8_0a73_03	0x0A73	0x3A	0xA	0xaa1	5;6;7	Y	sprite_census_captured.json
four_armed_insect	anim	2c8_0a73_03	0x0A73	0x3A	0xA	0xaa2	5;6;7	Y	sprite_census_captured.json
chimera	base	2c8_00d0_01	0x00D0	0x34	0x4	0x00f	2;3;4;5;7;8;10	Y	sprite_census_captured.json
chimera	base	2c8_00d0_01	0x00D0	0x34	0x4	0x010	1;2;3;6;8;10;14	Y	sprite_census_captured.json
chimera	base	2c8_00d0_01	0x00D0	0x34	0x4	0x011	1;2;3;4;5;7;8;10;14	Y	sprite_census_captured.json
chimera	base	2c8_00d0_01	0x00D0	0x34	0x4	0x012	1;2;3;6;8;11;14	Y	sprite_census_captured.json
chimera	base	2c8_00d0_01	0x00D0	0x34	0x4	0x013	1;2;3;4;5;6;8;10	Y	sprite_census_captured.json
chimera	base	2c8_00d0_01	0x00D0	0x34	0x4	0x014	1;2;3;6;7;8;14	Y	sprite_census_captured.json
chimera	base	2c8_00d0_01	0x00D0	0x34	0x4	0x015	1;2;3;4;5;6;7;8;10;14	Y	sprite_census_captured.json
chimera	base	2c8_00d0_01	0x00D0	0x34	0x4	0x016	1;2;3;8;11;14	Y	sprite_census_captured.json
chimera	base	2c8_00d0_01	0x00D0	0x34	0x4	0x017	1;2;3;4;5;6;8;10	Y	sprite_census_captured.json
chimera	base	2c8_00d0_01	0x00D0	0x34	0x4	0x018	1;2;3;7;8;14	Y	sprite_census_captured.json
chimera	base	2c8_00d0_01	0x00D0	0x34	0x4	0x019	1;2;3;4;5;6;8;10;14	Y	sprite_census_captured.json
chimera	base	2c8_00d0_01	0x00D0	0x34	0x4	0x01a	1;2;3;7;8;11;14	Y	sprite_census_captured.json
chimera	base	2c8_00d0_01	0x00D0	0x34	0x4	0x01b	1;2;3;4;5;6;10	Y	sprite_census_captured.json
chimera	base	2c8_00d0_01	0x00D0	0x34	0x4	0x01c	1;2;3;6;7;8;14	Y	sprite_census_captured.json
chimera	base	2c8_00d0_01	0x00D0	0x34	0x4	0x01d	1;2;3;4;5;6;7;8;10;14	Y	sprite_census_captured.json
chimera	base	2c8_00d0_01	0x00D0	0x34	0x4	0x01e	1;2;3;8;11;14	Y	sprite_census_captured.json
chimera	base	2c8_00d0_01	0x00D0	0x34	0x4	0x01f	2;3;4;5;10	Y	sprite_census_captured.json
chimera	base	2c8_00d0_01	0x00D0	0x34	0x4	0x020	1;2;3;6;7;8;14	Y	sprite_census_captured.json
chimera	base	2c8_00d0_01	0x00D0	0x34	0x4	0x021	1;2;3;4;5;6;7;8;10;14	Y	sprite_census_captured.json
chimera	base	2c8_00d0_01	0x00D0	0x34	0x4	0x022	1;2;3;8;11;14	Y	sprite_census_captured.json
chimera	base	2c8_00d0_01	0x00D0	0x34	0x4	0x023	3;4;5;8;10	Y	sprite_census_captured.json
chimera	base	2c8_00d0_01	0x00D0	0x34	0x4	0x024	1;2;3;6;7;8;14	Y	sprite_census_captured.json
chimera	base	2c8_00d0_01	0x00D0	0x34	0x4	0x025	1;2;3;4;5;6;7;8;10;14	Y	sprite_census_captured.json
chimera	base	2c8_00d0_01	0x00D0	0x34	0x4	0x026	1;2;3;6;8;11;14	Y	sprite_census_captured.json
chimera	base	2c8_00d0_01	0x00D0	0x34	0x4	0x0d0	5;9;10;11;12;13	Y	sprite_census_captured.json
chimera	base	2c8_00d0_01	0x00D0	0x34	0x4	0x0d1	4;5;9;10;11;12;13	Y	sprite_census_captured.json
chimera	base	2c8_00d0_01	0x00D0	0x34	0x4	0x0d2	1;2;4;5;10;11;12;13	Y	sprite_census_captured.json
chimera	base	2c8_00d0_01	0x00D0	0x34	0x4	0x0d3	1;2;3;4;5;6;7;9;10;11;12;13;14	Y	sprite_census_captured.json
chimera	base	2c8_00d0_01	0x00D0	0x34	0x4	0x0d4	1;2;3;4;6;7;9;10;11;14	Y	sprite_census_captured.json
chimera	base	2c8_00d0_01	0x00D0	0x34	0x4	0x0d9	5;11;12;13	Y	sprite_census_captured.json
chimera	base	2c8_00d0_01	0x00D0	0x34	0x4	0x0da	4;5;6;9;11;12;13	Y	sprite_census_captured.json
chimera	base	2c8_00d0_01	0x00D0	0x34	0x4	0x0db	1;2;4;5;10;11;12;13	Y	sprite_census_captured.json
chimera	base	2c8_00d0_01	0x00D0	0x34	0x4	0x0dc	1;2;3;4;5;6;7;9;10;11;12;13;14	Y	sprite_census_captured.json
chimera	base	2c8_00d0_01	0x00D0	0x34	0x4	0x0dd	1;2;3;4;6;7;9;10;11;14	Y	sprite_census_captured.json
chimera	base	2c8_00d0_01	0x00D0	0x34	0x4	0x0e2	5;10;11;12;13	Y	sprite_census_captured.json
chimera	base	2c8_00d0_01	0x00D0	0x34	0x4	0x0e3	4;5;6;7;9;11;12;13	Y	sprite_census_captured.json
chimera	base	2c8_00d0_01	0x00D0	0x34	0x4	0x0e4	1;2;3;4;5;10;11;12;13	Y	sprite_census_captured.json
chimera	base	2c8_00d0_01	0x00D0	0x34	0x4	0x0e5	1;2;3;4;5;6;7;9;10;11;12;13;14	Y	sprite_census_captured.json
chimera	base	2c8_00d0_01	0x00D0	0x34	0x4	0x0e6	1;2;6;7;9;11;14	Y	sprite_census_captured.json
chimera	base	2c8_00d0_01	0x00D0	0x34	0x4	0x0e7	2;3;4;5;8	Y	sprite_census_captured.json
chimera	base	2c8_00d0_01	0x00D0	0x34	0x4	0x0e8	1;2;3;5;6;7;8;10;14	Y	sprite_census_captured.json
chimera	base	2c8_00d0_01	0x00D0	0x34	0x4	0x0e9	1;2;3;4;5;6;8;10;14	Y	sprite_census_captured.json
chimera	base	2c8_00d0_01	0x00D0	0x34	0x4	0x0ea	1;2;3;7;8;11;14	Y	sprite_census_captured.json
chimera	base	2c8_00d0_01	0x00D0	0x34	0x4	0x0eb	1;2;3;4;5;6;7;8	Y	sprite_census_captured.json
chimera	base	2c8_00d0_01	0x00D0	0x34	0x4	0x0ec	1;2;3;8;14	Y	sprite_census_captured.json
chimera	base	2c8_00d0_01	0x00D0	0x34	0x4	0x0ed	1;2;3;4;5;8;10;14	Y	sprite_census_captured.json
chimera	base	2c8_00d0_01	0x00D0	0x34	0x4	0x0ee	1;2;3;6;7;8;11;14	Y	sprite_census_captured.json
chimera	base	2c8_00d0_01	0x00D0	0x34	0x4	0x0ef	4;5	Y	sprite_census_captured.json
chimera	base	2c8_00d0_01	0x00D0	0x34	0x4	0x0f0	1;2;3;5;6;8;10;14	Y	sprite_census_captured.json
chimera	base	2c8_00d0_01	0x00D0	0x34	0x4	0x0f1	1;2;3;4;5;6;8;10;14	Y	sprite_census_captured.json
chimera	base	2c8_00d0_01	0x00D0	0x34	0x4	0x0f2	1;2;3;8;11;14	Y	sprite_census_captured.json
chimera	base	2c8_00d0_01	0x00D0	0x34	0x4	0x189	4;5;9;10;11;12;13	Y	sprite_census_captured.json
chimera	base	2c8_00d0_01	0x00D0	0x34	0x4	0x18a	4;5;6;7;9;10;11;12;13	Y	sprite_census_captured.json
chimera	base	2c8_00d0_01	0x00D0	0x34	0x4	0x18b	4;6;9;10	Y	sprite_census_captured.json
chimera	base	2c8_00d0_01	0x00D0	0x34	0x4	0x18c	1;2;4;5;10;11;12;13;14	Y	sprite_census_captured.json
chimera	base	2c8_00d0_01	0x00D0	0x34	0x4	0x18d	1;2;3;4;5;7;10;11;12;13;14	Y	sprite_census_captured.json
chimera	base	2c8_00d0_01	0x00D0	0x34	0x4	0x18e	1;2;3;6;7;8;11;14	Y	sprite_census_captured.json
chimera	base	2c8_00d0_01	0x00D0	0x34	0x4	0x18f	2;3;4;5;8	Y	sprite_census_captured.json
chimera	base	2c8_00d0_01	0x00D0	0x34	0x4	0x190	1;2;3;6;8;10;14	Y	sprite_census_captured.json
chimera	base	2c8_00d0_01	0x00D0	0x34	0x4	0x191	1;2;3;6;8;10;14	Y	sprite_census_captured.json
chimera	base	2c8_00d0_01	0x00D0	0x34	0x4	0x192	2;3;7;8	Y	sprite_census_captured.json
chimera	base	2c8_00d0_01	0x00D0	0x34	0x4	0x193	11;12;13	Y	sprite_census_captured.json
chimera	base	2c8_00d0_01	0x00D0	0x34	0x4	0x194	9;11;12;13	Y	sprite_census_captured.json
chimera	base	2c8_00d0_01	0x00D0	0x34	0x4	0x195	3;4;5;8	Y	sprite_census_captured.json
chimera	base	2c8_00d0_01	0x00D0	0x34	0x4	0x196	1;2;3;4;5;8;10;11;12;13;14	Y	sprite_census_captured.json
chimera	base	2c8_00d0_01	0x00D0	0x34	0x4	0x197	1;3;4;5;6;7;9;10;11;12;13	Y	sprite_census_captured.json
chimera	base	2c8_00d0_01	0x00D0	0x34	0x4	0x198	6;7;9;11	Y	sprite_census_captured.json
chimera	base	2c8_00d0_01	0x00D0	0x34	0x4	0x199	1;2;3;7;8	Y	sprite_census_captured.json
chimera	base	2c8_00d0_01	0x00D0	0x34	0x4	0x19a	1;2;3;6;8;14	Y	sprite_census_captured.json
chimera	base	2c8_00d0_01	0x00D0	0x34	0x4	0x19b	1;2;3;4;5;6;8;10;11;13;14	Y	sprite_census_captured.json
chimera	base	2c8_00d0_01	0x00D0	0x34	0x4	0x19c	1;2;3;7;8;11;14	Y	sprite_census_captured.json
chimera	base	2c8_00d0_01	0x00D0	0x34	0x4	0x19d	9;11;12;13	Y	sprite_census_captured.json
chimera	base	2c8_00d0_01	0x00D0	0x34	0x4	0x19e	12;13	Y	sprite_census_captured.json
chimera	base	2c8_00d0_01	0x00D0	0x34	0x4	0x19f	4;5;10;11;12;13	Y	sprite_census_captured.json
chimera	base	2c8_00d0_01	0x00D0	0x34	0x4	0x1a0	1;4;5;6;7;9;10;11;12;13	Y	sprite_census_captured.json
chimera	base	2c8_00d0_01	0x00D0	0x34	0x4	0x1a1	6;7	Y	sprite_census_captured.json
chimera	base	2c8_00d0_01	0x00D0	0x34	0x4	0x1a2	1;2;3;4;5;8;10;14	Y	sprite_census_captured.json
chimera	base	2c8_00d0_01	0x00D0	0x34	0x4	0x1a3	1;2;3;4;5;6;7;8;10;14	Y	sprite_census_captured.json
chimera	base	2c8_00d0_01	0x00D0	0x34	0x4	0x1a4	1;2;3;4;5;6;8;10;11;13;14	Y	sprite_census_captured.json
chimera	base	2c8_00d0_01	0x00D0	0x34	0x4	0x1a5	2;3;6	Y	sprite_census_captured.json
chimera	base	2c8_00d0_01	0x00D0	0x34	0x4	0x1a6	11;12;13	Y	sprite_census_captured.json
chimera	base	2c8_00d0_01	0x00D0	0x34	0x4	0x1a7	9;11;12;13	Y	sprite_census_captured.json
chimera	base	2c8_00d0_01	0x00D0	0x34	0x4	0x1a8	4;5	Y	sprite_census_captured.json
chimera	base	2c8_00d0_01	0x00D0	0x34	0x4	0x1a9	1;4;5;10;11;12;13	Y	sprite_census_captured.json
chimera	base	2c8_00d0_01	0x00D0	0x34	0x4	0x1aa	1;2;3;4;5;6;7;10;11;12;13;14	Y	sprite_census_captured.json
chimera	base	2c8_00d0_01	0x00D0	0x34	0x4	0x1ab	1;2;3;4;5;6;7;9;10;11;14	Y	sprite_census_captured.json
chimera	base	2c8_00d0_01	0x00D0	0x34	0x4	0x1ac	2;3;4;5;8	Y	sprite_census_captured.json
chimera	base	2c8_00d0_01	0x00D0	0x34	0x4	0x1ad	1;2;3;4;5;6;7;8;10;14	Y	sprite_census_captured.json
chimera	base	2c8_00d0_01	0x00D0	0x34	0x4	0x1ae	1;2;3;4;5;6;8;10;14	Y	sprite_census_captured.json
chimera	base	2c8_00d0_01	0x00D0	0x34	0x4	0x1af	1;2;3;4;5;6;10;11;14	Y	sprite_census_captured.json
chimera	base	2c8_00d0_01	0x00D0	0x34	0x4	0x1b0	11;12;13	Y	sprite_census_captured.json
chimera	base	2c8_00d0_01	0x00D0	0x34	0x4	0x1b1	4;5;9;10;11;12;13	Y	sprite_census_captured.json
chimera	base	2c8_00d0_01	0x00D0	0x34	0x4	0x1b2	4;5;10	Y	sprite_census_captured.json
chimera	base	2c8_00d0_01	0x00D0	0x34	0x4	0x1b3	1;4;5;10;12;13	Y	sprite_census_captured.json
chimera	base	2c8_00d0_01	0x00D0	0x34	0x4	0x1b4	1;2;4;5;10;11;12;13;14	Y	sprite_census_captured.json
chimera	base	2c8_00d0_01	0x00D0	0x34	0x4	0x1b5	1;2;3;4;5;6;7;9;11;14	Y	sprite_census_captured.json
chimera	base	2c8_00d0_01	0x00D0	0x34	0x4	0x1b6	2;3;4;5;8	Y	sprite_census_captured.json
chimera	base	2c8_00d0_01	0x00D0	0x34	0x4	0x1b7	1;2;3;4;5;6;7;8;10;14	Y	sprite_census_captured.json
chimera	base	2c8_00d0_01	0x00D0	0x34	0x4	0x1b8	1;2;3;5;6;8;10;14	Y	sprite_census_captured.json
chimera	base	2c8_00d0_01	0x00D0	0x34	0x4	0x1b9	1;2;3;4;5;6;8;10	Y	sprite_census_captured.json
chimera	anim	2c8_0a73_01	0x0A73	0x34	0x4	0x013	1;2;3;4;5;6;8;10	Y	sprite_census_captured.json
chimera	anim	2c8_0a73_01	0x0A73	0x34	0x4	0x014	1;2;3;6;7;8;14	Y	sprite_census_captured.json
chimera	anim	2c8_0a73_01	0x0A73	0x34	0x4	0x015	1;2;3;4;5;6;7;8;10;14	Y	sprite_census_captured.json
chimera	anim	2c8_0a73_01	0x0A73	0x34	0x4	0x016	1;2;3;8;11;14	Y	sprite_census_captured.json
chimera	anim	2c8_0a73_01	0x0A73	0x34	0x4	0x017	1;2;3;4;5;6;8;10	Y	sprite_census_captured.json
chimera	anim	2c8_0a73_01	0x0A73	0x34	0x4	0x018	1;2;3;7;8;14	Y	sprite_census_captured.json
chimera	anim	2c8_0a73_01	0x0A73	0x34	0x4	0x019	1;2;3;4;5;6;8;10;14	Y	sprite_census_captured.json
chimera	anim	2c8_0a73_01	0x0A73	0x34	0x4	0x01a	1;2;3;7;8;11;14	Y	sprite_census_captured.json
chimera	anim	2c8_0a73_01	0x0A73	0x34	0x4	0x01f	2;3;4;5;10	Y	sprite_census_captured.json
chimera	anim	2c8_0a73_01	0x0A73	0x34	0x4	0x020	1;2;3;6;7;8;14	Y	sprite_census_captured.json
chimera	anim	2c8_0a73_01	0x0A73	0x34	0x4	0x021	1;2;3;4;5;6;7;8;10;14	Y	sprite_census_captured.json
chimera	anim	2c8_0a73_01	0x0A73	0x34	0x4	0x022	1;2;3;8;11;14	Y	sprite_census_captured.json
chimera	anim	2c8_0a73_01	0x0A73	0x34	0x4	0x023	3;4;5;8;10	Y	sprite_census_captured.json
chimera	anim	2c8_0a73_01	0x0A73	0x34	0x4	0x024	1;2;3;6;7;8;14	Y	sprite_census_captured.json
chimera	anim	2c8_0a73_01	0x0A73	0x34	0x4	0x025	1;2;3;4;5;6;7;8;10;14	Y	sprite_census_captured.json
chimera	anim	2c8_0a73_01	0x0A73	0x34	0x4	0x026	1;2;3;6;8;11;14	Y	sprite_census_captured.json
chimera	anim	2c8_0a73_01	0x0A73	0x34	0x4	0x0d0	5;9;10;11;12;13	Y	sprite_census_captured.json
chimera	anim	2c8_0a73_01	0x0A73	0x34	0x4	0x0d1	4;5;9;10;11;12;13	Y	sprite_census_captured.json
chimera	anim	2c8_0a73_01	0x0A73	0x34	0x4	0x0d2	1;2;4;5;10;11;12;13	Y	sprite_census_captured.json
chimera	anim	2c8_0a73_01	0x0A73	0x34	0x4	0x0d3	1;2;3;4;5;6;7;9;10;11;12;13;14	Y	sprite_census_captured.json
chimera	anim	2c8_0a73_01	0x0A73	0x34	0x4	0x0d4	1;2;3;4;6;7;9;10;11;14	Y	sprite_census_captured.json
chimera	anim	2c8_0a73_01	0x0A73	0x34	0x4	0x0d9	5;11;12;13	Y	sprite_census_captured.json
chimera	anim	2c8_0a73_01	0x0A73	0x34	0x4	0x0da	4;5;6;9;11;12;13	Y	sprite_census_captured.json
chimera	anim	2c8_0a73_01	0x0A73	0x34	0x4	0x0db	1;2;4;5;10;11;12;13	Y	sprite_census_captured.json
chimera	anim	2c8_0a73_01	0x0A73	0x34	0x4	0x0dc	1;2;3;4;5;6;7;9;10;11;12;13;14	Y	sprite_census_captured.json
chimera	anim	2c8_0a73_01	0x0A73	0x34	0x4	0x0dd	1;2;3;4;6;7;9;10;11;14	Y	sprite_census_captured.json
chimera	anim	2c8_0a73_01	0x0A73	0x34	0x4	0x0e2	5;10;11;12;13	Y	sprite_census_captured.json
chimera	anim	2c8_0a73_01	0x0A73	0x34	0x4	0x0e3	4;5;6;7;9;11;12;13	Y	sprite_census_captured.json
chimera	anim	2c8_0a73_01	0x0A73	0x34	0x4	0x0e4	1;2;3;4;5;10;11;12;13	Y	sprite_census_captured.json
chimera	anim	2c8_0a73_01	0x0A73	0x34	0x4	0x0e5	1;2;3;4;5;6;7;9;10;11;12;13;14	Y	sprite_census_captured.json
chimera	anim	2c8_0a73_01	0x0A73	0x34	0x4	0x0e6	1;2;6;7;9;11;14	Y	sprite_census_captured.json
chimera	anim	2c8_0a73_01	0x0A73	0x34	0x4	0x0ef	4;5	Y	sprite_census_captured.json
chimera	anim	2c8_0a73_01	0x0A73	0x34	0x4	0x0f0	1;2;3;5;6;8;10;14	Y	sprite_census_captured.json
chimera	anim	2c8_0a73_01	0x0A73	0x34	0x4	0x0f1	1;2;3;4;5;6;8;10;14	Y	sprite_census_captured.json
chimera	anim	2c8_0a73_01	0x0A73	0x34	0x4	0x0f2	1;2;3;8;11;14	Y	sprite_census_captured.json
chimera	anim	2c8_0a73_01	0x0A73	0x34	0x4	0x189	4;5;9;10;11;12;13	Y	sprite_census_captured.json
chimera	anim	2c8_0a73_01	0x0A73	0x34	0x4	0x18a	4;5;6;7;9;10;11;12;13	Y	sprite_census_captured.json
chimera	anim	2c8_0a73_01	0x0A73	0x34	0x4	0x18b	4;6;9;10	Y	sprite_census_captured.json
chimera	anim	2c8_0a73_01	0x0A73	0x34	0x4	0x18c	1;2;4;5;10;11;12;13;14	Y	sprite_census_captured.json
chimera	anim	2c8_0a73_01	0x0A73	0x34	0x4	0x18d	1;2;3;4;5;7;10;11;12;13;14	Y	sprite_census_captured.json
chimera	anim	2c8_0a73_01	0x0A73	0x34	0x4	0x18e	1;2;3;6;7;8;11;14	Y	sprite_census_captured.json
chimera	anim	2c8_0a73_01	0x0A73	0x34	0x4	0x18f	2;3;4;5;8	Y	sprite_census_captured.json
chimera	anim	2c8_0a73_01	0x0A73	0x34	0x4	0x190	1;2;3;6;8;10;14	Y	sprite_census_captured.json
chimera	anim	2c8_0a73_01	0x0A73	0x34	0x4	0x191	1;2;3;6;8;10;14	Y	sprite_census_captured.json
chimera	anim	2c8_0a73_01	0x0A73	0x34	0x4	0x192	2;3;7;8	Y	sprite_census_captured.json
chimera	anim	2c8_0a73_01	0x0A73	0x34	0x4	0x19d	9;11;12;13	Y	sprite_census_captured.json
chimera	anim	2c8_0a73_01	0x0A73	0x34	0x4	0x19e	12;13	Y	sprite_census_captured.json
chimera	anim	2c8_0a73_01	0x0A73	0x34	0x4	0x19f	4;5;10;11;12;13	Y	sprite_census_captured.json
chimera	anim	2c8_0a73_01	0x0A73	0x34	0x4	0x1a0	1;4;5;6;7;9;10;11;12;13	Y	sprite_census_captured.json
chimera	anim	2c8_0a73_01	0x0A73	0x34	0x4	0x1a1	6;7	Y	sprite_census_captured.json
chimera	anim	2c8_0a73_01	0x0A73	0x34	0x4	0x1a2	1;2;3;4;5;8;10;14	Y	sprite_census_captured.json
chimera	anim	2c8_0a73_01	0x0A73	0x34	0x4	0x1a3	1;2;3;4;5;6;7;8;10;14	Y	sprite_census_captured.json
chimera	anim	2c8_0a73_01	0x0A73	0x34	0x4	0x1a4	1;2;3;4;5;6;8;10;11;13;14	Y	sprite_census_captured.json
chimera	anim	2c8_0a73_01	0x0A73	0x34	0x4	0x1a5	2;3;6	Y	sprite_census_captured.json
chimera	anim	2c8_0a73_01	0x0A73	0x34	0x4	0x1a6	11;12;13	Y	sprite_census_captured.json
chimera	anim	2c8_0a73_01	0x0A73	0x34	0x4	0x1a7	9;11;12;13	Y	sprite_census_captured.json
chimera	anim	2c8_0a73_01	0x0A73	0x34	0x4	0x1a8	4;5	Y	sprite_census_captured.json
chimera	anim	2c8_0a73_01	0x0A73	0x34	0x4	0x1a9	1;4;5;10;11;12;13	Y	sprite_census_captured.json
chimera	anim	2c8_0a73_01	0x0A73	0x34	0x4	0x1aa	1;2;3;4;5;6;7;10;11;12;13;14	Y	sprite_census_captured.json
chimera	anim	2c8_0a73_01	0x0A73	0x34	0x4	0x1ab	1;2;3;4;5;6;7;9;10;11;14	Y	sprite_census_captured.json
chimera	anim	2c8_0a73_01	0x0A73	0x34	0x4	0x1ac	2;3;4;5;8	Y	sprite_census_captured.json
chimera	anim	2c8_0a73_01	0x0A73	0x34	0x4	0x1ad	1;2;3;4;5;6;7;8;10;14	Y	sprite_census_captured.json
chimera	anim	2c8_0a73_01	0x0A73	0x34	0x4	0x1ae	1;2;3;4;5;6;8;10;14	Y	sprite_census_captured.json
chimera	anim	2c8_0a73_01	0x0A73	0x34	0x4	0x1af	1;2;3;4;5;6;10;11;14	Y	sprite_census_captured.json
chimera	anim	2c8_0a73_01	0x0A73	0x34	0x4	0xa73	2;3;4	Y	sprite_census_captured.json
chimera	anim	2c8_0a73_01	0x0A73	0x34	0x4	0xa74	2;3;4	Y	sprite_census_captured.json
chimera	anim	2c8_0a73_01	0x0A73	0x34	0x4	0xa75	2;3;4	Y	sprite_census_captured.json
chimera	anim	2c8_0a73_01	0x0A73	0x34	0x4	0xa76	2;3;4	Y	sprite_census_captured.json
chimera	anim	2c8_0a73_01	0x0A73	0x34	0x4	0xa77	2;3;4	Y	sprite_census_captured.json
chimera	anim	2c8_0a73_01	0x0A73	0x34	0x4	0xa78	2;3;4;5	Y	sprite_census_captured.json
chimera	anim	2c8_0a73_01	0x0A73	0x34	0x4	0xa79	2;3;4;5	Y	sprite_census_captured.json
chimera	anim	2c8_0a73_01	0x0A73	0x34	0x4	0xa7a	2;3;4;5	Y	sprite_census_captured.json
chimera	anim	2c8_0a73_01	0x0A73	0x34	0x4	0xa7b	2;3;4;5	Y	sprite_census_captured.json
chimera	anim	2c8_0a73_01	0x0A73	0x34	0x4	0xa7c	2;3;4;5	Y	sprite_census_captured.json
chimera	anim	2c8_0a73_01	0x0A73	0x34	0x4	0xa7d	2;3;4;5	Y	sprite_census_captured.json
chimera	anim	2c8_0a73_01	0x0A73	0x34	0x4	0xa7e	2;3;4;5	Y	sprite_census_captured.json
chimera	anim	2c8_0a73_01	0x0A73	0x34	0x4	0xa7f	2;3;4;5	Y	sprite_census_captured.json
chimera	anim	2c8_0a73_01	0x0A73	0x34	0x4	0xa80	2;3;4;5	Y	sprite_census_captured.json
chimera	anim	2c8_0a73_01	0x0A73	0x34	0x4	0xa81	2;3;4;5	Y	sprite_census_captured.json
chimera	anim	2c8_0a73_01	0x0A73	0x34	0x4	0xa82	2;3;4;5	Y	sprite_census_captured.json
chimera	anim	2c8_0a73_01	0x0A73	0x34	0x4	0xa83	2;3;4;5	Y	sprite_census_captured.json
chimera	anim	2c8_0a73_01	0x0A73	0x34	0x4	0xa84	2;3;4;5	Y	sprite_census_captured.json
chimera	anim	2c8_0a73_01	0x0A73	0x34	0x4	0xa85	2;3;4;5	Y	sprite_census_captured.json
chimera	anim	2c8_0a73_01	0x0A73	0x34	0x4	0xa86	2;3;4;5	Y	sprite_census_captured.json
chimera	anim	2c8_0a73_01	0x0A73	0x34	0x4	0xa87	2;3;4;5	Y	sprite_census_captured.json
chimera	anim	2c8_0a73_01	0x0A73	0x34	0x4	0xa88	2;3;4	Y	sprite_census_captured.json
chimera	anim	2c8_0a73_01	0x0A73	0x34	0x4	0xa89	2;3;4;5	Y	sprite_census_captured.json
chimera	anim	2c8_0a73_01	0x0A73	0x34	0x4	0xa8a	2;3;4;5	Y	sprite_census_captured.json
chimera	anim	2c8_0a73_01	0x0A73	0x34	0x4	0xa8b	2;3;4;5	Y	sprite_census_captured.json
chimera	anim	2c8_0a73_01	0x0A73	0x34	0x4	0xa8c	2;3;4;5	Y	sprite_census_captured.json
chimera	anim	2c8_0a73_01	0x0A73	0x34	0x4	0xa8d	3;4	Y	sprite_census_captured.json
chimera	anim	2c8_0a73_01	0x0A73	0x34	0x4	0xa8e	3;4	Y	sprite_census_captured.json
chimera	anim	2c8_0a73_01	0x0A73	0x34	0x4	0xa8f	3;4	Y	sprite_census_captured.json
chimera	anim	2c8_0a73_01	0x0A73	0x34	0x4	0xa90	3;4	Y	sprite_census_captured.json
chimera	anim	2c8_0a73_01	0x0A73	0x34	0x4	0xa91	3;4	Y	sprite_census_captured.json
chimera	anim	2c8_0a73_01	0x0A73	0x34	0x4	0xa92	3;4	Y	sprite_census_captured.json
chimera	anim	2c8_0a73_01	0x0A73	0x34	0x4	0xa93	3;4	Y	sprite_census_captured.json
chimera	anim	2c8_0a73_01	0x0A73	0x34	0x4	0xa94	3;4	Y	sprite_census_captured.json
chimera	anim	2c8_0a73_01	0x0A73	0x34	0x4	0xa95	5;6	Y	sprite_census_captured.json
chimera	anim	2c8_0a73_01	0x0A73	0x34	0x4	0xa96	5;6;7	Y	sprite_census_captured.json
chimera	anim	2c8_0a73_01	0x0A73	0x34	0x4	0xa97	5;6	Y	sprite_census_captured.json
chimera	anim	2c8_0a73_01	0x0A73	0x34	0x4	0xa98	5;6;7	Y	sprite_census_captured.json
chimera	anim	2c8_0a73_01	0x0A73	0x34	0x4	0xa99	6;7	Y	sprite_census_captured.json
chimera	anim	2c8_0a73_01	0x0A73	0x34	0x4	0xa9a	5;6;7	Y	sprite_census_captured.json
chimera	anim	2c8_0a73_01	0x0A73	0x34	0x4	0xa9b	5;6	Y	sprite_census_captured.json
chimera	anim	2c8_0a73_01	0x0A73	0x34	0x4	0xa9c	5;6;7	Y	sprite_census_captured.json
chimera	anim	2c8_0a73_01	0x0A73	0x34	0x4	0xa9d	5;6	Y	sprite_census_captured.json
chimera	anim	2c8_0a73_01	0x0A73	0x34	0x4	0xa9e	5;6;7	Y	sprite_census_captured.json
chimera	anim	2c8_0a73_01	0x0A73	0x34	0x4	0xa9f	5;6;7	Y	sprite_census_captured.json
chimera	anim	2c8_0a73_01	0x0A73	0x34	0x4	0xaa0	5;6;7	Y	sprite_census_captured.json
chimera	anim	2c8_0a73_01	0x0A73	0x34	0x4	0xaa1	5;6;7	Y	sprite_census_captured.json
chimera	anim	2c8_0a73_01	0x0A73	0x34	0x4	0xaa2	5;6;7	Y	sprite_census_captured.json
large_bat	anim	5c8_0275_00	0x0275	0x3E	0xE	0x276	2;3;4	Y	sprite_census_captured.json
large_bat	anim	5c8_0275_00	0x0275	0x3E	0xE	0x3f6	3;10;11;12;13	Y	sprite_census_captured.json
large_bat	anim	5c8_0275_00	0x0275	0x3E	0xE	0x3f7	10;11;13	Y	sprite_census_captured.json
large_bat	anim	5c8_0275_00	0x0275	0x3E	0xE	0x3f8	7;10;11;12;13;14	Y	sprite_census_captured.json
large_bat	anim	5c8_0275_00	0x0275	0x3E	0xE	0x3f9	7;10;11;13	Y	sprite_census_captured.json
large_bat	anim	5c8_0275_00	0x0275	0x3E	0xE	0x50d	2;6;7;8;9;12;13	Y	sprite_census_captured.json
large_bat	anim	5c8_0275_00	0x0275	0x3E	0xE	0x50e	2;8;9;12;13	Y	sprite_census_captured.json
large_bat	anim	5c8_0275_00	0x0275	0x3E	0xE	0x517	1;2;6;12;13;15	Y	sprite_census_captured.json
valkyrie	base	2c8_0241_08	0x0241	0x32	0x2	0x241	1;2;3;4;5;6;7;8;9;13;14	Y	sprite_census_captured.json
valkyrie	base	2c8_0241_08	0x0241	0x32	0x2	0x242	1;4;5;6;7;8;9;11;12;13	Y	sprite_census_captured.json
valkyrie	base	2c8_0241_08	0x0241	0x32	0x2	0x243	2;3;4;5;6;7;8;9;10;11;12;13;14;15	Y	sprite_census_captured.json
valkyrie	base	2c8_0241_08	0x0241	0x32	0x2	0x244	2;3;4;5;6;7;8;9;11;12;13;14;15	Y	sprite_census_captured.json
valkyrie	base	2c8_0241_08	0x0241	0x32	0x2	0x245	2;3;4;5;10;11;15	Y	sprite_census_captured.json
valkyrie	base	2c8_0241_08	0x0241	0x32	0x2	0x246	2;3;4;5;6;7;8;10;11	Y	sprite_census_captured.json
valkyrie	base	2c8_0241_08	0x0241	0x32	0x2	0x247	2;3;4;6;7;8;10;11	Y	sprite_census_captured.json
valkyrie	base	2c8_0241_08	0x0241	0x32	0x2	0x248	2;3;4;5;10;11;15	Y	sprite_census_captured.json
valkyrie	base	2c8_0241_08	0x0241	0x32	0x2	0x249	2;3;4;5;6;7;8;9;10;11;13	Y	sprite_census_captured.json
valkyrie	base	2c8_0241_08	0x0241	0x32	0x2	0x24a	2;3;4;5;10;11;15	Y	sprite_census_captured.json
valkyrie	base	2c8_0241_08	0x0241	0x32	0x2	0x24b	2;3;4;5;6;7;8;9;11	Y	sprite_census_captured.json
valkyrie	base	2c8_0241_08	0x0241	0x32	0x2	0x24c	2;3;4;5;10;11;15	Y	sprite_census_captured.json
valkyrie	base	2c8_0241_08	0x0241	0x32	0x2	0x24d	2;3;4;5;6;7;8;10;11	Y	sprite_census_captured.json
valkyrie	base	2c8_0241_08	0x0241	0x32	0x2	0x24e	2;3;4;6;7;8;10;11	Y	sprite_census_captured.json
valkyrie	base	2c8_0241_08	0x0241	0x32	0x2	0x24f	2;3;4;5;10;11;15	Y	sprite_census_captured.json
valkyrie	base	2c8_0241_08	0x0241	0x32	0x2	0x250	2;3;4;5;7;10;15	Y	sprite_census_captured.json
valkyrie	base	2c8_0241_08	0x0241	0x32	0x2	0x251	2;3;4;6;7;8;10;11	Y	sprite_census_captured.json
valkyrie	base	2c8_0241_08	0x0241	0x32	0x2	0x252	2;3;4;5;6;7;8	Y	sprite_census_captured.json
flying_demon	component_A	508_0129_00	0x0129	0x35	0x5	0x129	3;11;12;15	Y	sprite_census_captured.json
flying_demon	component_A	508_0129_00	0x0129	0x35	0x5	0x12a	1;4;6;8;9;10;11;12;15	Y	sprite_census_captured.json
flying_demon	component_A	508_0129_00	0x0129	0x35	0x5	0x12b	4;6;7;8;9;10;11;12	Y	sprite_census_captured.json
flying_demon	component_A	508_0129_00	0x0129	0x35	0x5	0x12c	7;8;10;11;12	Y	sprite_census_captured.json
flying_demon	component_A	508_0129_00	0x0129	0x35	0x5	0x12d	1;2;4;6;7;8;9;10;11;12;13	Y	sprite_census_captured.json
flying_demon	component_A	508_0129_00	0x0129	0x35	0x5	0x12e	7;8;9;10;11;12	Y	sprite_census_captured.json
flying_demon	component_A	508_0129_00	0x0129	0x35	0x5	0x12f	2;7;8;9;10;11;12	Y	sprite_census_captured.json
flying_demon	component_A	508_0129_00	0x0129	0x35	0x5	0x130	2;7;8;9;10;11;12	Y	sprite_census_captured.json
flying_demon	component_A	508_0129_00	0x0129	0x35	0x5	0x131	10;11	Y	sprite_census_captured.json
flying_demon	component_A	508_0129_00	0x0129	0x35	0x5	0x132	1;2;4;6;7;8;9;10;11;12;13	Y	sprite_census_captured.json
flying_demon	component_A	508_0129_00	0x0129	0x35	0x5	0x133	1;4;6;9;10;11;12;15	Y	sprite_census_captured.json
flying_demon	component_A	508_0129_00	0x0129	0x35	0x5	0x134	3;11;12;15	Y	sprite_census_captured.json
flying_demon	component_A	508_0129_00	0x0129	0x35	0x5	0x135	2;7;8;9;10;11;12	Y	sprite_census_captured.json
flying_demon	component_A	508_0129_00	0x0129	0x35	0x5	0x136	2;3;7;8;9;10;11;12	Y	sprite_census_captured.json
flying_demon	component_A	508_0129_00	0x0129	0x35	0x5	0x137	4;6;7;8;9;11;12	Y	sprite_census_captured.json
flying_demon	component_A	508_0129_00	0x0129	0x35	0x5	0x138	2;7;8;9;10;11;12	Y	sprite_census_captured.json
flying_demon	component_A	508_0129_00	0x0129	0x35	0x5	0x139	1;2;4;6;7;8;9;10;11;12;13	Y	sprite_census_captured.json
flying_demon	component_A	508_0129_00	0x0129	0x35	0x5	0x13a	2;7;8;9;10;11;12	Y	sprite_census_captured.json
flying_demon	component_A	508_0129_00	0x0129	0x35	0x5	0x13b	2;3;7;8;9;10;11;12	Y	sprite_census_captured.json
flying_demon	component_A	508_0129_00	0x0129	0x35	0x5	0x13c	1;2;4;7;8;9;11;12;15	Y	sprite_census_captured.json
flying_demon	component_A	508_0129_00	0x0129	0x35	0x5	0x13d	3;12;15	Y	sprite_census_captured.json
flying_demon	component_A	508_0129_00	0x0129	0x35	0x5	0x13e	2;6;7;8;9;11;12	Y	sprite_census_captured.json
flying_demon	component_A	508_0129_00	0x0129	0x35	0x5	0x13f	1;2;4;6;7;8;9;10;11;12;13	Y	sprite_census_captured.json
flying_demon	component_A	508_0129_00	0x0129	0x35	0x5	0x140	10	Y	sprite_census_captured.json
flying_demon	component_A	508_0129_00	0x0129	0x35	0x5	0x141	2;8;9;11;12	Y	sprite_census_captured.json
flying_demon	component_A	508_0129_00	0x0129	0x35	0x5	0x142	2;7;8;9;10;11;12	Y	sprite_census_captured.json
flying_demon	component_A	508_0129_00	0x0129	0x35	0x5	0x143	2;3;4;6;7;8;9;11;12	Y	sprite_census_captured.json
flying_demon	component_A	508_0129_00	0x0129	0x35	0x5	0x144	1;4;6;7;9;11;12;15	Y	sprite_census_captured.json
flying_demon	component_A	508_0129_00	0x0129	0x35	0x5	0x145	3;11;12;15	Y	sprite_census_captured.json
flying_demon	component_A	508_0129_00	0x0129	0x35	0x5	0x146	2;7;8;9;10;11;12;13;14	Y	sprite_census_captured.json
flying_demon	component_A	508_0129_00	0x0129	0x35	0x5	0x147	2;4;6;7;8;9;10;11;12;13;14	Y	sprite_census_captured.json
flying_demon	component_A	508_0129_00	0x0129	0x35	0x5	0x148	2;4;6;7;9;10;11;12	Y	sprite_census_captured.json
flying_demon	component_A	508_0129_00	0x0129	0x35	0x5	0x149	4;7;9;10;11;12	Y	sprite_census_captured.json
flying_demon	component_A	508_0129_00	0x0129	0x35	0x5	0x14a	6;9;12;15	Y	sprite_census_captured.json
flying_demon	component_A	508_0129_00	0x0129	0x35	0x5	0x14b	6;10;15	Y	sprite_census_captured.json
flying_demon	component_A	508_0129_00	0x0129	0x35	0x5	0x14c	6;7;9;10;12;15	Y	sprite_census_captured.json
flying_demon	component_A	508_0129_00	0x0129	0x35	0x5	0x14d	7;9;10;15	Y	sprite_census_captured.json
flying_demon	component_A	508_0129_00	0x0129	0x35	0x5	0x14e	10;15	Y	sprite_census_captured.json
flying_demon	component_A	508_0129_00	0x0129	0x35	0x5	0x14f	10;15	Y	sprite_census_captured.json
flying_demon	component_A	508_0129_00	0x0129	0x35	0x5	0x150	9;12	Y	sprite_census_captured.json
flying_demon	component_A	508_0129_00	0x0129	0x35	0x5	0x151	6;7;9;10;12;15	Y	sprite_census_captured.json
flying_demon	component_A	508_0129_00	0x0129	0x35	0x5	0x152	10;15	Y	sprite_census_captured.json
flying_demon	component_A	508_0129_00	0x0129	0x35	0x5	0x153	6;15	Y	sprite_census_captured.json
flying_demon	component_A	508_0129_00	0x0129	0x35	0x5	0x154	7;9;12;15	Y	sprite_census_captured.json
flying_demon	component_A	508_0129_00	0x0129	0x35	0x5	0x155	10;12;15	Y	sprite_census_captured.json
flying_demon	component_A	508_0129_00	0x0129	0x35	0x5	0x156	6;7;9;10;12;15	Y	sprite_census_captured.json
flying_demon	component_A	508_0129_00	0x0129	0x35	0x5	0x157	7;9;12;15	Y	sprite_census_captured.json
flying_demon	component_A	508_0129_00	0x0129	0x35	0x5	0x158	7;9;11;12;15	Y	sprite_census_captured.json
flying_demon	component_A	508_0129_00	0x0129	0x35	0x5	0x159	6;7;9;10;15	Y	sprite_census_captured.json
flying_demon	component_A	508_0129_00	0x0129	0x35	0x5	0x15a	6;7;9;10;11;12	Y	sprite_census_captured.json
flying_demon	component_A	508_0129_00	0x0129	0x35	0x5	0x15b	7;9;12;15	Y	sprite_census_captured.json
flying_demon	component_A	508_0129_00	0x0129	0x35	0x5	0x15c	6;7;9;10;11;12;15	Y	sprite_census_captured.json
flying_demon	component_A	508_0129_00	0x0129	0x35	0x5	0x15d	6;7;9;10;11;12;15	Y	sprite_census_captured.json
flying_demon	component_A	508_0129_00	0x0129	0x35	0x5	0x15e	6;7;9;12;15	Y	sprite_census_captured.json
flying_demon	component_A	508_0129_00	0x0129	0x35	0x5	0x15f	6;9;10;11;15	Y	sprite_census_captured.json
flying_demon	component_A	508_0129_00	0x0129	0x35	0x5	0x160	6;7;9;15	Y	sprite_census_captured.json
flying_demon	component_A	508_0129_00	0x0129	0x35	0x5	0x161	6;7;12;15	Y	sprite_census_captured.json
flying_demon	component_A	508_0129_00	0x0129	0x35	0x5	0x162	6;7;11;12;15	Y	sprite_census_captured.json
flying_demon	component_A	508_0129_00	0x0129	0x35	0x5	0x163	6;9;10;11;15	Y	sprite_census_captured.json
flying_demon	component_A	508_0129_00	0x0129	0x35	0x5	0x164	7;9;12;15	Y	sprite_census_captured.json
flying_demon	component_A	508_0129_00	0x0129	0x35	0x5	0x165	4;7;9;11;12;15	Y	sprite_census_captured.json
flying_demon	component_A	508_0129_00	0x0129	0x35	0x5	0x166	7;9;11;12;15	Y	sprite_census_captured.json
flying_demon	component_A	508_0129_00	0x0129	0x35	0x5	0x167	6;10;15	Y	sprite_census_captured.json
flying_demon	component_A	508_0129_00	0x0129	0x35	0x5	0x168	4;7;9;11	Y	sprite_census_captured.json
flying_demon	component_A	508_0129_00	0x0129	0x35	0x5	0x169	6;7;9;12;15	Y	sprite_census_captured.json
flying_demon	component_A	508_0129_00	0x0129	0x35	0x5	0x16a	6;7;9;12;15	Y	sprite_census_captured.json
flying_demon	component_A	508_0129_00	0x0129	0x35	0x5	0x16b	7;15	Y	sprite_census_captured.json
flying_demon	component_A	508_0129_00	0x0129	0x35	0x5	0x16c	15	Y	sprite_census_captured.json
flying_demon	component_A	508_0129_00	0x0129	0x35	0x5	0x16d	6;9;12;15	Y	sprite_census_captured.json
flying_demon	component_A	508_0129_00	0x0129	0x35	0x5	0x16e	6;9;12	Y	sprite_census_captured.json
flying_demon	component_A	508_0129_00	0x0129	0x35	0x5	0x16f	6;7;9;11;12;15	Y	sprite_census_captured.json
flying_demon	component_A	508_0129_00	0x0129	0x35	0x5	0x170	6;7;9;11;12;15	Y	sprite_census_captured.json
flying_demon	component_A	508_0129_00	0x0129	0x35	0x5	0x171	7;9;11;12;15	Y	sprite_census_captured.json
flying_demon	component_A	508_0129_00	0x0129	0x35	0x5	0x172	6;7;8;9;11;12;15	Y	sprite_census_captured.json
flying_demon	component_A	508_0129_00	0x0129	0x35	0x5	0x173	9;12	Y	sprite_census_captured.json
flying_demon	component_A	508_0129_00	0x0129	0x35	0x5	0x174	6;9;11;12	Y	sprite_census_captured.json
flying_demon	component_A	508_0129_00	0x0129	0x35	0x5	0x175	7;8;9;12;15	Y	sprite_census_captured.json
flying_demon	component_A	508_0129_00	0x0129	0x35	0x5	0x176	6;9;11;12;15	Y	sprite_census_captured.json
flying_demon	component_A	508_0129_00	0x0129	0x35	0x5	0x177	6;7;9;10;11;12;15	Y	sprite_census_captured.json
flying_demon	component_B	508_0275_00	0x0275	0x35	0x5	0x12a	1;4;6;8;9;10;11;12;15	Y	sprite_census_captured.json
flying_demon	component_B	508_0275_00	0x0275	0x35	0x5	0x12b	4;6;7;8;9;10;11;12	Y	sprite_census_captured.json
flying_demon	component_B	508_0275_00	0x0275	0x35	0x5	0x12c	7;8;10;11;12	Y	sprite_census_captured.json
flying_demon	component_B	508_0275_00	0x0275	0x35	0x5	0x12d	1;2;4;6;7;8;9;10;11;12;13	Y	sprite_census_captured.json
flying_demon	component_B	508_0275_00	0x0275	0x35	0x5	0x12e	7;8;9;10;11;12	Y	sprite_census_captured.json
flying_demon	component_B	508_0275_00	0x0275	0x35	0x5	0x12f	2;7;8;9;10;11;12	Y	sprite_census_captured.json
flying_demon	component_B	508_0275_00	0x0275	0x35	0x5	0x130	2;7;8;9;10;11;12	Y	sprite_census_captured.json
flying_demon	component_B	508_0275_00	0x0275	0x35	0x5	0x138	2;7;8;9;10;11;12	Y	sprite_census_captured.json
flying_demon	component_B	508_0275_00	0x0275	0x35	0x5	0x139	1;2;4;6;7;8;9;10;11;12;13	Y	sprite_census_captured.json
flying_demon	component_B	508_0275_00	0x0275	0x35	0x5	0x13a	2;7;8;9;10;11;12	Y	sprite_census_captured.json
flying_demon	component_B	508_0275_00	0x0275	0x35	0x5	0x13b	2;3;7;8;9;10;11;12	Y	sprite_census_captured.json
flying_demon	component_B	508_0275_00	0x0275	0x35	0x5	0x13c	1;2;4;7;8;9;11;12;15	Y	sprite_census_captured.json
flying_demon	component_B	508_0275_00	0x0275	0x35	0x5	0x13d	3;12;15	Y	sprite_census_captured.json
flying_demon	component_B	508_0275_00	0x0275	0x35	0x5	0x146	2;7;8;9;10;11;12;13;14	Y	sprite_census_captured.json
flying_demon	component_B	508_0275_00	0x0275	0x35	0x5	0x147	2;4;6;7;8;9;10;11;12;13;14	Y	sprite_census_captured.json
flying_demon	component_B	508_0275_00	0x0275	0x35	0x5	0x148	2;4;6;7;9;10;11;12	Y	sprite_census_captured.json
flying_demon	component_B	508_0275_00	0x0275	0x35	0x5	0x149	4;7;9;10;11;12	Y	sprite_census_captured.json
flying_demon	component_B	508_0275_00	0x0275	0x35	0x5	0x15f	6;9;10;11;15	Y	sprite_census_captured.json
flying_demon	component_B	508_0275_00	0x0275	0x35	0x5	0x160	6;7;9;15	Y	sprite_census_captured.json
flying_demon	component_B	508_0275_00	0x0275	0x35	0x5	0x161	6;7;12;15	Y	sprite_census_captured.json
flying_demon	component_B	508_0275_00	0x0275	0x35	0x5	0x162	6;7;11;12;15	Y	sprite_census_captured.json
flying_demon	component_B	508_0275_00	0x0275	0x35	0x5	0x163	6;9;10;11;15	Y	sprite_census_captured.json
flying_demon	component_B	508_0275_00	0x0275	0x35	0x5	0x164	7;9;12;15	Y	sprite_census_captured.json
flying_demon	component_B	508_0275_00	0x0275	0x35	0x5	0x165	4;7;9;11;12;15	Y	sprite_census_captured.json
flying_demon	component_B	508_0275_00	0x0275	0x35	0x5	0x166	7;9;11;12;15	Y	sprite_census_captured.json
flying_demon	component_B	508_0275_00	0x0275	0x35	0x5	0x167	6;10;15	Y	sprite_census_captured.json
flying_demon	component_B	508_0275_00	0x0275	0x35	0x5	0x168	4;7;9;11	Y	sprite_census_captured.json
flying_demon	component_B	508_0275_00	0x0275	0x35	0x5	0x169	6;7;9;12;15	Y	sprite_census_captured.json
flying_demon	component_B	508_0275_00	0x0275	0x35	0x5	0x16e	6;9;12	Y	sprite_census_captured.json
flying_demon	component_B	508_0275_00	0x0275	0x35	0x5	0x16f	6;7;9;11;12;15	Y	sprite_census_captured.json
flying_demon	component_B	508_0275_00	0x0275	0x35	0x5	0x170	6;7;9;11;12;15	Y	sprite_census_captured.json
flying_demon	component_B	508_0275_00	0x0275	0x35	0x5	0x171	7;9;11;12;15	Y	sprite_census_captured.json
flying_demon	component_B	508_0275_00	0x0275	0x35	0x5	0x172	6;7;8;9;11;12;15	Y	sprite_census_captured.json
flying_demon	component_B	508_0275_00	0x0275	0x35	0x5	0x173	9;12	Y	sprite_census_captured.json
flying_demon	component_B	508_0275_00	0x0275	0x35	0x5	0x174	6;9;11;12	Y	sprite_census_captured.json
flying_demon	component_B	508_0275_00	0x0275	0x35	0x5	0x175	7;8;9;12;15	Y	sprite_census_captured.json
flying_demon	component_B	508_0275_00	0x0275	0x35	0x5	0x176	6;9;11;12;15	Y	sprite_census_captured.json
flying_demon	component_B	508_0275_00	0x0275	0x35	0x5	0x288	2;3;9	Y	sprite_census_captured.json
flying_demon	component_B	508_0275_00	0x0275	0x35	0x5	0x289	2;3;9	Y	sprite_census_captured.json
flying_demon	component_B	508_0275_00	0x0275	0x35	0x5	0x28a	2;3;9	Y	sprite_census_captured.json
flying_demon	component_B	508_0275_00	0x0275	0x35	0x5	0x28b	2;3;9	Y	sprite_census_captured.json
flying_demon	component_B	508_0275_00	0x0275	0x35	0x5	0x28c	2;3;9	Y	sprite_census_captured.json
flying_demon	component_B	508_0275_00	0x0275	0x35	0x5	0x28d	2;3;9	Y	sprite_census_captured.json
flying_demon	component_B	508_0275_00	0x0275	0x35	0x5	0x28e	2;3;9	Y	sprite_census_captured.json
flying_demon	component_B	508_0275_00	0x0275	0x35	0x5	0x28f	2;3;9	Y	sprite_census_captured.json
flying_demon	component_B	508_0275_00	0x0275	0x35	0x5	0x290	2;3;9	Y	sprite_census_captured.json
flying_demon	component_B	508_0275_00	0x0275	0x35	0x5	0x291	2;3;9	Y	sprite_census_captured.json
flying_demon	component_B	508_0275_00	0x0275	0x35	0x5	0x292	2;3;9	Y	sprite_census_captured.json
flying_demon	component_B	508_0275_00	0x0275	0x35	0x5	0x293	2;3;9	Y	sprite_census_captured.json
flying_demon	component_B	508_0275_00	0x0275	0x35	0x5	0x294	2;3;9	Y	sprite_census_captured.json
flying_demon	component_B	508_0275_00	0x0275	0x35	0x5	0x295	2;3;9	Y	sprite_census_captured.json
flying_demon	component_B	508_0275_00	0x0275	0x35	0x5	0x296	2;3;9	Y	sprite_census_captured.json
flying_demon	component_B	508_0275_00	0x0275	0x35	0x5	0x297	2;3;9	Y	sprite_census_captured.json
flying_demon	component_B	508_0275_00	0x0275	0x35	0x5	0x298	2;3;9	Y	sprite_census_captured.json
flying_demon	component_B	508_0275_00	0x0275	0x35	0x5	0x299	2;3;9	Y	sprite_census_captured.json
flying_demon	component_B	508_0275_00	0x0275	0x35	0x5	0x29a	2;3;9	Y	sprite_census_captured.json
flying_demon	component_B	508_0275_00	0x0275	0x35	0x5	0x29b	2;3;9	Y	sprite_census_captured.json
flying_demon	component_B	508_0275_00	0x0275	0x35	0x5	0x29c	2;3;9	Y	sprite_census_captured.json
flying_demon	component_B	508_0275_00	0x0275	0x35	0x5	0x29d	2;3;9	Y	sprite_census_captured.json
flying_demon	component_B	508_0275_00	0x0275	0x35	0x5	0x29e	2;3;9	Y	sprite_census_captured.json
flying_demon	component_B	508_0275_00	0x0275	0x35	0x5	0x29f	2;3;9	Y	sprite_census_captured.json
flying_demon	component_B	508_0275_00	0x0275	0x35	0x5	0x2a0	2;3;9	Y	sprite_census_captured.json
flying_demon	component_B	508_0275_00	0x0275	0x35	0x5	0x2a1	2;3;9	Y	sprite_census_captured.json
flying_demon	component_B	508_0275_00	0x0275	0x35	0x5	0x2a2	2;3;9	Y	sprite_census_captured.json
flying_demon	component_B	508_0275_00	0x0275	0x35	0x5	0x2a3	2;3;9	Y	sprite_census_captured.json
flying_demon	component_B	508_0275_00	0x0275	0x35	0x5	0x2a4	2;3;9	Y	sprite_census_captured.json
flying_demon	component_B	508_0275_00	0x0275	0x35	0x5	0x2a5	2;3;9	Y	sprite_census_captured.json
flying_demon	component_B	508_0275_00	0x0275	0x35	0x5	0x2a6	2;3;9	Y	sprite_census_captured.json
flying_demon	component_B	508_0275_00	0x0275	0x35	0x5	0x2a7	2;3;9	Y	sprite_census_captured.json
flying_demon	component_B	508_0275_00	0x0275	0x35	0x5	0x2a8	2;3;9	Y	sprite_census_captured.json
