arcade_tile_code,records_used,exact_hash,flip_normalized_hash,dup_group_id,dup_group_size
0x0020,0;1;2;3;4;5;6;7;8;9;10;11;12;13;14;15,de8a847bff8c,de8a847bff8c,0,2
0x0070,1;2;7;8;13;14,a7d2af7c900f,c0800be79579,1,1
0x0071,1;2;7;8;13;14,6d331b73e77b,271b7a2950c2,2,1
0x0072,1;2;7;8;13;14,7bfc95c8f54f,7bfc95c8f54f,3,1
0x0073,1;2;7;8;13;14,d77925883289,de19cbadc048,4,1
0x0074,1;2;7;8;13;14,c62e36487b76,b9c5e838bed5,5,1
0x0075,1;2;7;8;13;14,ace84498d1d4,5fd2ebcfb952,6,1
0x0076,1;2;7;8;13;14,e62e91ed05d9,148f88b7208d,7,1
0x0077,1;2;7;8;13;14,7548d7e509f6,becbb3586369,8,1
0x0078,1;2;7;8;13;14,f9d08eebdf07,75714239c2c4,9,1
0x0079,1;2;7;8;13;14,b4ea6a8c14af,712f7beed543,10,1
0x007A,1;2;7;8;13;14,f78a9f928e25,1c079e743a15,11,1
0x007B,1;2;7;8;13;14,5f317f083b71,5f317f083b71,12,1
0x007C,1;2;7;8;13;14,d3c2c61e460e,30b26289f6f5,13,1
0x007D,1;2;7;8;13;14,2c2b4a920ee0,80a2a2aac051,14,1
0x007E,1;2;7;8;13;14,9fec37d76fb8,9fec37d76fb8,15,1
0x007F,1;2;7;8;13;14,74ca2cec56e7,671e29b0cb72,16,1
0x0080,1;2;7;8;13;14,d52f077a9093,b8f188edb762,17,1
0x0081,1;2;7;8;13;14,12ad00d4f4b0,12ad00d4f4b0,18,1
0x0082,1;2;7;8;13;14,1cb64233e381,1174eed1edba,19,1
0x0083,1;2;7;8;13;14,4e3741871667,555b5596136f,20,1
0x0084,1;2;7;8;13;14,568a9e7b50e5,568a9e7b50e5,21,1
0x0085,1;2;7;8;13;14,5940dadf5d75,06f6833ee81b,22,1
0x0086,1;2;7;8;13;14,100c3ba9b3dd,33dfac57f46d,23,1
0x0087,1;2;7;8;13;14,4bd5493fc534,f2a2ea384328,24,1
0x0088,1;2;7;8;13;14,4ca23113e3c5,074722180194,25,1
0x0089,1;2;7;8;13;14,9d9bae6e46a4,d7502ea35e0a,26,1
0x008A,1;2;7;8;13;14,313237b16dfb,0e3bb34909a6,27,1
0x008B,1;2;7;8;13;14,df2c8a6054c8,e840522f7916,28,1
0x008C,1;2;7;8;13;14,d24a99950286,f735472e5ec4,29,1
0x008D,1;2;7;8;13;14,29a3f68be2de,6cf16bf385d3,30,1
0x008E,1;2;7;8;13;14,c550a3865835,f7ddeceb79d0,31,1
0x008F,1;2;7;8;13;14,0975d2eb2d6e,0a110e635938,32,1
0x0091,5,13ef5dd5d0d0,13ef5dd5d0d0,33,1
0x0092,5,1122d91dc699,1122d91dc699,34,1
0x0093,5,1604b929eb73,9e8c9c0cb36a,35,1
0x0095,5;7,27c21a3cda19,db9b65841649,36,1
0x0096,3;5;10;11,c29edf2fbb0f,09a31a2d0df1,37,1
0x0097,3;5;11,05ef351a8554,1c39edb4bdf7,38,1
0x0098,7,989ea4e87d89,989ea4e87d89,39,1
0x0099,3;7;10;11,850e3574afad,e7f6c588e3be,40,1
0x009A,3;10;11,9f68f3788bba,92b110ba54ba,41,1
0x009B,3;11,5d46f607059e,5d46f607059e,42,1
0x009C,3;7;10;11,0b09af1e84c7,837697eb3226,43,1
0x009D,3;7;10,0dfe10589c18,0dfe10589c18,44,1
0x009E,3;10,13e586b17463,8e1fbe6fed3e,45,1
0x009F,11,5531cff5c634,5531cff5c634,46,1
0x00A5,3;10;11,d9e82f9948c4,d7df55971714,47,1
0x00A7,3;10;11,c1ce49401d64,4a5462cfbec6,48,1
0x00AD,1;2;4;6;7;8;9;10;11;12;13;14;15,de8a847bff8c,de8a847bff8c,0,2
0x00AE,1;7;8,f12f7698a75f,f12f7698a75f,49,1
0x00AF,1;7;8,36e53120b681,1f6d873ea04d,50,1
0x00B0,1;7;8,4c9166973d0b,4c9166973d0b,51,1
0x00B1,1;7;8,acbd736bfadd,acbd736bfadd,52,1
0x00B2,1;7;8,e5f0937d2a64,e5f0937d2a64,53,1
0x00B3,1;7;8,b6fabf10e01a,b6fabf10e01a,54,1
0x00B4,1;7;8,ecc6b55a18b2,245fd3994d60,55,1
0x00B5,1;7;8,5454b90223d4,4075d7549e35,56,1
0x00B6,7,53ca8704b0d4,53ca8704b0d4,57,1
0x00B7,7,60dc7629acd1,60dc7629acd1,58,1
0x00B8,7,6cace2ed34db,6cace2ed34db,59,1
0x00B9,7,133f19d73ee2,c353826fe8c6,60,1
0x00BA,7,184ce902cd83,184ce902cd83,61,1
0x00BB,7,8a79dbb12d57,8a79dbb12d57,62,1
0x00BC,7,bb865b86a8c6,bb865b86a8c6,63,1
0x00BD,0;1;2;3;4;5;6;7;8;9;10;11;12;13;14;15,5b20a81123f0,5b20a81123f0,64,1
0x00BE,0;1;2;3;4;5;6;7;8;9;10;11;12;13;14;15,92271e3df8ed,92271e3df8ed,65,1
0x00BF,0;1;2;3;4;5;6;7;8;9;10;11;12;13;14,b326688b4561,b326688b4561,66,1
0x00C0,0;1;2;3;4;5;6;7;8;9;10;11;12;13;14,8bade15a854f,0b314a1bd8c6,67,1
0x00C1,0;1;2;3;4;5;6;7;8;9;10;11;12;13;14;15,3b60a461f1fd,4128d8898ab3,68,1
0x00C2,0;1;2;3;4;5;6;7;8;9;10;11;12;13;14;15,b11e932b43c6,14fb7b666343,69,1
0x00C3,0;1;2;3;4;5;6;7;8;9;10;11;12;13;14;15,9cb4b884c0b7,925dc9c33c85,70,1
0x00C4,0;1;2;3;4;5;6;7;8;9;10;11;12;13;14,1bc7a0cbf7c9,a6f36a5ef36e,71,1
0x00C5,0;1;2;3;4;5;6;7;8;9;10;11;12;13;14;15,082e5364243e,5265e7305491,72,1
0x00C6,0;1;2;3;4;5;6;7;8;9;10;11;12;13;14;15,aa33fe51eafd,1af7dc58114e,73,1
0x00C7,0;1;2;3;4;5;6;7;8;9;10;11;12;13;14;15,b021826ae510,b021826ae510,74,1
0x00C8,9;12,07931e92d12b,34dcd5372fa5,75,1
0x00C9,0;1;2;3;4;5;6;7;8;9;10;11;12;13;14;15,dcd46cf8e2e2,dcd46cf8e2e2,76,1
0x00CA,9;12,f58f156cd09f,5f34c1c333a5,77,1
0x00CB,9;12,8ff4f33af09a,3e5a80e7f176,78,1
0x00CC,0;1;2;3;4;5;6;7;8;9;10;11;12;13;14;15,ebc132e379e3,b3edde1dbd81,79,1
0x00CD,0;1;2;3;4;5;6;7;8;9;10;11;12;13;14;15,1b7f9021e921,1b7f9021e921,80,1
0x00CE,9,82938b752b9f,504ddd68887a,81,1
0x00CF,9,51a628d9bb79,0c60777904e7,82,1
0x00D0,9,19b215049216,c73a15248f06,83,1
0x00D1,9,49f40fbd927c,98decda5e1bb,84,1
0x00D2,0;1;2;3;4;5;6;7;8;9;10;11;12;13;14;15,4e9167a404e9,e9a857eeb506,85,1
0x00D3,9,07ea74226ae2,fdb79b8389fc,86,1
0x00D4,0;1;2;3;4;5;6;7;8;9;10;11;12;13;14;15,e304ebd49fc4,e304ebd49fc4,87,1
0x00D5,0;1;2;3;4;5;6;7;8;9;10;11;12;13;14;15,cff862f10a89,f9adfd1d6c76,88,1
0x00D6,0;1;2;3;4;5;6;7;8;9;10;11;12;13;14;15,d47fbf19a403,f6282b13e587,89,1
0x00D7,9,00a2829c7df9,d7639c6f5c05,90,1
0x00D8,0;1;2;3;4;5;6;7;8;9;10;11;12;13;14;15,5f562882bd6d,3551e8b0802d,91,1
0x00D9,0;1;2;3;4;5;6;7;8;9;10;11;12;13;14;15,ece6dca60550,ece6dca60550,92,1
0x00DA,0;1;2;3;4;5;6;7;8;9;10;11;12;13;14;15,7757bcf15198,7757bcf15198,93,1
0x00DB,9,4b7fc883176d,17f16c634793,94,1
0x00DC,0;1;2;3;4;5;6;7;8;9;10;11;12;13;14;15,f8d6c9c98787,f8d6c9c98787,95,1
0x00DD,0;1;2;3;4;5;6;7;8;9;10;11;12;13;14;15,331c41fb5770,47cbe96888a3,96,1
0x00DE,0;1;2;3;4;5;6;7;8;9;10;11;12;13;14;15,700ef183c306,700ef183c306,97,1
0x00DF,9,483845d54f75,ff45d0439540,98,1
0x00E0,9,c8d60ac658f0,62e9378fd3fc,99,1
0x00E1,9,4dd013fe84d7,0535480e224c,100,1
0x00E2,9,7c6e4dd28a21,1e5260986617,101,1
0x00E3,9,e9a351261253,3c1ce6e6eb00,102,1
0x00E4,9,22bf2773ccc0,7c54eb491294,103,1
0x00E5,9,9658dbfd0756,28efcb43e96d,104,1
0x00E6,9,de704a0c7c27,8c878b3df44e,105,1
0x00E7,9,7b1c87c4938d,ccf8879bdb56,106,1
0x00E8,9,ab312e579d6e,81ab8ee5a1ba,107,1
0x00E9,9,0801f6b7fa2d,911f95ff2b6c,108,1
0x00EA,9,4330de990523,b616ed6716f8,109,1
0x00EB,9,b82e6d9d7e27,d7f6c4eb30cd,110,1
0x00EC,9,f4a2db45c892,af8d6b13a9a9,111,1
0x00ED,9,8ef323e65673,a4a0a44a7f01,112,1
0x00EE,9,5777cf01f166,afbe5e9e925f,113,1
0x00EF,9,1e8a3604df16,b47ae90916ea,114,1
0x00F0,9,390e43d2d7f0,495e958a6750,115,1
0x00F1,9,c3bd81d514bd,0ff7108dbe7c,116,1
0x00F2,9,173f2d01efa4,f68c541c315f,117,1
0x00F3,9;10,db01a422add2,3c8a04421c66,118,1
0x00F4,9;10,edc5628ad1c8,edc5628ad1c8,119,1
0x00F5,9;10,0a5478510366,2940432a1fb5,120,1
0x00F6,9;10,a541335e742a,e693f8a7b397,121,1
0x00F7,9;10,428f09e9417e,34daed59f6e8,122,1
0x00F8,9;10,d8efe8234727,5b79762e18e4,123,1
0x00F9,9;10,9216433e5b32,710e580e4376,124,1
0x00FA,9;10,569d5c8fe1cb,569d5c8fe1cb,125,1
0x00FB,10,b9278b138b7b,b9278b138b7b,126,1
0x00FC,10,f8838455e59f,f8838455e59f,127,1
0x00FD,10,fab85259c1bd,2309ceb56ac3,128,1
0x00FE,10,217e93375787,afbb576407a0,129,1
0x00FF,10,0ea2a326c35f,f28beff4d5f7,130,1
0x0100,10,eec7ec1b5474,eec7ec1b5474,131,1
0x0101,10,902d77c299b4,902d77c299b4,132,1
0x0102,10,e7ad4ab00029,1be2f37411ae,133,1
0x0103,2;4;6;10;11;12;14,c355848b6bdf,894fbe40e59b,134,1
0x0104,2;4;6;10;11;12;13;14,39b9f9bd3cf3,0d33c3359e2d,135,1
0x0105,2;4;6;10;11;12;14,36903b701c66,36903b701c66,136,1
0x0106,2;4;6;10;11;12;13;14,0d37681dba67,0d37681dba67,137,1
0x0107,2;4;6;10;11;12;13;14,e06e5755179c,e06e5755179c,138,1
0x0108,10;12,45f581e02732,617960ad1232,139,1
0x0109,10;12,f740fbc85ffd,2d6231243039,140,1
0x010A,10;12,37ba7558b3d6,b682cb73ec4d,141,1
0x010B,0;1;2;3;4;5;6;7;8;9;10;11;12;13;14;15,2992c66397d9,cc05006aebf7,142,1
0x010C,10;12,c6c29cbffd57,c6c29cbffd57,143,1
0x010D,0;1;2;3;4;5;6;7;8;9;10;11;12;13;14;15,c03589a78bfa,8cc75498ab98,144,1
0x010E,0;1;2;3;4;5;6;7;8;9;10;11;12;13;14;15,f2d74cf8f819,576cff0a1494,145,1
0x010F,0;1;2;3;4;5;6;7;8;9;10;11;12;13;14;15,47ade75a6c03,47ade75a6c03,146,1
0x0110,2;4;6;10;11;12;13;14,53b90a35e18f,66548d20be45,147,1
0x0111,10;12,f819ce3dcf6f,cfae8145c18d,148,1
0x0112,0;1;2;3;4;5;6;7;8;9;10;11;12;13;14;15,a9a3ee926156,c691e0aa7051,149,1
0x0113,2;4;6;10;11;12;13;14,47ffe2e34061,47ffe2e34061,150,1
0x0114,2;4;6;10;11;12;13;14,d2a663651c18,9d65d1e6280b,151,1
0x0115,10;12,ee2ad70b0bd8,ee2ad70b0bd8,152,1
0x0116,0;1;2;3;4;5;6;7;8;9;10;11;12;13;14;15,0093b646e942,2be30f0b92f3,153,1
0x0117,2;4;6;10;11;12;13;14,f5fc062f908b,dda8702a72c5,154,1
0x0118,2;4;6;10;11;12;13;14,9d74d742d44c,733c0146430c,155,1
0x0119,10;12,bab4bf39cd59,ea5f80ac4bcb,156,1
0x011A,10;12,3e1127f3705a,125091b7e48d,157,1
0x011B,2;4;6;10;11;12;13;14,ce451bf9a57a,ce451bf9a57a,158,1
0x011C,2;4;6;10;11;12;13;14,e09c4c4220de,e09c4c4220de,159,1
0x011D,10;12,e6dc76bbae7c,e6dc76bbae7c,160,1
0x011E,10;12,a32f373c7ee5,a32f373c7ee5,161,1
0x011F,10;12,830bf6126012,1b09027e113d,162,1
0x0120,10;12,916a40a967dd,916a40a967dd,163,1
0x0121,10;12,5f8da3a22404,1e7e67e4bbea,164,1
0x0122,10;12,d6ffd0b84257,2198d30b2d45,165,1
0x0123,0;1;2;3;4;5;6;7;8;9;10;11;12;13;14;15,a254b0fe4118,42ecfa83155e,166,1
0x0124,10;12,3dc4ffeede0c,3dc4ffeede0c,167,1
0x0125,0;1;2;3;4;5;6;7;8;9;10;11;12;13;14;15,9a333fb9da35,9a333fb9da35,168,1
0x0126,10;12,3d9fac33f859,3d9fac33f859,169,1
0x0127,10;12,2df57a3094b4,ab537bf03590,170,1
0x0128,10;12,e60cb44a0e07,e4cff3f6d69b,171,1
0x0129,10;12,e7bb39721a95,2e0cd22df7b7,172,1
0x012A,10;12,b6bf4428cbda,b6bf4428cbda,173,1
0x012B,10;12,db8a58b12339,285bc85f5f95,174,1
0x012C,10;12,2ea06a476c80,82341f02acd4,175,1
0x012D,10;12,f841ba540c71,f841ba540c71,176,1
0x012E,10;12,b19179debfd8,a83530d74ecf,177,1
0x012F,10;12,d2bcef609b05,36fb659f2dab,178,1
0x0130,10;12,4dc3c830d310,4dc3c830d310,179,1
0x0131,10;12,ef8441e14c03,1846e5725493,180,1
0x0132,2;4;6;10;11;12;13;14,b5fd04f6ee81,f46349dfae59,181,1
0x0133,10;12,6fa2bd579c77,53f8e8079ab0,182,1
0x0134,10;12,3d8c3d1467a2,e26dd1675862,183,1
0x0135,10;12,fa8e433d86e8,fa8e433d86e8,184,1
0x0136,10;12,fce6b9083fca,fce6b9083fca,185,1
0x0137,10;12,e5a5339ec959,c116bea15c2f,186,1
0x0138,10;12,1831662650ff,1b36a2f0a0e1,187,1
0x0139,10;12,75ccbecdf05a,75ccbecdf05a,188,1
0x013A,10;12,03a3aab425d5,a84cf1c13800,189,1
0x013B,12,c9a40bf90bdc,8c0c7dd62a50,190,1
0x013C,12,8017060bd85c,e8f974c99962,191,1
0x013D,12,5f799eb4f29b,7abad6984e8f,192,1
0x013E,12,526d3a8468ef,09582807db7e,193,1
0x013F,12,7fab19f54e67,171e0c636bdd,194,1
0x0140,12,d24e9896ca00,8a9baf949787,195,1
0x0141,12,190df198283c,9c53f1e40f67,196,1
0x0142,2;4;6;10;12;13;14,c4511bc7b867,bfd863c84137,197,1
0x0143,12,d211ab28192c,c5c6663bbc5b,198,1
0x0144,2;4;6;10;12;13;14,6a5cf8cfed1f,5f103a6bade1,199,1
0x0145,12,e852ef5c63e2,0e44ce2ea4a2,200,1
0x0146,12,ff509dcb365f,c79507a4cd01,201,1
0x0147,12,8b75a94e0c93,30a084413907,202,1
0x0148,12,aabee48b2ffa,996bde9f9ea4,203,1
0x0149,12,f4163f601c21,d20ec7a9501d,204,1
0x014A,12,568b9f60910a,737c3d6c8dee,205,1
0x014B,12,96632f82b73a,9cb0196f586c,206,1
0x014C,2;4;6;10;11;12;13;14,d61925d01176,d597afa36f63,207,1
0x014D,12,8888c08524c2,dc30e57c0ea3,208,1
0x014E,12,ff2c310cfb25,6ee03139401e,209,1
0x014F,12,77fef4e0f1b5,a8ef9469ccd9,210,1
0x0150,2;4;6;10;11;12;13;14,27906f30a898,e1c90076538f,211,1
0x0151,12,bd073a068d1d,8631befff075,212,1
0x0152,12,f3ff898ba362,c13e9ab36de3,213,1
0x0153,12,efc9937cc71a,4e250f4a9ce4,214,1
0x0154,12,441a455db2af,89e4f174b9b0,215,1
0x0155,2;4;6;10;11;12;13;14,8022da873872,089196e22a98,216,1
0x0156,12,e499d5114842,29972a517ac4,217,1
0x0157,12,757762248b2b,0bcf56cc7f89,218,1
0x0158,12,34809197fbab,d865d75be177,219,1
0x0159,12,1643d09a800e,8d5798cb8a53,220,1
0x015A,12,a63840a98e50,2d6377354940,221,1
0x015B,12,2af48072c9d8,d953b01845af,222,1
0x015C,12,3c665010b113,4187238ddb72,223,1
0x015D,12,3fd6f253fdec,bd7c35ea3383,224,1
0x015E,12,a734d4b3087c,4f50d35ed085,225,1
0x015F,12,359c2dba5bdc,b7f448f2a1ed,226,1
0x0160,12,6737347a7599,cac25ef5c9c5,227,1
0x0161,12,bef13798b53b,da71ef52dc91,228,1
0x0162,12,fc150f1e0858,44d9d8df70ae,229,1
0x0163,12,a5895a029c2b,a5895a029c2b,230,1
0x0164,2;4;6;10;11;12;13;14,f0414d9545fa,8ef6d03546ae,231,1
0x0165,2;4;6;10;11;12;13;14,ad126a7dd94b,e5ff1bcb86c9,232,1
0x0166,2;4;6;10;11;12;13;14,b90ad2649e16,2c85e35559fa,233,1
0x0167,2;4;6;10;11;12;13;14,bbeae7452274,f7f10fac64ec,234,1
0x0168,2;4;6;10;11;12;13;14,7320344916b5,7320344916b5,235,1
0x0169,2;4;6;10;11;12;13;14,0efffb7c581d,a56181048210,236,1
0x016A,2;4;6;10;11;12;13;14,bf825d17a478,bf825d17a478,237,1
0x016B,4;6;13,b23d2cb8a7d0,b23d2cb8a7d0,238,1
0x016C,2;4;6;10;11;12;13;14,73e60c878949,b30edd533a87,239,1
0x016D,4;6;13,c090df8866b2,d62e7d95e7e1,240,1
0x016E,4;13,8a3149094159,06f35ef9d984,241,1
0x016F,4;6;13,f7946eea6cba,f7946eea6cba,242,1
0x0170,2;4;6;10;11;12;13;14,3856b8f72ce3,e2f14ba32eb8,243,1
0x0171,4;6;13,273180fd1daf,273180fd1daf,244,1
0x0172,4;13,1635d0b0009b,1635d0b0009b,245,1
0x0173,4;6;13,edf9faff49ae,aa6c78059e6e,246,1
0x017B,2;4;6;10;11;12;13;14,46674c915e35,4d576595baac,247,1
0x017E,2;4;6;10;11;12;13;14,de363ba22254,de363ba22254,248,1
0x017F,2;4;6;10;11;12;13;14,85b6949fd8c9,85b6949fd8c9,249,1
0x018C,2;4;6;10;11;12;13;14,232ab981926a,232ab981926a,250,1
0x0196,2;4;6;10;11;12;13;14,f44fc621a298,25693d323a0b,251,1
0x019B,4;6,13145fa8b84d,7d7ec5057590,252,1
0x019C,4;6,6640c9598730,485dd2066feb,253,1
0x019D,4;6,04b6434bd21f,04b6434bd21f,254,1
0x019E,4;6,b2ccc1f8b3b2,b2ccc1f8b3b2,255,1
0x019F,4;6,9d9ec536878c,60863023843d,256,1
0x01A0,4;6,e81f1e82f67f,e81f1e82f67f,257,1
0x01A1,4;6,6c36efb9752c,6c36efb9752c,258,1
0x01A2,4;6,161dfd031cbf,92a39fcf53bb,259,1
0x01A3,4;6,31d33b701ea8,106b979c991c,260,1
0x01A4,4;6,4931f2e78cdf,0b4babf15915,261,1
0x01A5,4;6,2fc826cce9c9,7e4c718e898a,262,1
0x01A6,4;6,6c693fce7c70,ef7c2763ee8b,263,1
0x01A7,4;6,a078f25b4af4,663551fe7aa2,264,1
0x01A8,4;6;9;10;11;12,b4cb9e97fb61,b4cb9e97fb61,265,1
0x01A9,4;6;9;10;11;12,f2ff61f577b1,f2ff61f577b1,266,1
0x01AA,4;6;9;10;11;12,bfd892d87fc3,bfd892d87fc3,267,1
0x01AB,4;6;9;10;11;12,0ab351ef4f84,0ab351ef4f84,268,1
0x01AC,4;6;9;10;11;12,1a9a4f509b97,1a9a4f509b97,269,1
0x01AD,4;6;9;10;11;12,3fb491687713,3fb491687713,270,1
0x01AE,4;6;9;10;11;12,eed2718254cb,d8177951fdc0,271,1
0x01AF,2;4;6;10;11;12;14,a1fc10bd9724,a1fc10bd9724,272,1
0x01B0,2;4;6;10;11;12;14,17f0144fe2e0,17f0144fe2e0,273,1
0x01B1,2;4;6;10;11;12;14,0fde238dfec2,0fde238dfec2,274,1
0x01B2,2;4;6;10;11;12;14,8ff32173e14e,8ff32173e14e,275,1
0x01B3,2;4;6;10;11;12;14,63ae1d6762c7,63ae1d6762c7,276,1
0x01B4,2;4;6;10;11;12;14,2bba8492c40c,14102df3fce9,277,1
0x01B5,2;4;6;10;11;12;13;14,ca106e59f9b4,ca106e59f9b4,278,1
0x01B6,2;4;6;10;11;12;14,7ec59dbd5675,7ec59dbd5675,279,1
0x01B7,2;4;6;10;11;12;13;14,c293315871ae,e7e9a1c078fe,280,1
0x01B8,2;4;6;10;11;12;14,72f9a042fe77,72f9a042fe77,281,1
0x01B9,4;10;12,a7b432ea129d,d6153352713b,282,1
0x01BA,4;10;12,366d09d30bc3,d3b387583513,283,1
0x01BB,4;10;12,3d5cfb15d96d,feb8067d7131,284,1
0x01BC,4;10;12,ae1f04e7439b,c10de5c24ff7,285,1
0x01BD,4;10;12,6749f55fae28,929ce6f258dd,286,1
0x01BE,4;10;12,cc5d02b85f16,b884c4fff973,287,1
0x01BF,4;10;12,f606657c1fa3,f606657c1fa3,288,1
0x01C0,4;10;12,5cb79352abb3,b7797c468122,289,1
0x01C1,4;10;12,8b502079ab30,8b502079ab30,290,1
0x01C2,4;10;12,e94b4940c471,e94b4940c471,291,1
0x01C3,4;10;12,6c5a2c7699e5,149618f138f4,292,1
0x01C4,4;10;12,479cee22b9d3,4f5d04f731ac,293,1
0x01C5,4;12,9b6cda95d957,3f5ee015327b,294,1
0x01C6,4;12,bfb45bb67d2a,b782ec05ccd3,295,1
0x01C7,4;12,e3eec2c02ed5,0ee07dca8f79,296,1
0x01C8,4;12,dba3b256cbfc,17a53d536ff5,297,1
0x01C9,4;12,b332156bce48,6226947bed9c,298,1
0x01CA,4;12,a78613d7920e,a5b04ad7a8f1,299,1
0x01CB,4;12,688707348f76,688707348f76,300,1
0x01CC,4;12,4719f6a9010e,4719f6a9010e,301,1
0x01CD,4;12,ea8bae2d3597,3d96277de92d,302,1
0x01CE,4;12,5ac8d4c49d83,631a8434d263,303,1
0x01CF,2;6;14,4fe73f58ff45,4fe73f58ff45,304,1
0x01D0,2;6;14,8f9dca735256,9e09cafe7ed1,305,1
0x01D1,2;6;14,d564b40cd16d,3004a7dfe9da,306,1
0x01D2,2;6;14,547688412aeb,9d6455f90720,307,1
0x01D3,2;6;14,5eb9d0742685,b34d06f28cee,308,1
0x01D4,2;6;14,9c4c779ffe3a,91caa972302d,309,1
0x01D5,2;6;14,2098eab61f30,6752d68480f6,310,1
0x01D6,2;6;14,c8d153e710f4,f0ea5a2b4f10,311,1
0x01D7,2;6;14,1939c9e2e999,1939c9e2e999,312,1
0x01D8,2;6;14,454440c24214,6364c0183056,313,1
0x01D9,2;6;14,68a4455485bc,68a4455485bc,314,1
0x01DA,2;6;14,af9dfcc168be,03fd95ff5a16,315,1
0x01DB,2;6;14,16eed611e4f9,b4fa584bf63a,316,1
0x01DC,2;6;14,e9ebdb30226c,f619417b0636,317,1
0x01DD,2;6;14,7c0fd19907ab,fe71708e0f0f,318,1
0x01DE,6;14,b8a6137b0532,969add04b813,319,1
0x01DF,6;14,509d1e1b3d0a,95883fcfcb6c,320,1
0x01E0,6;14,533b7f0313fe,c2f2931c44d0,321,1
0x01E1,6;14,331ab94d3e88,35e8e6800774,322,1
0x01E2,6;14,dc66296e4470,f994da75be63,323,1
0x01E3,6;14,68c81463bb5a,9acd14ed47c7,324,1
0x01E4,2;4;6;10;11;12;13;14,10fac566e06a,d9a049cb5e72,325,1
0x01E5,2;4;6;10;11;12;13;14,1c2e01337333,1c2e01337333,326,1
0x01E6,2;4;6;10;11;12;14,4d209c068e50,da8b09e264d8,327,1
0x01E7,2;4;6;10;11;12;14,7a69534e7767,b89085ec1b07,328,1
0x01E8,2;4;6;10;11;12;14,ef157137b2ad,4863668d9b82,329,1
0x01E9,2;4;6;10;11;12;14,ccdf712d32fd,e3322a76a8f4,330,1
0x01EA,2;4;6;10;11;12;14,62a028fc08cd,62a028fc08cd,331,1
0x01EB,2;4;6;10;11;12;14,679c581ddcd9,7c117a560289,332,1
0x01EC,2;4;6;10;11;12;14,c2beb6217db8,5557eb877118,333,1
0x01ED,2;4;6;10;11;12;14,fb977f13f621,0cf19c6714c4,334,1
0x01EE,2;4;6;10;11;12;14,2902c1bff843,fe0539a92b90,335,1
0x01EF,2;4;6;10;11;12;14,748f612e2c7f,c24581c2b3da,336,1
0x01F0,2;4;6;10;11;12;14,4887259d09a8,3356552cac9f,337,1
0x01F1,2;4;6;10;11;12;14,9b4512429b14,9b4512429b14,338,1
0x01F2,2;4;6;10;11;12;14,a7f909a232fb,a7f909a232fb,339,1
0x01F3,2;4;6;10;11;12;14,70633dc278f0,c369ad0ca600,340,1
0x01F4,2;4;6;10;11;12;14,fd6f894d405d,fd6f894d405d,341,1
0x01F5,2;4;6;10;11;12;14,d4fab59bed4c,88af13f076f3,342,1
0x01F6,4;6;10;11;12;13,a292e3c43a47,a292e3c43a47,343,1
0x01F7,4;6;10;11;12;13,b65f0eec0039,b65f0eec0039,344,1
0x01F8,4;6;10;11;12;13,3505b41e1094,19ce6e4f58c2,345,1
0x01F9,4;6;10;11;12;13,8f067e4954ee,dcbd100ae812,346,1
0x01FA,4;6;10;11;12;13,3b4a349aa25b,ee042ba609d8,347,1
0x01FB,4;6;10;11;12;13,2d18e982d1d2,148478495d72,348,1
0x01FC,4;6;10;11;12;13,54114fef2303,118af7a227af,349,1
0x01FD,4;6;10;11;12;13,f1b2a2303d2d,588596bc2bca,350,1
0x01FE,4;6;10;11;12;13,63e4e23101bb,bed6c3a9de49,351,1
0x01FF,4;6;10;11;12;13,f6af2e152236,f6af2e152236,352,1
0x0200,4;6;10;11;12;13,36f0a25e63cb,c761e073df2f,353,1
0x0201,4;6;10;11;12;13,d1a052db5513,d1a052db5513,354,1
0x0202,4;6;10;11;12;13,eaa5e39de14c,eaa5e39de14c,355,1
0x0203,4;6;10;11;12;13,18ac63857ba3,0eb3cf917fa9,356,1
0x0204,4;6;10;11;12;13,7060bf2413dc,7060bf2413dc,357,1
0x0205,4;6;10;11;12;13,d14d44706210,72a820b196b9,358,1
0x0206,4;10;12;13,bfd86df0912f,b106f4db2b2a,359,1
0x0207,4;10;12;13,dc00b46a9c28,cd4e8b1910ad,360,1
0x0208,4;10;12;13,1e42db1abb4a,b19b4c6297fa,361,1
0x0209,4;10;12;13,1b87e56ffa48,e36c86a910a9,362,1
0x0219,2;6;14,2e1c630cf5cf,2e1c630cf5cf,363,1
0x021A,2;6;14,bf88469f2cb1,bf88469f2cb1,364,1
0x021B,2;6;14,0b19765f6286,0b19765f6286,365,1
0x021C,2;6;14,7c899262f493,05a3fa67573c,366,1
0x021D,2;6;14,beb8b8c22e7d,beb8b8c22e7d,367,1
0x021E,2;6;14,0a44570f48e7,0a44570f48e7,368,1
0x021F,2;6;14,7907c307d4dd,5ebb628915e0,369,1
0x0220,2;6;14,b62911aa6606,1c4146d80f3b,370,1
0x0221,2;6;14,7c4e1d4304c5,fb286de32b4e,371,1
0x0222,2;14,3a261afa4188,3a261afa4188,372,1
0x0223,2;14,5fceacc6d17f,5fceacc6d17f,373,1
0x0224,2;14,f9833a40e393,f9833a40e393,374,1
0x0225,2;14,4e17c98a1423,4e17c98a1423,375,1
0x0226,2;6;14,75eaf4b3b5f8,bd540e84f12f,376,1
0x0227,2;6;14,ab5e131027c4,68f5bcf246dc,377,1
0x0228,2;6;14,77f8eca4b641,e8413a203730,378,1
0x0229,2;6;14,4af5ce1c56df,056af98bb406,379,1
0x022A,2;6;14,1bf9c213997d,dd5ec20575c5,380,1
0x022B,2;6;14,8720ef7874a2,a32f2da9b772,381,1
0x022C,2;6;14,987b5c945e36,a36836aa1177,382,1
0x022D,2;6;14,2c04ac09c432,54c5a8f2c378,383,1
0x022E,2;6;14,1cee720a7389,c4fe3fe889b9,384,1
0x022F,2;6;14,348054f63d5e,f50cba2474ef,385,1
0x0256,2;4;6;10;11;14,f973d3ecc072,cb5006f7dd23,386,1
0x0257,2;4;6;10;11;14,636c457211e4,e956a759e63f,387,1
0x0258,2;4;6;10;11;14,b3007fc3eda3,918e4f2175d2,388,1
0x0259,2;4;6;10;11;14,d23689486e1f,d23689486e1f,389,1
0x025A,2;4;6;10;11;14,dcbe3339df5a,dcbe3339df5a,390,1
0x025B,2;4;6;10;11;14,074e2230c98a,33ce65f256a9,391,1
0x025C,2;4;6;10;11;14,3dc32917560a,3dc32917560a,392,1
0x025D,2;4;6;10;11;14,2d727761cba8,a0fb49a3d6b8,393,1
0x025E,2;4;6;10;11;14,411a7f5555da,d0a1d9841ecc,394,1
0x025F,2;4;6;10;11;14,a5694fca5359,fdcdecfd66d7,395,1
0x0260,2;4;6;10;11;14,8b130020cc40,130702b93f7f,396,1
0x0261,2;4;6;10;11;14,95c03a1deac8,e65b764829f7,397,1
0x0262,2;4;6;10;11;14,d0f7efd39304,0335c59b4a87,398,1
0x0263,2;4;6;10;11;14,4ab63e69f5b7,f13427a4b1c5,399,1
0x0264,4;6,1416e960bb21,80db08b69855,400,1
0x0265,4;6,e1300d3d2993,d5eda843c348,401,1
0x0266,4;6,1e1417c5fd88,5e9e1017a07d,402,1
0x0267,4;6,3d7aca5e0d83,1688e431ba7c,403,1
0x0268,4;6,1030cb39edf7,8e5fb0ea36e6,404,1
0x0269,4;6,7f114e0f4993,9483e74e9c8f,405,1
0x026A,4;6,d4efa5dfeef8,540b93059ec4,406,1
0x026B,4;6,22943a8889b5,de7d103906f0,407,1
0x026C,4;6,9ca77ed4f7e7,42d3be58a681,408,1
0x026D,3;10,3ad65636f197,3ad65636f197,409,1
0x026E,3;10,450db7e6c174,450db7e6c174,410,1
0x026F,3;10,c774dddd6013,f783783ccab3,411,1
0x0270,3;10,2aead162cd59,2aead162cd59,412,1
0x0271,3;10,8e44afc09967,8e44afc09967,413,1
0x0272,3;10,6876c5928d6a,841333d89283,414,1
0x0273,3;10,4ded7d40d666,ccb5cfdb44b1,415,1
0x0274,3;10,59f5df2ddbea,1e419ffec2ae,416,1
0x0275,3;10,d61617c4b815,d61617c4b815,417,1
0x0276,3;10,03dd5ca19a08,03dd5ca19a08,418,1
0x0277,3;10,d230ef36b53e,d230ef36b53e,419,1
0x0278,3;10,63889b45ec2a,8e1fdb3502f7,420,1
0x0279,3;10,b23176c97d83,b23176c97d83,421,1
0x027A,3;10,69b215b6f10f,69b215b6f10f,422,1
0x027B,3;10,6cb1a0aff330,3b42d119a3eb,423,1
0x027C,3;10,204ea3c6b1ef,204ea3c6b1ef,424,1
0x027D,3;10,1b50f300bcd6,1b50f300bcd6,425,1
0x027E,3;10,7294a08d90f0,74d1d50defbc,426,1
0x027F,3;10;11,6519921304c4,6519921304c4,427,1
0x0280,3;10;11,2ed2c6bd5175,78a52ea26a5b,428,1
0x0281,3;10,8091f942775b,2d7f0f4641ad,429,1
0x0282,3;10,8ef0ed35e771,454accff5753,430,1
0x0283,3;10,be38d56fa47b,25e0b69b7389,431,1
0x0284,3;10,0f69369c7168,0f69369c7168,432,1
0x0285,3;10,3084f246ce7e,c7cde3ac3233,433,1
0x0286,3;10,4fce7bae7319,b9b025babbf1,434,1
0x0287,3;10,df969782ab30,ac30a883495e,435,1
0x0288,3;10,695594111f26,695594111f26,436,1
0x0289,3;11,b2e6808254ad,f70aa2f82efe,437,1
0x028A,3;11,476b1b915b6e,37ec8c6580d3,438,1
0x028B,3;11,a44801179720,a112123bc0f5,439,1
0x028C,3;11,e246b1207577,642d3b9e9a43,440,1
0x028D,3;11,342932d0a7a0,342932d0a7a0,441,1
0x028E,3;11,6df627a0eaf3,e88d02128aea,442,1
0x028F,3;11,3e01116e5e1d,5304d37863b8,443,1
0x0290,3;11,f236f09ee0a2,31ba1bc82e7d,444,1
0x0291,3;11,3d1bc7cdf424,c85f665069ff,445,1
0x0292,3;11,298da751710d,dacadeb5c50b,446,1
0x0293,3;11,0e20db00a200,0bcb148bc4ae,447,1
0x0294,3;11,d6b3a873649e,9c5d8e4f400e,448,1
0x0295,3;11,9af978460274,9af978460274,449,1
0x0296,3;11,f99b05665e3f,fc5f2f3d972c,450,1
0x0297,3;11,e279bc65a6f4,dc381a4a1020,451,1
0x0298,3;11,c1d03341348d,e1418f8fe1a7,452,1
0x0299,3;11,98aabfd50213,78a52ea26a5b,453,1
0x029A,3;11,5b42c0e1d666,6519921304c4,454,1
0x029B,3;11,74d1d50defbc,74d1d50defbc,455,1
0x029C,3;11,7d4631666814,1b50f300bcd6,456,1
0x029D,3;11,0ffe4a61f304,454accff5753,457,1
0x029E,3;11,5c667a7754b5,09a31a2d0df1,458,1
0x029F,3;11,4d5c4253d45f,d7df55971714,459,1
0x02A0,3;11,0f7105e75a39,2d7f0f4641ad,460,1
0x02A1,3;11,5f67ecbb00c2,0f69369c7168,461,1
0x02A2,3;11,92b110ba54ba,92b110ba54ba,462,1
0x02A3,3;11,f3abd2672d7d,e7f6c588e3be,463,1
0x02A4,3;11,2501b416c6c9,25e0b69b7389,464,1
0x02A5,3;11,8562f67f9bfa,695594111f26,465,1
0x02A6,3;11,ac30a883495e,ac30a883495e,466,1
0x02A7,3;11,b9b025babbf1,b9b025babbf1,467,1
0x02A8,3;11,c7cde3ac3233,c7cde3ac3233,468,1
0x02A9,3,c29b091f4e5b,2aead162cd59,469,1
0x02AA,3,f783783ccab3,f783783ccab3,470,1
0x02AB,3,83e3ac4f5515,450db7e6c174,471,1
0x02AC,3,f0f6d467fec1,3ad65636f197,472,1
0x02AD,3,086d56564933,1e419ffec2ae,473,1
0x02AE,3;11,a133e922b27d,ccb5cfdb44b1,474,1
0x02AF,3;11,7003260ea905,841333d89283,475,1
0x02B0,3;11,fd39ace714f5,8e44afc09967,476,1
0x02B1,3;11,fc3222bdcc08,8e1fdb3502f7,477,1
0x02B2,3;11,ff333385a4bb,d230ef36b53e,478,1
0x02B3,3;11,287a7b1a2ee0,03dd5ca19a08,479,1
0x02B4,3;11,7923f7cc74b3,d61617c4b815,480,1
0x02B5,3;11,ed9480d0cebe,204ea3c6b1ef,481,1
0x02B6,3;11,3b42d119a3eb,3b42d119a3eb,482,1
0x02B7,3;11,e70ce04aa864,69b215b6f10f,483,1
0x02B8,3;11,a44241c4ddf9,b23176c97d83,484,1
0x02B9,3;10,cb3b71be071c,cb3b71be071c,485,1
0x02BA,3;10,33e618fc8540,33e618fc8540,486,1
0x02BB,3;10,963d96dcef2a,83e21ec4d0da,487,1
0x02BC,3;10,43b46f34c1cb,af2800c08ced,488,1
0x02BD,3;10,82630107bfe7,a98ae3dae511,489,1
0x02BE,3;10,43c30e16dd9a,a3c5e10db625,490,1
0x02BF,3;10,23e2b81c12af,0ca53ee1b03e,491,1
0x02C0,3;10,df85c5861071,df85c5861071,492,1
0x02C1,3;10,19d6d4def8de,07f78f59711d,493,1
0x02C2,3;10,459e1e6f6d8a,459e1e6f6d8a,494,1
0x02C3,3;10,c329d86620f2,0f1ff3341914,495,1
0x02C4,3;10,4799171753a4,a5f38e395d0d,496,1
0x02C5,3;10,d6dfba106207,d6dfba106207,497,1
0x02C6,3;10,420f6543d0e0,420f6543d0e0,498,1
0x02C7,3;10,4c15767908e4,2322769803de,499,1
0x02C8,3;10,05fc9ba01e33,05fc9ba01e33,500,1
0x02C9,3;10;11,5779c9908e3f,62f41a199811,501,1
0x02CA,3;10;11,96835a8631d4,bf285f2d80a8,502,1
0x02CB,3;10;11,d653ff98765b,54d70b4b42b6,503,1
0x02CC,3;10;11,393fa9e6edc1,384e7d66a416,504,1
0x02CD,3;10;11,3f5551523edb,ce3e9045921b,505,1
0x02CE,3;10;11,3aa44defea72,4ebcc9bfe1c6,506,1
0x02CF,3;10;11,51320c273adb,4a47cb0cfe48,507,1
0x02D0,3;10;11,3986a5ad5ff4,3729ea73ad18,508,1
0x02D1,3;10;11,5268357ed6ef,166f68e07b76,509,1
0x02D2,3;10;11,1daea2825487,309fcb7891c0,510,1
0x02D3,3;10;11,b007df52d00f,86629a606917,511,1
0x02D4,3;10;11,a3415811c3b4,488866b33a4a,512,1
0x02D5,3;10;11,87ce037564ce,67c4dbab0ad5,513,1
0x02D6,3;10;11,435d96d27cca,435d96d27cca,514,1
0x02D7,3;10;11,8cac16fcf0ba,c02f596e3331,515,1
0x02D8,3;10;11,36c424defea6,d894b4a6f5c0,516,1
0x02D9,3;11,c5dd3da3c1a7,c97d8ea0c083,517,1
0x02DA,3;11,e1e6a0322985,72c0ff00ccb5,518,1
0x02DB,3;11,79a361de8679,2eb6739a624b,519,1
0x02DC,3;11,4c92c6b5c3d5,be447fed4d52,520,1
0x02DD,3;11,f5b82284520f,f5b82284520f,521,1
0x02DE,3;11,fbd75baacce3,067975287511,522,1
0x02DF,3;11,1dc56e647cdb,5eb071977110,523,1
0x02E0,3;11,03e4c8edc437,bee5b403a4c0,524,1
0x02E1,3;11,e13d3e15e86b,2337063a1f7f,525,1
0x02E2,3;11,4bb0dc632c0e,61c73996ab08,526,1
0x02E3,3;11,754b2d5773c8,55ef5ece616b,527,1
0x02E4,3;11,ed890be1c598,8a5ccd30f955,528,1
0x02E5,3;11,331a04670b26,0821e47b5f30,529,1
0x02E6,3;11,339976ba22ee,0f51cbdbfda3,530,1
0x02E7,3;11,4ba48f87c79d,9681d0699a7f,531,1
0x02E8,3;11,74359124f1a4,77e1b8403854,532,1
0x02E9,3;11,9c056d556a30,9c056d556a30,533,1
0x02EA,3;11,127088430f4b,f67a7e88340f,534,1
0x02EB,3;11,fa1234de821f,2f159a182075,535,1
0x02EC,3;11,70012fcc9e72,3b48160fe525,536,1
0x02ED,3;11,a6c665cfae21,a6c665cfae21,537,1
0x02EE,3;11,bab3ccf92b4a,56ee19a98262,538,1
0x02EF,3;11,fd892b9090d5,fe6f5f21fa05,539,1
0x02F0,3;11,6bf78ddafa77,63049d1b8e68,540,1
0x02F1,3;11,231ed4b94024,78150a6bd004,541,1
0x02F2,3;11,ecefe64f398c,5518fab1a930,542,1
0x02F3,3;11,94bf98531e06,4a5462cfbec6,543,1
0x02F4,3;11,92642821401f,016ee370a29b,544,1
0x02F5,3;11,4387e1fb33e8,4387e1fb33e8,545,1
0x02F6,3;11,b73d582f2fe2,0dfe10589c18,546,1
0x02F7,3;11,837697eb3226,837697eb3226,547,1
0x02F8,3;10,a4c0f96b0277,a4c0f96b0277,548,1
0x02F9,3;10,151a2bdee7fd,515a81e37406,549,1
0x02FA,3;10,e468e5efa709,75650f767a5e,550,1
0x02FB,3;10,baf490c65814,ca979e8d82d2,551,1
0x02FC,3;10,ccf7fca01cf7,fb46f19b9f42,552,1
0x02FD,3;10,1f47b4d2a19f,e625bbfe15db,553,1
0x02FE,3;10,f8f1ddd14211,4f47f8fac615,554,1
0x02FF,3;10,af8624dd8a27,89850f26f46c,555,1
0x0300,3;10,19bf4b800153,9b674c6afa7a,556,1
0x0301,3;10,6ac4a380c3b3,6ac4a380c3b3,557,1
0x0302,3;10,787c100f562c,7f7db381c776,558,1
0x0303,3;10,8f1ffe677cd4,46ad3686cf1e,559,1
0x0304,3;10,bc2b20f83b8c,bc2b20f83b8c,560,1
0x0305,3;10,1515b1f446c7,e761559a697a,561,1
0x0306,3;10,d20869635b96,d20869635b96,562,1
0x0307,3;10,a4571795ef21,930a12c5365e,563,1
0x0308,3;10;11,a7a4f033bbe5,e72f98b21a17,564,1
0x0309,3;10;11,f742dcd02e14,f742dcd02e14,565,1
0x030A,3;10;11,bb55bf6a7249,ee45253010be,566,1
0x030B,3;10;11,0341604ff4a7,0341604ff4a7,567,1
0x030C,3;10;11,58c7c49f037f,54d56739b28b,568,1
0x030D,3;10;11,47f82096ae94,5fd15161d998,569,1
0x030E,3;10;11,6f614404f557,6f614404f557,570,1
0x030F,3;10;11,12e3757bfe64,ec573fc049a7,571,1
0x0310,3;10;11,304ad096c8b8,8f8e5c76726e,572,1
0x0311,3;10;11,dbfcde03b223,e647fd87ae12,573,1
0x0312,3;10;11,a5dbe8326abc,cbe7ee213153,574,1
0x0313,3;10;11,2ee7d94ef640,2ee7d94ef640,575,1
0x0314,3;10;11,52e0b7068202,65290c2f3124,576,1
0x0315,3;10;11,7d59b1a307be,4c4d5281e423,577,1
0x0316,3;10;11,19f9cdbf730d,19f9cdbf730d,578,1
0x0317,3;10;11,a3fa0cd8d098,e9056718c688,579,1
0x0318,3;10;11,2dc28ae661c2,519cea2cde60,580,1
0x0319,3;10;11,54d660a0a96a,8ace881390af,581,1
0x031A,3;10;11,c95e4fc6d31c,c763601d3985,582,1
0x031B,3;10;11,01c560434279,a25171f51526,583,1
0x031C,3;10;11,0480e4997a48,831ff4dadc14,584,1
0x031D,3;10;11,863edd8503de,dec0d144a95d,585,1
0x031E,3;10;11,b8cb6bd36ac9,b8cb6bd36ac9,586,1
0x031F,3;10;11,761905d73c43,761905d73c43,587,1
0x0320,3;10;11,6f9b8eeaa671,8ebf8a020296,588,1
0x0321,3;10;11,2dac35f5b910,2dac35f5b910,589,1
0x0322,3;10;11,5b1220a1e2f8,abf30f5d1ded,590,1
0x0323,3;10;11,47d9824ff2ce,2d5560ad2553,591,1
0x0324,3;10;11,12a07f562732,e26df7dfb9cd,592,1
0x0325,3;10;11,0dce42167425,83d81277193b,593,1
0x0326,3;10;11,b380e84082aa,7dcd3fa9375d,594,1
0x0327,3;10;11,47c3e404c749,bb6ac89c7c21,595,1
0x0328,3;11,7ecfcd89100e,7ecfcd89100e,596,1
0x0329,3;11,ffc490e7b0b9,10de722eee83,597,1
0x032A,3;11,784413e31790,05b72ab79137,598,1
0x032B,3;11,0c19c8791272,a4c0f96b0277,599,1
0x032C,3;11,d1edd10edfed,4695f7dbb063,600,1
0x032D,3;11,16dd045fb870,aff0ea5ede42,601,1
0x032E,3;11,f49294f53b47,0d68816572d9,602,1
0x032F,3;11,ad921814fe9a,fb46f19b9f42,603,1
0x0330,3;11,5fe895e5b676,d408afdfe8ff,604,1
0x0331,3;11,eb2158d2f6a5,eb2158d2f6a5,605,1
0x0332,3;11,a130629c2162,6ac4a380c3b3,606,1
0x0333,3;11,9b674c6afa7a,9b674c6afa7a,607,1
0x0334,3;11,d0f2b75528fd,9dd4ade823c9,608,1
0x0335,3;11,93fce0822931,527d8e5bd7f8,609,1
0x0336,3;11,7f540748ae77,7f540748ae77,610,1
0x0337,3;11,fe9df8f45729,c963da42378e,611,1
0x0338,3;10;11,750c57f1aa8a,7e475d12e79f,612,1
0x0339,3;10;11,87723668136c,87723668136c,613,1
0x033A,3;10;11,20d52d934d2f,0a91a867a0f1,614,1
0x033B,3;11,f3d9c03f40bc,f3d9c03f40bc,615,1
0x033C,3;11,ae653af2e92b,ae653af2e92b,616,1
0x033D,3;11,c07e6223871b,5e8fea0d16a3,617,1
0x033E,3;11,c6f88f1d6679,a5a1607abc58,618,1
0x033F,3;11,0e3c8092b2c9,0e3c8092b2c9,619,1
0x0340,3;11,bb73e4b1c1dd,68820143a9e7,620,1
0x0341,3;11,bfa6339cb6bf,4333581f2185,621,1
0x0342,3;11,7ab4d66ba972,1de8c4e937e4,622,1
0x0343,3;11,fd0808db3b5e,5847bbe919e0,623,1
0x0344,3;11,09361a4a40a0,fd06d89bfda4,624,1
0x0345,3;11,82cdc1fa8b0d,62e7b06b0978,625,1
0x0346,3;11,c3aa133b7340,c3aa133b7340,626,1
0x0347,3;11,830f7d676e70,525d359f3759,627,1
0x0348,3;11,9ae5121a8f2f,bc2b20f83b8c,628,1
0x0349,3;10,e2065aa1343e,e2065aa1343e,629,1
0x034A,3;10,88af44b8d4b0,ed5f3a406a6b,630,1
0x034B,3;10,327c383a94fa,327c383a94fa,631,1
0x034C,3;10,4b6248704059,a548f98f2b9f,632,1
0x034D,3;10;11,248866ff226e,63049d1b8e68,633,1
0x034E,3;10,f4bab8e0741b,fe6f5f21fa05,634,1
0x034F,3;10,91b96ed346ef,adc0596cf627,635,1
0x0350,3;10,e655e26df6c5,1805ae1c96f9,636,1
0x0351,3;10,19d073f3c23d,2aa183cf3199,637,1
0x0352,3;10,7b3b2b9a8d02,0c9d83d5b929,638,1
0x0353,3;10,06e432250e94,06e432250e94,639,1
0x0354,3;11,0614565bdc1a,0614565bdc1a,640,1
0x0355,3;11,18f12152d69d,18f12152d69d,641,1
0x0356,3;11,f76913b1af62,a156f5f5a0b5,642,1
0x0357,3;11,ba128c4193bc,17b235882c34,643,1
0x0358,3;11,3d1250ebfa2a,04794914a368,644,1
0x0359,3;11,d6c3b4a4efd7,a4eac2e3e135,645,1
0x035A,3;11,d0ddf7289f7a,f961b494503e,646,1
0x035B,3;11,7ff49b01d32d,c8e5e7ed59eb,647,1
0x035C,3;11,1748c3227edd,b39831842f3c,648,1
0x035D,3;11,2846c05816c7,35ad059fdd67,649,1
0x035E,3;11,a29b05a257a4,a29b05a257a4,650,1
0x035F,3;10,8c10fe19152d,8c10fe19152d,651,1
0x0360,3;10,26c10bd44cc6,50ac468d38fb,652,1
0x0361,3;10,4229f80d03cc,afb44e2e08d7,653,1
0x0362,3;10,cbaf978961d1,cbaf978961d1,654,1
0x0363,3;10,2e79eea5b517,2e79eea5b517,655,1
0x0364,3;10,0b1ccb80c289,3ebb69c21a29,656,1
0x0365,3;10,5bebc6fdb4b6,321402e6d9b1,657,1
0x0366,3;10,b3f8029d3999,b3f8029d3999,658,1
0x0367,3;10,f23d0f9de514,dc806c0a6cb4,659,1
0x0368,3;10,d2cc01852576,d2cc01852576,660,1
0x0369,3;10,5df2af8d58b8,0da54332e2f9,661,1
0x036A,3;10,3f16caf05f81,bbd9fa674085,662,1
0x036B,3;10,7e00c0739ad3,7e00c0739ad3,663,1
0x036C,3;10,79a64a0893f9,70abb14d34ea,664,1
0x036D,3;10,c288c643c6d0,d17a863f4190,665,1
0x036E,3;10,40b150b1f306,ddfb2e0fce89,666,1
0x036F,3;11,cde9155ecf7b,125f6d744f23,667,1
0x0370,3;11,aea72a816dda,72fd735950a9,668,1
0x0371,3;11,f9eb225acd4a,0f6c443cff84,669,1
0x0372,3;11,c291d96d0f52,a3eb622e456c,670,1
0x0373,3;11,31750cd152b9,b2eec0166c59,671,1
0x0374,3;11,ff3f1556bbd8,ff3f1556bbd8,672,1
0x0375,3;11,c5aa8e2afb1a,477dd7363d14,673,1
0x0376,3;11,50b45c37c12f,8cbb9251b573,674,1
0x0377,3;11,a01cfba3f86d,acba25fabe3c,675,1
0x0378,3;11,caecc4ff5185,ecb8f95a9e3d,676,1
0x0379,3;11,613a67649774,613a67649774,677,1
0x037A,3;11,b276cee6a145,b276cee6a145,678,1
0x037B,3;11,e71c3e59bf25,7a799bda56a3,679,1
0x037C,3;11,866996d1fb6c,e7aa0205eb38,680,1
0x037D,3;11,b94be1f6c357,e1de3e4b3dbc,681,1
0x037E,3;11,6a9c420c7ddf,061b2749e6f0,682,1
0x037F,3;11,b73e655ceed9,cd423f0823e2,683,1
0x0380,3;11,e8a17e34ffd2,e8a17e34ffd2,684,1
0x0381,3;11,215c0e36f593,272f0e9b09c6,685,1
0x0382,3;11,4abc49022789,eef28a5618d9,686,1
0x0383,3;11,d273fdf8d842,d273fdf8d842,687,1
0x0384,3;11,9a515d4b93c3,e5c75f3a3403,688,1
0x0385,3;11,d6db46ccf953,38d4807bc068,689,1
0x0386,3;11,678647c14716,feae70e0ea55,690,1
0x0387,3;11,4e34cf3d5920,c7fb3f99fad7,691,1
0x0388,3;11,3bf2acc3c347,d8dc0fef38c7,692,1
0x0389,3;11,6c2accedfc61,6c2accedfc61,693,1
0x038A,3;11,18307508bff0,18307508bff0,694,1
0x038B,3;11,98e67b402b42,f6cc21bc1113,695,1
0x038C,3;11,5a803e915653,8463a226562e,696,1
0x038D,3;11,a7e3de9018e6,41503d204724,697,1
0x038E,3;11,2a69cf7b021b,71552495b46e,698,1
0x038F,11,6af62ae8aacb,6af62ae8aacb,699,1
0x0390,11,a501856f1d9c,939c9d7cd37b,700,1
0x0391,11,4078c272dd30,f4bfc247bdc0,701,1
0x0392,11,30aa44399e7a,8a51691ba9c5,702,1
0x0393,11,2aefface7f21,9494311a8687,703,1
0x0394,11,761116053a9a,af47d9a1395c,704,1
0x0395,11,aa4c9f05c6f7,2c9f51243c6b,705,1
0x0396,11,aa032805408d,be79417f8c54,706,1
0x0397,11,4c0332f08817,69d659c9db2d,707,1
0x0398,11,127bbc07d777,127bbc07d777,708,1
0x0399,11,100b82ff58a2,100b82ff58a2,709,1
0x039A,11,a35226daf487,a35226daf487,710,1
0x039B,11,589a33234609,589a33234609,711,1
0x039C,11,e6d397eb3775,7c8556d125fc,712,1
0x039D,11,2b475a9eb067,2b475a9eb067,713,1
0x039E,11,7d633bfdd831,7d633bfdd831,714,1
0x039F,11,83e78414cd1f,83e78414cd1f,715,1
0x03A0,11,d69c746c2e0d,51abfbb51aaa,716,1
0x03A1,11,445a6a71b7ca,d5c2dd3fefd4,717,1
0x03A2,11,56febc2f960d,441c2ba86746,718,1
0x03A3,11,654a93b718f3,43466a08c6ee,719,1
0x03A4,11,3bccb7e73157,8a463a0cb831,720,1
0x03A5,11,84269986f230,3a7119e89391,721,1
0x03A6,11,fedd99237fda,e94080ef2e51,722,1
0x03A7,11,373af1c2c43b,d0e0777cddb9,723,1
0x03A8,11,efee2cd325b9,58d42ff3d51e,724,1
0x03A9,11,e06198284b74,cca212b29f4a,725,1
0x03AA,11,a4428f074723,d902c8f83c0d,726,1
0x03AB,11,0c0dc2c61e1e,2279a33838b7,727,1
0x03AC,11,30a7aaf3f48c,30a7aaf3f48c,728,1
0x03AD,11,b9fd663cf777,8997a54777ae,729,1
0x03AE,11,147ab6fb8c07,71b05138dc69,730,1
0x03AF,11,1bdda568e2ad,a94a925e7e19,731,1
0x03B0,11,c14c1e92fc9e,177039e6c56e,732,1
0x03B1,11,e63ccbf02379,014eda5d107a,733,1
0x03B2,11,b4b256cc801e,afa1f1414e00,734,1
0x03B3,11,d7f59695a7bb,d7f59695a7bb,735,1
0x03B4,11,590962eb4d2d,590962eb4d2d,736,1
0x03B5,11,05fe4cbb3bee,05fe4cbb3bee,737,1
0x03B6,11,194c542c3500,da8cc7c6473a,738,1
0x03B7,11,080f617b34bb,080f617b34bb,739,1
0x03B8,11,f3e3d81e6336,f3e3d81e6336,740,1
0x03B9,11,6582e8be35d2,e5f17d7842a4,741,1
0x03BA,11,c9f9511b5ca0,32d70c35ceb6,742,1
0x03BB,11,e22c7130f741,8208fad6d6d7,743,1
0x03BC,11,745349cfd175,072979400b43,744,1
0x03BD,11,5e624a377fad,5e624a377fad,745,1
0x03BE,11,a94a925e7e19,a94a925e7e19,746,1
0x03BF,11,ed11012f471e,a5cf7ec80530,747,1
0x03C0,11,d0fc7493d329,c2b3b02d9000,748,1
0x03C1,11,d5669c7fd4e1,16984988d150,749,1
0x03C2,11,7604f671e0d0,9e58e3bb12ab,750,1
0x03C3,11,e506d7db2515,e506d7db2515,751,1
0x03C4,11,26986d6920b8,8d3781967908,752,1
0x03C5,11,96a46cd8a078,c40a29ca327d,753,1
0x03C6,11,f42ff36b478f,f42ff36b478f,754,1
0x03C7,11,6d3e1d6c49c3,6d3e1d6c49c3,755,1
0x03C8,11,0f32dad4ea46,0f32dad4ea46,756,1
0x03C9,11,2bc298913d4c,2bc298913d4c,757,1
0x03CA,11,543c4d4d5342,543c4d4d5342,758,1
0x03CB,11,0cba3fb39bd6,0f32dad4ea46,759,1
0x03CC,11,808761cd7b0b,ed000a58d6af,760,1
0x03CD,11,daea21d004cc,dbe444a3d65d,761,1
0x03CE,10,405b7d4b3e4c,405b7d4b3e4c,762,1
0x03CF,10,a9a7605ac86e,7586734dc755,763,1
0x03D0,10,72527453b30d,c12f3cb734eb,764,1
0x03D1,10,c352836fe7b6,b86c26178020,765,1
0x03D2,10,84865305badb,99d9cf8694e6,766,1
0x03D3,10,620d4e9ea645,f22f496cb4bd,767,1
0x03D4,10,37c857c806f9,a195f738c1c3,768,1
0x03D5,10,2fde9a10e238,185c80d7e51d,769,1
0x03D6,11,a8dd08012a51,96d2fb9f2efd,770,1
0x03D7,11,32e34e0f7c0a,74d6bce4dd9d,771,1
0x03D8,11,59e73d0f9b41,e4a6937b6419,772,1
0x03D9,11,7bc2deb99a47,31e8923a34a9,773,1
0x03DA,11,a2ce0d92e28e,a7d7268be98d,774,1
0x03DB,11,fb33b000b168,fb33b000b168,775,1
0x03DC,11,1318964f640c,f0f046992ce9,776,1
0x03DD,11,4199959c9475,d757f6d9f263,777,1
0x03DE,11,ab1731e8ca66,3f93252add93,778,1
0x03DF,11,bc5df4aa5628,47b43ee659c2,779,1
0x03E0,11,52957e362bd2,f94675ea34d9,780,1
0x03E1,11,af5acef34254,7503bec73b06,781,1
0x03E2,11,4fcfcdba654e,d1c38544629d,782,1
0x03E3,11,d3bef781caba,bf0e4db86bb0,783,1
0x03E4,11,1599867b15f4,49b5b40931d2,784,1
0x03E5,11,216e4d397d16,f0581aedee34,785,1
0x03E6,11,d0496e26ae86,b86c26178020,786,1
0x03E7,11,0844be16628f,c12f3cb734eb,787,1
0x03E8,11,0c03060ecab7,7586734dc755,788,1
0x03E9,11,03cdc861c0ed,405b7d4b3e4c,789,1
0x03EA,11,185c80d7e51d,185c80d7e51d,790,1
0x03EB,11,581e597051b2,a195f738c1c3,791,1
0x03EC,11,c91dcc6485fb,f22f496cb4bd,792,1
0x03ED,11,36da8b922279,99d9cf8694e6,793,1
0x03EE,11,64ca077fa528,46ad3686cf1e,794,1
0x03EF,11,7f7db381c776,7f7db381c776,795,1
0x03F0,11,6828a52d030e,930a12c5365e,796,1
0x03F1,11,c48b07b55768,d20869635b96,797,1
0x03F2,11,e761559a697a,e761559a697a,798,1
0x03F3,10,77b9b6840f31,b2620dc73088,799,1
0x03F4,10,fb4c51c2bb8a,11353073fd76,800,1
0x03F5,10,cff2311a40a5,eb73ba44daa9,801,1
0x03F6,10,6b2f81081659,6b2f81081659,802,1
0x03F7,11,5903786c45dd,a25171f51526,803,1
0x03F8,11,6fad23e2f605,87723668136c,804,1
0x03F9,11,8119201b349a,11353073fd76,805,1
0x03FA,11,61c4cd9d13ac,b2620dc73088,806,1
0x03FB,11,23ca25620f50,761905d73c43,807,1
0x03FC,11,89966e291411,b8cb6bd36ac9,808,1
0x03FD,11,31e2da09ffc8,6b2f81081659,809,1
0x03FE,11,eb73ba44daa9,eb73ba44daa9,810,1
0x03FF,11,2d5560ad2553,2d5560ad2553,811,1
0x0400,11,7a7fa41ca9ae,abf30f5d1ded,812,1
0x0401,11,04e4679750b2,bb6ac89c7c21,813,1
0x0402,11,7dcd3fa9375d,7dcd3fa9375d,814,1
0x0403,11,f46455bf3222,f46455bf3222,815,1
0x0404,11,07cc1cc595a9,14ca2b5ce272,816,1
0x0405,11,13407c391484,13407c391484,817,1
0x0406,11,bc53d58ee9ad,2f2c87b23e4c,818,1
0x0407,11,225f3b0bc545,85abe0f42d45,819,1
0x0408,1;2;6;8;14,2266191fa78e,2266191fa78e,820,1
0x0409,1;2;6;8;14,68894c4e3fba,68894c4e3fba,821,1
0x040A,1;2;4;6;8;10;11;12;13;14,460125b5cf40,460125b5cf40,822,1
0x040B,1;2;4;6;8;10;11;12;13;14,a3e3057624bc,f5ca0af37d8d,823,1
0x040C,2;4;6;8;10;11;12;13;14,dddfaf84177b,a6d8ed1118c6,824,1
0x040D,2;4;6;8;10;11;12;13;14,f516f1c3dc41,7290fbb26fac,825,1
0x040E,1;2;4;5;6;7;8;10;11;12;13;14,2834d6bd8b65,8c49b3c0609f,826,1
0x040F,2;4;6;8;10;11;12;13;14,280e5138cee5,24a3dcd1f871,827,1
0x0410,2;4;6;8;10;11;12;13;14,e0883aec5e96,e0883aec5e96,828,1
0x0411,1;2;4;5;6;7;8;11;13;14,62f4947376e7,62f4947376e7,829,1
0x0412,1;4;5;6;7;8,fe0b649a0f0b,4297289d1ef5,830,1
0x0413,1;4;5;6;7;8,a1298cc69ad3,f1999f790fab,831,1
0x0414,1;4;5;6;7;8,2267184aa0f9,e243a5e0a2ec,832,1
0x0415,1;4;5;6;7;8;11;13;14,a47af06c7fb6,7209fd0dce2e,833,1
0x0416,1;4;5;6;7;8,2809623c5c72,2e819848ece3,834,1
0x0417,1;4;5;6;7;8;11;13;14,ca90fbcea235,c499fe21498c,835,1
0x0418,1;4;5;6;7;8;11;13;14,2393f2a16474,2393f2a16474,836,1
0x0419,1;4;5;6;7;8;11;13;14,24021d0af2dd,24021d0af2dd,837,1
0x041A,1;4;5;6;7;8;11;13;14,0c356737e239,eecac8f330b4,838,1
0x041B,1;4;5;6;7;8;11;13;14,ff8703951bf8,ad01d3bc5145,839,1
0x041C,0;1;5;6;7;8;11;13,7d17b0e16814,4cbe44266913,840,1
0x041D,0;1;5;6;7;8;11;13,958587b817fa,958587b817fa,841,1
0x041E,0;1;5;6;7;8;11;13,4e4c62693e1d,4e4c62693e1d,842,1
0x041F,1;8;13,78174ca5a192,78174ca5a192,843,1
0x0420,0;1;5;6;7;8;11;13,7b32146328e3,7b32146328e3,844,1
0x0421,0;1;5;6;7;8;11;13,aa55a99274ca,aa55a99274ca,845,1
0x0422,0;1;5;6;7;8;11;13,06116c70a886,06116c70a886,846,1
0x0423,1;8;13,c0c57d62b57c,c0c57d62b57c,847,1
0x0424,0;1;5;6;7;8;11;13,0281b1aa6f5b,0281b1aa6f5b,848,1
0x0425,0;1;5;6;7;8;11;13,fdaf78d94267,fdaf78d94267,849,1
0x0426,0;1;5;6;7;8;11;13,95a3b388f3b4,95a3b388f3b4,850,1
0x0427,1;8;13,a6e0ce1fd955,cacb1034bccb,851,1
0x0428,0;1;5;6;7;8;11;13,87f581af2df7,87f581af2df7,852,1
0x0429,0;1;5;6;7;8;11;13,c3d6ad95ebb8,016755ea2a07,853,1
0x042A,0;1;5;6;7;8;11;13,8a330f1ed540,14939091cd6f,854,1
0x042B,1;8;13,7dd1ae1b1dac,7dd1ae1b1dac,855,1
0x042C,1;2;7;8;14,7eb46e9dd4c6,6d0ac77cad61,856,1
0x042D,1;2;7;8;14,97e83e9ca710,80e1661d7fb1,857,1
0x042E,1;2;7;8;14,1349964c7422,1349964c7422,858,1
0x042F,1;2;7;8;14,a9942952c0da,a9942952c0da,859,1
0x0430,1;2;7;8;14,6b604d005e05,157edb73caed,860,1
0x0431,1;2;7;8;13;14,ab48cb175456,eaa8730b6504,861,1
0x0432,1;2;7;8;14,692ea976a9be,692ea976a9be,862,1
0x0433,1;2;7;8;14,baff9643c394,baff9643c394,863,1
0x0434,0;5;6;7;13,d73ff981fb74,d73ff981fb74,864,1
0x0435,0;5;6;7;13,418ec98937ca,d5f3a29a9301,865,1
0x0436,0;5;6;7;13,9953a8dd1a88,34f045000022,866,1
0x0437,0;5;6;7;13,23c9d7b96ded,403de6f7bd74,867,1
0x0438,2;4;6;10;11;12;13;14,63a846d477dd,63a846d477dd,868,1
0x0439,2;4;6;10;11;12;13;14,a0e5c4f770dd,a0e5c4f770dd,869,1
0x043A,11;13;14,3e81faeb8d0a,58c17fb423d1,870,1
0x043B,11;13;14,0c626aea9d09,0c626aea9d09,871,1
0x043C,11;13;14,e6b7506aaff6,bacf94a12934,872,1
0x043D,11;13;14,e9ca4daa8fbf,e7bbbff2ce08,873,1
0x043E,1;2,cd122a65c113,94a1fd1bc05e,874,1
0x043F,1,b944ef71035f,b944ef71035f,875,1
0x0440,1;8;13;14,05f6a7c509df,c81a49ae189f,876,1
0x0441,1,d930e7134d16,acd8b0fb0ebb,877,1
0x0442,1,909880f47413,0898a37dbf40,878,1
0x0443,1,cf5d57003803,ce5a734821c7,879,1
0x0444,1,b14e1c4be264,b14e1c4be264,880,1
0x0445,1;2;7;13,ece26f649a38,77327a2cea1a,881,1
0x0446,1,5bc492eb0529,8957369414f8,882,1
0x0447,1,dd45192d23ec,dd45192d23ec,883,1
0x0448,1;2;7;13,3b89b81f3102,3b89b81f3102,884,1
0x0449,2,16fb27f64511,16fb27f64511,885,1
0x044A,2,213a88229a15,213a88229a15,886,1
0x044B,2,f012fe18fba7,8be5494a095e,887,1
0x044C,2,1d06657a9eda,dea1e0ac8683,888,1
0x044D,2,83de94918a50,3f9c8d875cb9,889,1
0x044E,2,9f1355aa4b32,9f1355aa4b32,890,1
0x044F,2,c70b7904c28c,ac41256c4b42,891,1
0x0450,2,ad666da8339f,29500c234ce8,892,1
0x0451,2,5706396eb6e7,5706396eb6e7,893,1
0x0452,7;13,e2ff6c667d7c,f2be7c9cbd07,894,1
0x0453,7;13,5c22740fec16,5c22740fec16,895,1
0x0454,7;13,99446bf1aee3,99446bf1aee3,896,1
0x0455,7;13,06b833c8f6c3,f4f13a20a877,897,1
0x0456,7;13,d5eec035df8f,933a7f0d3a66,898,1
0x0457,7;13,27a9a6ca05a8,5aab85c8fdf8,899,1
0x0458,7;13,ac9cbf32084e,a0ccdda9b466,900,1
0x0459,7;13,9ca391ee35f9,1f1f564aa070,901,1
0x045A,7;13,bcacf6d23d46,bcacf6d23d46,902,1
0x045B,7;13,670dbeae85ac,64764f195211,903,1
0x045C,7;13,9b30b3558884,65ce6be6d1e0,904,1
0x045D,7;13,3cd884c15d49,3cd884c15d49,905,1
0x045E,7;13,636f9e76c01c,bfc0a82eb0cf,906,1
0x045F,7;13,e6183e6e9800,c3100bfa5608,907,1
0x0460,7;13,6a915d456a13,aa59396b71a0,908,1
0x0461,7;13,b23a6aeedf45,0377bf5be8e5,909,1
0x0462,7;13,88eb1470bc08,b652fbedd9fb,910,1
0x0463,7;13,f1da7d91afe4,f1da7d91afe4,911,1
0x0464,7;13,148a8e6501e5,148a8e6501e5,912,1
0x0465,7;13,6d7269d5bad7,ed2ed16197bc,913,1
0x0466,7;13,c728275fc524,722b190ddb82,914,1
0x0467,7;13,8370d52a9b6b,b2400c791f66,915,1
0x0468,7;13,980d29ef145d,980d29ef145d,916,1
0x0469,7;13,7de765553cb8,b9ff9104fee3,917,1
0x046A,7;13,6c204724b991,b96a3378d568,918,1
0x046B,7;13,8e83720bd54f,a578543aad06,919,1
0x046C,7;13,22d3e85f36ea,d48f65c0ff95,920,1
0x046D,7;13,1113bcc10672,1113bcc10672,921,1
0x046E,7;13,da4e3d376252,a0cbcf810969,922,1
0x046F,7;13,e773becd66d6,8d40f0767bcf,923,1
0x0470,7;13,b977b4a1426e,93c91245aeff,924,1
0x0471,8;13;14,74338dbd5faf,74338dbd5faf,925,1
0x0472,8;13;14,a2ffb53e9ebb,deb39f078f5f,926,1
0x0473,8;13;14,b9da4243de31,b9da4243de31,927,1
0x0474,8;13;14,51cca8a74df0,51cca8a74df0,928,1
0x0475,8;13;14,27a9bc64afa1,93f3116407f4,929,1
0x0476,8;13;14,8758f63e752d,5df415da0e3b,930,1
0x0477,8;13;14,00d05db060bb,00d05db060bb,931,1
0x0478,8;13;14,75091afa8ec5,75091afa8ec5,932,1
0x0479,8;13;14,7345ed067c7d,1d84ab71fa83,933,1
0x047A,8;13;14,f988c3f91a37,5af6e7a25575,934,1
0x047B,8;13;14,c40db7d41724,c40db7d41724,935,1
0x047C,8;13;14,b3c7f0d6eee9,5dd47d9422d0,936,1
0x047D,8,a8cb5aebacfb,1ac1164d1316,937,1
0x047E,8,b1ba5a2d2142,d5587b64f5c9,938,1
0x0483,2;13;14,1393d7d8a017,4fa9e91b81f8,939,1
0x0484,2;13;14,bcb0750fbcff,78c336b3f686,940,1
0x0485,2;13;14,65f90bf9f299,b7a53883bb5c,941,1
0x0486,2;13;14,2a357644be62,a8a1a8d90141,942,1
0x0487,4;6;10,09e5e8f2a7c3,a899e847b32d,943,1
0x0488,4;6;10,d8706603931f,d8706603931f,944,1
0x0489,4;6;10,0b4d84637f16,0a3d02441e13,945,1
0x048A,4;6;10,09ef64a63191,09ef64a63191,946,1
0x048B,11,a2226ca3420d,a2226ca3420d,947,1
0x048C,11,ae896da2b34f,ae896da2b34f,948,1
0x048D,11,e6fd882129c5,35d7ea511e7b,949,1
0x048E,11,230e9b5a1608,230e9b5a1608,950,1
0x048F,2,17ac727f0f26,4bcc65aa8e0e,951,1
0x0490,2,d04eb1d36c5c,22672b3891eb,952,1
0x0491,2,4cea98ace5f5,b0ee67561b6f,953,1
0x0492,2;14,2b58049dd896,6050e6ad7996,954,1
0x0493,2;14,b5b8974b64e4,b5b8974b64e4,955,1
0x0494,2;14,443c4d4ac8d9,57c9257a94ec,956,1
0x0495,2;14,2be3f0b53d53,2be3f0b53d53,957,1
0x0496,2;14,69049db761c2,69049db761c2,958,1
0x0497,2;14,b6cc22314159,afc6bc674e83,959,1
0x0498,2;14,855122cf368a,82d627f3165b,960,1
0x0499,2;14,8f5eb364345e,8f5eb364345e,961,1
0x049A,2;14,22a12c982f80,22a12c982f80,962,1
0x049B,2;14,1d52cbd2a307,1d52cbd2a307,963,1
0x049C,2;14,962d07c1065b,284b26549f93,964,1
0x049D,2;14,83f8535c07cd,23fb15615db9,965,1
0x049E,2;14,5bb22e3e46ed,a65b85a119f9,966,1
0x049F,2;14,11040934dd50,7d4cd9f12acb,967,1
0x04A0,2;14,5889404d873f,c71d940ca59e,968,1
0x04A1,2;14,5d3c7b2243a3,65e39dce0f48,969,1
0x04A2,2;14,2320ab305f9e,42b38d90d359,970,1
0x04A3,2;14,fa9dc8c98d6f,18d1bc3eb1d9,971,1
0x04A4,2;14,af6abc581dde,770098865e0f,972,1
0x04A5,2;14,e4f42daf8776,1c6e75d522b8,973,1
0x07FC,5,a8519ad21ccd,a8519ad21ccd,974,1
0x07FD,5,c6bd7701d07d,a2fdb47d5bee,975,1
0x07FE,5,7ea323fd6045,f10dc3c96947,976,1
0x07FF,5,1b325e89eddb,d5866187e4a7,977,1
0x0800,5,4b0c0684650a,5d5a92a45e55,978,1
0x0801,5,6d0c81c1115f,25df2e11574e,979,1
0x0802,5,b1de2983c664,b1de2983c664,980,1
0x0803,5,ade10343f00f,ae24f8c0d5c9,981,1
0x0804,5,404064a5f745,2f41d6489b1c,982,1
0x0805,5,ebf6bda6933e,e0ae7e8771a5,983,1
0x0806,5,c184547721a8,911df01ad3be,984,1
0x0807,5,6bc985d65fa5,6aa39e525843,985,1
0x0808,5,72c9df32c32a,72c9df32c32a,986,1
0x0809,5,7557d7cfbf69,f882edb7a765,987,1
0x080A,5,0a579d334297,422d6f6d197f,988,1
0x080B,5,5d635fe3523f,bda9c143d5f7,989,1
0x080C,5,977960df1dc5,ecfe52ffdc5e,990,1
0x080D,5,7424526863a8,dee45c868c0f,991,1
0x080E,5,de95ad08b4a6,4d0999fc208e,992,1
0x080F,5,ae3f50ecf692,9ebd47470262,993,1
0x0810,5,866c12adb3c9,057796d069be,994,1
0x0811,5,8d30afeed50c,dd6a134975b8,995,1
0x0956,15,8747de0bf7e9,8747de0bf7e9,996,1
0x0957,15,2cd64e4e2035,2cd64e4e2035,997,1
0x0959,15,fe1b0d4d38d4,81f0ba5c22de,998,1
0x095A,15,48f2024096ab,aa3902e31b63,999,1
0x095B,15,caea916b8f40,e8e888552d15,1000,1
0x095C,15,e9e6892aae13,e9e6892aae13,1001,1
0x095D,15,44035f3b4f59,70cdc0abb46e,1002,1
0x095E,15,eef30fbede3c,b76ae5d47f39,1003,1
0x095F,15,896d6f4d8955,bdb7269b4351,1004,1
0x0960,15,e1c55b3b85af,33b3b8386a60,1005,1
0x0961,15,f126a83d5899,bd902682d79b,1006,1
0x0962,15,862b49141f0d,742c8a1164a6,1007,1
0x0963,15,374f7be3e179,36d89e234b26,1008,1
0x0964,15,8c17374818d9,8c17374818d9,1009,1
0x0965,15,56889b92d420,c8a0533bdf45,1010,1
0x0966,15,c1c4addbf3f0,c2bc1508eba9,1011,1
0x0967,15,52f04cd8464b,52f04cd8464b,1012,1
0x0968,15,52f0f73fac84,52f0f73fac84,1013,1
0x0969,15,f457ee1370c3,1c82659928b8,1014,1
0x096A,15,e2e4c3db5eb0,e2e4c3db5eb0,1015,1
0x096B,15,050e648c50b3,050e648c50b3,1016,1
0x096C,15,562ec37e1104,f68ff73b5b0a,1017,1
0x096D,15,a84ae8a9b2c6,a84ae8a9b2c6,1018,1
0x096E,15,aa908f8c8684,9dee2b260f0d,1019,1
0x096F,15,d7cfc38d0efd,d7cfc38d0efd,1020,1
0x0970,15,907e78504d12,907e78504d12,1021,1
0x0971,15,aa8cab13b6f7,aa8cab13b6f7,1022,1
0x0972,15,5b980ce16afa,559e0f62cbc2,1023,1
0x0973,15,2c5391c2c4db,2c5391c2c4db,1024,1
0x0974,15,dfd7b0ca8a41,24215e2cd738,1025,1
0x0975,15,9a5a193a888f,2304cfdc5d88,1026,1
0x0976,15,24ba93fe666a,5496c0b61a83,1027,1
0x0977,15,d1eb92335795,d1eb92335795,1028,1
0x0978,15,c69bb3f854e0,9409e498f40b,1029,1
0x0979,15,e93fd93144a0,7398a1a43eb3,1030,1
0x097A,15,166ddc9c0e43,79b08a6199e0,1031,1
0x097B,15,0d408c921ae9,a3b50c0aef57,1032,1
0x097C,15,c924a79f7261,da6ab7502a33,1033,1
0x097D,15,0e241e8d2fe9,19370f1f43dc,1034,1
0x097E,15,67619231e697,06b8d99d9396,1035,1
0x097F,15,5a109cfc5713,fdcfaafe5a2a,1036,1
0x0980,15,581128fcabe4,8134f980c8d2,1037,1
0x0981,15,8e9dee4805f7,59c8d28e4138,1038,1
0x0982,15,02d8f51d0f55,02d8f51d0f55,1039,1
0x0983,15,f98edc5c3620,f98edc5c3620,1040,1
0x0984,15,013494f48e17,013494f48e17,1041,1
0x0985,15,6aff9390082e,6aff9390082e,1042,1
0x0986,15,8265aa20a850,8265aa20a850,1043,1
0x0987,15,bd98e5cb2be8,bd98e5cb2be8,1044,1
0x0988,15,9ba47eb33284,9ba47eb33284,1045,1
0x0989,15,223f1ef8d858,223f1ef8d858,1046,1
0x098A,15,10f4d6b8b61a,10f4d6b8b61a,1047,1
0x098B,15,03b2c4210306,65d4779f5cb1,1048,1
0x098C,15,1c45d128a25d,cb163b65584a,1049,1
0x098D,15,557885594959,b987b843d539,1050,1
0x098E,15,c131b166084c,d930532b9b31,1051,1
0x098F,15,928f2fb876ab,b53680e3304e,1052,1
0x0990,15,9ba8ea18597c,c5f20203b0f0,1053,1
0x0991,15,6314eb97a62f,b6b39017a515,1054,1
0x0992,15,857a05a8f326,8d7ab7418318,1055,1
0x0993,15,0c912a1cd896,68388e2932c6,1056,1
0x0994,15,76672e298b44,e6cf5e34a80d,1057,1
0x0995,15,601dbf65da53,601dbf65da53,1058,1
0x0996,15,ad2344cda6b8,4dc17ceef56f,1059,1
0x0997,15,c2f0e86ca00a,77fae33f43ea,1060,1
0x0998,15,dc3b1cf1b149,1405b9a174ad,1061,1
0x0999,15,1bdab6c0db5c,7c03e134c3e5,1062,1
0x099A,15,6e587bfac9c9,b6f8fa0f0ac6,1063,1
0x099B,15,80405b29ad65,04360249cbda,1064,1
0x099C,15,ac262a2e5c8a,87d47195e87b,1065,1
0x099D,15,badde6bf1e41,2c7b661aa7d7,1066,1
0x099E,15,4a72e76e4b54,62adf1823bb6,1067,1
0x099F,15,d0c6d971657d,0c7f14ddd976,1068,1
0x09A0,15,4a94908777e0,824611e48afe,1069,1
0x09A1,15,f055be466652,1aa8ac104a83,1070,1
0x09A2,15,50cfcf125087,778ecc110f5b,1071,1
0x09A3,15,9402b9379620,7101b1f908e1,1072,1
0x09A4,15,05844c461145,f938831fddb5,1073,1
0x09A5,15,33dd9b836faa,26da4da19c79,1074,1
0x09A6,15,388523a356de,adadfb3590ed,1075,1
0x09A7,15,7d831708cc9d,7d831708cc9d,1076,1
0x09A8,15,5ccf2866a0c1,2f6fb20be439,1077,1
0x09A9,15,9f136d9742b9,24bf68c5e3eb,1078,1
0x09AA,15,12a33e6cccbd,12a33e6cccbd,1079,1
0x09AB,15,fa051f5403f3,fe06ddcce654,1080,1
0x09AC,15,4956d817c314,72d2fa2eadcd,1081,1
0x09AD,15,c3d8129e805a,4c6024a3aa97,1082,1
0x09AE,15,29146cc7b835,4d053d8804ba,1083,1
0x09AF,15,b25844767420,024688857215,1084,1
0x09B0,15,456cc39aeb96,35e1184c0e13,1085,1
0x09B1,15,d83f6e12ca86,9d946e4f700e,1086,1
0x09B2,15,8505a45a693f,cfa369db5e98,1087,1
0x09B3,15,f394c1dfd635,6c2581b90c8b,1088,1
0x09B4,15,cbb89a010e39,5566056b200f,1089,1
0x09B5,15,a553f9711f75,7e548c19ed87,1090,1
0x09B6,15,a89ad5750a1f,a89ad5750a1f,1091,1
0x09B7,15,5feb30e2a6e5,5feb30e2a6e5,1092,1
0x09B8,15,0c2acda144ab,1b326f8fd506,1093,1
0x09B9,15,211f29955c44,1b4850d7ad33,1094,1
0x09BA,15,cccf0c8396b3,9ed8cdb0f59d,1095,1
0x09BB,15,5927b3bde235,3def109f1573,1096,1
0x09BC,15,cec0d15f5170,cec0d15f5170,1097,1
0x09BD,15,baf5882eb0c5,2e1c6734c2c0,1098,1
0x09BE,15,af56c8efb83b,af56c8efb83b,1099,1
0x09BF,15,e048ea43a020,bfd697f49e6e,1100,1
0x09C0,15,e1ba7a07c484,5a04fd45874d,1101,1
0x09C1,15,b3ff0808fc18,1a3bf32973c0,1102,1
0x09C2,15,03e485adf695,cbb6fef4ba7c,1103,1
0x09C3,15,8c3a547a7b0a,5b30a293be51,1104,1
0x09C4,15,2670c8fd2364,fa2006f56156,1105,1
0x09C5,15,dcf47643f1b0,f940dd641d87,1106,1
0x09C6,15,6a428f2dbef5,9db6cecfdbad,1107,1
0x09C7,15,1d58b3fe9524,dcf4c789c09a,1108,1
0x09C8,15,b56c46819990,deb5ab25a0ea,1109,1
0x09C9,15,b6f5eb3771b5,812a4fda79ad,1110,1
0x09CA,15,8cd4641113b4,b4092f3fe948,1111,1
0x09CB,15,6d293f718dee,d58ab0d7b25d,1112,1
0x09CC,15,6b61a1492c0b,7096192d559e,1113,1
0x09CD,15,b3d7c7ded897,1c3577245dc3,1114,1
0x09CE,15,5c70ccb5bd35,c3200741d965,1115,1
0x09CF,15,bc83666701f3,35e4a4bc55b1,1116,1
0x09D0,15,b2f8a5bd019f,e0b687e9ca69,1117,1
0x09D1,15,52e29bd7caf9,c36a5d5a60ad,1118,1
0x09D2,15,582b7a1500fb,15d8f28ceca6,1119,1
0x09D3,15,cfceb85cc67e,4cec9daeb174,1120,1
0x09D4,15,ed0237303761,17e4a0c6f57b,1121,1
0x09D5,15,f4f9587951da,f31088ba639b,1122,1
0x09D6,15,648363256113,c7d4fe962811,1123,1
0x09D7,15,ab2046aceaea,156d9ec89d7a,1124,1
0x09D8,15,59a15c0a4f7d,ab44b15a6e1e,1125,1
0x09D9,15,3e258e574faf,3e258e574faf,1126,1
0x09DA,15,596424c3741e,649f68fbf874,1127,1
0x09DB,15,1c9f503e6c12,f7940751c18c,1128,1
0x09DC,15,f8abe48be307,56f84225a66c,1129,1
0x09DD,15,5448bd256525,484a5901e5c5,1130,1
0x09DE,15,3c1c4a12c7cd,b3420acb72c7,1131,1
0x09DF,15,e36479a708dc,3f59d9f23453,1132,1
0x09E0,15,8306ac857e66,84ac7055c8ef,1133,1
0x09E1,15,3afba90657eb,3dea64e08919,1134,1
0x09E2,15,9a4fc748085f,9a4fc748085f,1135,1
0x09E3,15,598c15826529,598c15826529,1136,1
0x09E4,15,7118cc48da37,f641752d5d82,1137,1
0x09E5,15,e61d1949035f,bcc3337e41f0,1138,1
0x09E6,15,af66396fe2e9,42cbafa496ec,1139,1
0x09E7,15,73dbd56d185d,73dbd56d185d,1140,1
0x09E8,15,4fa8b56b86a4,c596cea2326b,1141,1
0x09E9,15,2a97298b4eb7,abc53bb31a30,1142,1
0x09EA,15,17dac493d96a,9566d68ef66e,1143,1
0x09EB,15,077af4ab2731,3356724e29e4,1144,1
0x09EC,15,04beb3a3b1f3,1803636a3e62,1145,1
0x09ED,15,7594f3605425,83111f1e08a7,1146,1
0x09EE,15,f642f3ccc3fe,f642f3ccc3fe,1147,1
0x09EF,15,2bcffd399861,a8fb60177778,1148,1
0x09F0,15,99249e134f84,da89d3d02b54,1149,1
0x09F1,15,307d1b97ac91,307d1b97ac91,1150,1
0x09F2,15,f09f9b058825,abe42d546142,1151,1
0x09F3,15,cda691b780a7,5913d02d5428,1152,1
0x09F4,15,c2724bbffc0e,c2724bbffc0e,1153,1
0x09F5,15,5bfe42b4917a,5bfe42b4917a,1154,1
0x09F6,15,121f988a16d8,6e098258a57f,1155,1
0x09F7,15,8480efe8f72f,32bd2db933d2,1156,1
0x09F8,15,9096173fdb71,1521039e5b09,1157,1
0x09F9,15,61e89f1c3f2a,61e89f1c3f2a,1158,1
0x09FA,15,55afcb0ab740,04eeab52e554,1159,1
0x09FB,15,3d85dda3be77,3d85dda3be77,1160,1
0x09FC,15,157f089bb3a6,b0bc7e53a196,1161,1
0x09FD,15,5d4d071acacb,5d4d071acacb,1162,1
0x09FE,15,65ccbc88c9e8,08da132c7218,1163,1
0x09FF,15,c6361687ce5a,721db54f51e6,1164,1
0x0A00,15,915f3f40fa64,e6481accb07a,1165,1
0x0A01,15,0478ad771e28,f1aacd0f4cfe,1166,1
0x0A02,15,eca4281cfbc1,82e0df379d91,1167,1
0x0A03,15,74201547e531,ec3ffa7ca1be,1168,1
0x0A04,15,f5ec3b3433c5,6baf99e39954,1169,1
0x0A05,15,b7e3406610a0,7f621de4c12e,1170,1
0x0A06,15,c5d6a960cc55,c5d6a960cc55,1171,1
0x0A07,15,5fb423f2a6ac,8d305475a79d,1172,1
0x0A08,15,5402deb368b3,5402deb368b3,1173,1
0x0A09,15,354c21cdbac7,d4715c268cf1,1174,1
0x0A0A,15,6a125c7092e8,6a125c7092e8,1175,1
0x0A0B,15,0af272bee924,8e0d921f6e9f,1176,1
0x0A0C,15,59c25c3d9db7,adc5131ec042,1177,1
0x0A0D,15,9eab24b8693a,7c92aefc7d6b,1178,1
0x0A0E,15,63b1476cbe05,0778a4a9afbf,1179,1
0x0A0F,15,308524d40d6a,0c6400b7fb84,1180,1
0x0A10,15,53a74e5e54ca,53a74e5e54ca,1181,1
0x0A11,15,9cf0d5b88c44,9cf0d5b88c44,1182,1
0x0A12,15,2a658f2cd82c,2a658f2cd82c,1183,1
0x0A13,15,0a95faf57e2d,580fd9636df1,1184,1
0x0A14,15,7a2ec6deddbe,d1a1426964ae,1185,1
0x0A15,15,e0aa954861e1,e0aa954861e1,1186,1
0x0A16,15,887199566faf,887199566faf,1187,1
0x0A17,15,f25efc9ea983,5a02533696a3,1188,1
0x0A18,15,d5b76b1ef13c,d5b76b1ef13c,1189,1
0x0A19,15,ad266aa87dba,4640f11928d2,1190,1
0x0A1A,15,85ecb2716bb5,85ecb2716bb5,1191,1
0x0A1B,15,63e795c9c8b4,d118a3bab33b,1192,1
0x0A1C,15,3c283e6a3027,9184996b0194,1193,1
0x0A1D,15,d86d94d75d2b,d86d94d75d2b,1194,1
0x0A1E,15,246c949a79bf,cca9361e1db9,1195,1
0x0A1F,15,f77a983aa851,f77a983aa851,1196,1
0x0A20,15,d8fef1997a2e,ea52be4f720b,1197,1
0x0A21,15,c7a52ded09e5,c7a52ded09e5,1198,1
0x0A22,15,7be233082fdc,1b59a1b5f27b,1199,1
0x0A23,15,d77e50973250,1e14d94e6e1f,1200,1
0x0A24,15,f89245cd57ca,f89245cd57ca,1201,1
0x0A25,15,9f7639c0cfe4,b829425951e2,1202,1
0x0A26,15,b0e5adf85dda,7b1f6c2e9704,1203,1
0x0A27,15,74b65a8bd97d,8b436827408b,1204,1
0x0A28,15,fe6d48ababa1,67b7de46881d,1205,1
0x0A29,15,b00fc3d3efff,b00fc3d3efff,1206,1
0x0A2A,15,73cbbe3286fb,fa05cdcf8296,1207,1
0x0A2B,15,1bd6c8366e7e,66f371e2a3da,1208,1
0x0A2C,15,505018e37152,505018e37152,1209,1
0x0A2D,15,0777ee91dccc,0777ee91dccc,1210,1
0x0A2E,15,c765b7000e0c,1c9dafd11e84,1211,1
0x0A2F,15,c5f93c48446d,ed8d2d852486,1212,1
0x0A30,15,3f8464503061,ad4b31d42aa5,1213,1
0x0A31,15,2f76f2e775d6,2f76f2e775d6,1214,1
0x0A32,15,ac4c86a4f005,5566c15fd186,1215,1
0x0A33,15,60437365110c,d262c79b8561,1216,1
0x0A34,15,d1302586d0e5,682da8e3e3ef,1217,1
0x0A35,15,865608424cdd,865608424cdd,1218,1
0x0A36,15,c1f727703c21,dd4d3dff21b0,1219,1
0x0A37,15,a0ca27d673d3,e2ab79ba5fbf,1220,1
0x0A38,15,8d64e2277488,8d64e2277488,1221,1
0x0A39,15,cd40476d042d,207f2bab68a8,1222,1
0x0A3A,15,b6ff0f045faf,b46cb83425fb,1223,1
0x0A3B,15,13eeae98b461,30e015323635,1224,1
0x0A3C,15,884776ac88c0,62c7c14264ba,1225,1
0x0A3D,15,cae6c6621ad7,ee33b8e7e51b,1226,1
0x0A3E,15,6c1f982702f1,6bb3475d19d4,1227,1
0x0A3F,15,e53f9d3c35db,387aceeab693,1228,1
0x0A40,15,7b209723fd0f,19b8689ed6e9,1229,1
0x0A41,15,d6d82537264a,3d48107885ee,1230,1
0x0A42,15,04b2da061188,f16a7dd552f2,1231,1
0x0A43,15,b52bf8c0bfb2,5f24eb6b5585,1232,1
0x0A44,15,e8f0f84ae52a,b854cc5d330e,1233,1
0x0A45,15,dabeb24ad8f1,8a8fa14aa131,1234,1
0x0A46,15,82b64d02bb05,82b64d02bb05,1235,1
0x0A47,15,2c07eac8741f,f3811865e72f,1236,1
0x0A48,15,f7b4cd7e5bf4,fa30a299fa90,1237,1
0x0A49,15,863a756d7b9d,a3c1e034f9e6,1238,1
0x0A4A,15,12702e6c031d,0c3fb59d9fe5,1239,1
0x0A4B,15,9bee3366d1b3,1f1f9fbdf53b,1240,1
0x0A4C,15,9e2b83982e4d,a8020d526c22,1241,1
0x0A4D,15,1e7bbdff3f4d,63669b102f92,1242,1
0x0A4E,15,f5cf41477b6f,43fcb6c9c3ab,1243,1
0x0A4F,15,d44d5571ce6d,85d386b99e6f,1244,1
0x0A50,15,9cbd0196dd1a,8071f71a38bb,1245,1
0x0A51,15,fee5ced762b1,fee5ced762b1,1246,1
0x0A52,15,d4c098eb900e,51cb0f03d41d,1247,1
0x0A53,15,2d6c86be391a,9dfffdfa9079,1248,1
0x0A54,15,de23442e5fef,1fbb7c5ec15c,1249,1
0x0A55,15,277147a8b79b,0bf4fa960572,1250,1
0x0A56,15,d9905119d71a,ab973335a64a,1251,1
0x0A57,15,10155bf03bb0,195a322ea94a,1252,1
0x0A58,15,6a1b768d3c71,f215bb5fc98e,1253,1
0x0A59,15,ecb6317c7407,6ca04cfd2601,1254,1
0x0A5A,15,0bb1f07daab2,3bd9412c43c8,1255,1
0x0A5B,15,e7cda5e50422,1a62e1f86661,1256,1
0x0A5C,15,2ebfc9041541,b6621798db33,1257,1
0x0A5D,15,f08ca0fbc51e,dcf471d5f325,1258,1
0x0A5E,15,5d840e1e3c8a,30533e3b47bf,1259,1
0x0A5F,15,da8a7be0db1c,e18697466879,1260,1
0x0A60,15,042bc9ec00ed,b82237f7bc07,1261,1
0x0A61,15,b4974c26c438,3ec588e71990,1262,1
0x0A62,15,31d5536b3699,aa984491513a,1263,1
0x0A63,15,4f1be43fdf7b,12d6d7e38509,1264,1
0x0A64,15,d9aac684441a,156067b75908,1265,1
0x0A65,15,405a4cf89175,afde673f7b7b,1266,1
0x0A66,15,5662fee97252,1c1b3cfda204,1267,1
0x0A67,15,9ffd1b657c8f,7a4e63034196,1268,1
0x0A68,15,e74760fbd75f,9428396ee53f,1269,1
0x0A69,15,395c8666d7bb,c0be2cc4131f,1270,1
0x0A6A,15,ae386b49731d,ecf4c8a5d842,1271,1
0x0A6B,15,f74fa34c2609,567ae1e1ede0,1272,1
0x0A6C,15,a67e519d7464,06dd630ed8db,1273,1
0x0A6D,15,0426e28029ad,1357c5bb0c1c,1274,1
0x0A6E,15,646d55c4ce5d,2623d2891c86,1275,1
0x0A6F,15,5c6254b19c9d,34bdcd05cb1c,1276,1
0x0A70,15,5ce8aaa6c5ad,8f9de2b10e1b,1277,1
0x0A71,15,b04bc19c7ea6,df3cd3c8b626,1278,1
0x0A72,15,22ef676d483b,12e45f4c222f,1279,1
0x0A73,15,f786cbb4d7b8,78675cc6ac0e,1280,1
0x0A74,15,db930379739a,c3a44072f4aa,1281,1
0x0A75,15,3bb3a1bcfbba,0308c9419b6c,1282,1
0x0A76,15,464c990331cc,6751391a18b3,1283,1
0x0A77,15,95382add15dd,95382add15dd,1284,1
0x0A78,15,fc6668468ea3,26d16eb85979,1285,1
0x0A79,15,e4e3665153a2,5027785eeb5b,1286,1
0x0A7A,15,69e00a0ba0c1,e13296a2c1f9,1287,1
0x0A7B,15,4a0de7fd9ae1,8864b097e613,1288,1
0x0A7C,15,84b56378c078,15d803f9d264,1289,1
0x0A7D,15,da56b2c10a82,da812d06494f,1290,1
0x0A7E,15,417620a03ca5,089cf15562fe,1291,1
0x0A7F,15,4569e2181b1c,415013499f1d,1292,1
0x0A80,15,e05e7fc0b073,e05e7fc0b073,1293,1
0x0A81,15,4b189ecbd6d7,d07c16c56734,1294,1
0x0A82,15,e87a48df8606,2ac11aefb5c5,1295,1
0x0A83,15,0cfa0c1ba927,0cfa0c1ba927,1296,1
0x0A84,15,9113e33cf5b6,020b29d8559d,1297,1
0x0A85,15,e64c8801a41f,bcafe4f69bfb,1298,1
0x0A86,15,88c6906d10f2,f8bba50d9c1d,1299,1
0x0A87,15,c0d8290ce3c1,da5f29951b2c,1300,1
0x0A88,15,48efa2bd18e0,303766b6bc7a,1301,1
0x0A89,15,715c7bcc0605,c5ed3b6d2986,1302,1
0x0A8A,15,a277f716752c,a277f716752c,1303,1
0x0A8B,15,5976b9b5e641,9165aa33c2aa,1304,1
0x0A8C,15,3c8343a3c559,3c8343a3c559,1305,1
0x0A8D,15,511250c8b60a,511250c8b60a,1306,1
0x0A8E,15,4c40143dd976,e8d9a539be30,1307,1
0x0A8F,15,bada1ed93468,bada1ed93468,1308,1
0x0A90,15,8768b4ac7081,ed9f1688bfe4,1309,1
0x0A91,15,0fe78e20212f,0fe78e20212f,1310,1
0x0A92,15,5075c6ffee36,30ee35e858ee,1311,1
0x0A93,15,5bd7bafcf806,77b71f74989e,1312,1
0x0A94,15,912da97afa2b,912da97afa2b,1313,1
0x0A95,15,98ed71f7b6cd,98ed71f7b6cd,1314,1
